-- phpMyAdmin SQL Dump
-- version 5.2.0
-- https://www.phpmyadmin.net/
--
-- Host: 127.0.0.1
-- Generation Time: Jul 24, 2023 at 12:36 PM
-- Server version: 10.4.27-MariaDB
-- PHP Version: 8.2.0

SET SQL_MODE = "NO_AUTO_VALUE_ON_ZERO";
START TRANSACTION;
SET time_zone = "+00:00";


/*!40101 SET @OLD_CHARACTER_SET_CLIENT=@@CHARACTER_SET_CLIENT */;
/*!40101 SET @OLD_CHARACTER_SET_RESULTS=@@CHARACTER_SET_RESULTS */;
/*!40101 SET @OLD_COLLATION_CONNECTION=@@COLLATION_CONNECTION */;
/*!40101 SET NAMES utf8mb4 */;

--
-- Database: `laptop_store`
--

-- --------------------------------------------------------

--
-- Table structure for table `bills`
--

CREATE TABLE `bills` (
  `id_bill` int(11) NOT NULL COMMENT 'Mã đơn hàng',
  `id_customer` int(11) NOT NULL,
  `receiver_name` varchar(100) NOT NULL COMMENT 'Tên người nhận',
  `receiver_phone` varchar(100) NOT NULL COMMENT 'Số điện thoại người nhận',
  `receiver_address` text NOT NULL COMMENT 'Địa chỉ người nhận',
  `status` tinyint(4) NOT NULL DEFAULT 0 COMMENT 'Trạng thái của đơn hàng. \r\n- 0 là đang xử lý, \r\n-1 là đã xử lý, \r\n- 2 là đang đóng gói và vận chuyển, \r\n- 3 là đang vận chuyển đến người nhận,\r\n- 4 là nhận hàng thành công, \r\n- 5 là user từ chối nhận hàng\r\n- 6 là user hủy đơn',
  `purchase_date` datetime DEFAULT current_timestamp() COMMENT 'Ngày mua '
) ENGINE=InnoDB DEFAULT CHARSET=utf8mb4 COLLATE=utf8mb4_general_ci;

-- --------------------------------------------------------

--
-- Table structure for table `categories`
--

CREATE TABLE `categories` (
  `id_category` int(11) NOT NULL COMMENT 'Mã loại hàng',
  `name` varchar(255) NOT NULL COMMENT 'Tên của loại hàng',
  `created_at` datetime DEFAULT NULL COMMENT 'Ngày tạo ',
  `updated_at` datetime DEFAULT NULL COMMENT 'Ngày cập nhật'
) ENGINE=InnoDB DEFAULT CHARSET=utf8mb4 COLLATE=utf8mb4_general_ci;

--
-- Dumping data for table `categories`
--

INSERT INTO `categories` (`id_category`, `name`, `created_at`, `updated_at`) VALUES
(1, 'Laptop', '2023-06-29 10:11:19', '2023-06-29 10:11:19'),
(2, 'Điện thoại', '2023-06-29 10:11:19', '2023-06-29 10:11:19'),
(3, 'Tablet', '2023-06-29 10:11:19', '2023-06-29 10:11:19');

-- --------------------------------------------------------

--
-- Table structure for table `comments`
--

CREATE TABLE `comments` (
  `id_comment` int(11) NOT NULL COMMENT 'Mã bình luận',
  `id_product` int(11) NOT NULL COMMENT 'Mã sản phẩm',
  `id_user` int(11) NOT NULL,
  `content` text NOT NULL COMMENT 'Nội dung bình luận ',
  `censorship` tinyint(4) NOT NULL DEFAULT 0 COMMENT '0 là chưa kiểm duyệt, 1 là đã ẩn, 2 là đã kiểm duyệt và đang đăng bán',
  `day_post` datetime DEFAULT NULL COMMENT 'Ngày tạo ',
  `updated_at` datetime DEFAULT NULL COMMENT 'Ngày cập nhật'
) ENGINE=InnoDB DEFAULT CHARSET=utf8mb4 COLLATE=utf8mb4_general_ci;

--
-- Dumping data for table `comments`
--

-- --------------------------------------------------------

--
-- Table structure for table `customers`
--

CREATE TABLE `customers` (
  `id_customer` int(11) NOT NULL,
  `id_user` int(11) DEFAULT NULL,
  `full_name` varchar(100) NOT NULL,
  `phone` varchar(20) NOT NULL,
  `address` text NOT NULL,
  `note` varchar(100) DEFAULT NULL
) ENGINE=InnoDB DEFAULT CHARSET=utf8mb4 COLLATE=utf8mb4_general_ci;

-- --------------------------------------------------------

--
-- Table structure for table `detail_bills`
--

CREATE TABLE `detail_bills` (
  `id_detailbill` int(11) NOT NULL COMMENT 'Mã chi tiết đơn hàng',
  `id_bill` int(11) NOT NULL COMMENT 'Mã đơn hàng',
  `id_product` int(11) NOT NULL COMMENT 'Mã sản phẩm',
  `name_product` varchar(255) NOT NULL COMMENT 'Tên của sản phẩm',
  `price` int(11) UNSIGNED NOT NULL COMMENT 'Giá của sản phẩm ',
  `amount` int(11) UNSIGNED NOT NULL COMMENT 'Số lượng sản phẩm'
) ENGINE=InnoDB DEFAULT CHARSET=utf8mb4 COLLATE=utf8mb4_general_ci;

-- --------------------------------------------------------

--
-- Table structure for table `products`
--

CREATE TABLE `products` (
  `id_product` int(11) NOT NULL COMMENT 'Mã sản phẩm',
  `id_category` int(11) NOT NULL COMMENT 'Mã loại hàng',
  `firms` varchar(255) NOT NULL COMMENT 'Hãng của sản phẩm',
  `name` varchar(255) NOT NULL COMMENT 'Tên của sản phẩm',
  `price` int(11) UNSIGNED NOT NULL COMMENT 'Giá của sản phẩm ',
  `discount` int(11) UNSIGNED NOT NULL COMMENT 'Giảm giá của sản phẩm. Mặc định là 0% và giảm tối đa 20%',
  `description` text DEFAULT NULL COMMENT 'Mô tả của sản phẩm',
  `img_product` varchar(255) DEFAULT NULL COMMENT 'Hình ảnh của sản phẩm',
  `censorship` tinyint(4) NOT NULL DEFAULT 0 COMMENT '0 là chưa kiểm duyệt, 1 là đã ẩn, 2 là đã kiểm duyệt và đang đăng bán',
  `view` int(11) NOT NULL DEFAULT 0 COMMENT 'Số lượt xem của sản phẩm',
  `created_at` datetime DEFAULT NULL COMMENT 'Ngày tạo ',
  `updated_at` datetime DEFAULT NULL COMMENT 'Ngày cập nhật'
) ENGINE=InnoDB DEFAULT CHARSET=utf8mb4 COLLATE=utf8mb4_general_ci;

--
-- Dumping data for table `products`
--

INSERT INTO `products` (`id_product`, `id_category`, `firms`, `name`, `price`, `discount`, `description`, `img_product`, `censorship`, `view`, `created_at`, `updated_at`) VALUES
(101, 1, 'MSI', 'Laptop MSI Pavilion 15 AMD Ryzen 5 16MB', 30000000, 11, 'Laptop MSI Pavilion 15 AMD Ryzen 5 16MB thuộc dòng sản phẩm của hãng MSI hỗ trợ học tập, làm việc cũng như giải trí. \r\n    Với core AMD Ryzen 5 mạnh mẽ, cùng với dung lượng RAM 16MB, Laptop MSIPavilion 15 sẽ giúp bạn xử lý công việc một cách \r\n    mượt mà và nhanh chóng.', 'msi5.png', 2, 141, '2023-06-29 10:29:43', '2023-06-29 10:29:43'),
(102, 1, 'HP', 'Laptop HP Ideapad Intel Core i9 16MB', 34000000, 39, 'Laptop HP Ideapad Intel Core i9 16MB thuộc dòng sản phẩm của hãng HP hỗ trợ học tập, làm việc cũng như giải trí. \r\n    Với core Intel Core i9 mạnh mẽ, cùng với dung lượng RAM 16MB, Laptop HPIdeapad sẽ giúp bạn xử lý công việc một cách \r\n    mượt mà và nhanh chóng.', 'hp1.png', 1, 79, '2023-06-29 10:29:43', '2023-06-29 10:29:43'),
(103, 1, 'Lenovo', 'Laptop Lenovo Vivobook AMD Ryzen 3 32MB', 26000000, 21, 'Laptop Lenovo Vivobook AMD Ryzen 3 32MB thuộc dòng sản phẩm của hãng Lenovo hỗ trợ học tập, làm việc cũng như giải trí. \r\n    Với core AMD Ryzen 3 mạnh mẽ, cùng với dung lượng RAM 32MB, Laptop LenovoVivobook sẽ giúp bạn xử lý công việc một cách \r\n    mượt mà và nhanh chóng.', 'lenovo7.png', 1, 152, '2023-06-29 10:29:43', '2023-06-29 10:29:43'),
(104, 1, 'Lenovo', 'Laptop Lenovo Legion 5 AMD Ryzen 7 8MB', 26000000, 18, 'Laptop Lenovo Legion 5 AMD Ryzen 7 8MB thuộc dòng sản phẩm của hãng Lenovo hỗ trợ học tập, làm việc cũng như giải trí. \r\n    Với core AMD Ryzen 7 mạnh mẽ, cùng với dung lượng RAM 8MB, Laptop LenovoLegion 5 sẽ giúp bạn xử lý công việc một cách \r\n    mượt mà và nhanh chóng.', 'lenovo1.png', 0, 11, '2023-06-29 10:29:43', '2023-06-29 10:29:43'),
(105, 1, 'HP', 'Laptop HP Ideapad Intel Core i7 32MB', 30000000, 30, 'Laptop HP Ideapad Intel Core i7 32MB thuộc dòng sản phẩm của hãng HP hỗ trợ học tập, làm việc cũng như giải trí. \r\n    Với core Intel Core i7 mạnh mẽ, cùng với dung lượng RAM 32MB, Laptop HPIdeapad sẽ giúp bạn xử lý công việc một cách \r\n    mượt mà và nhanh chóng.', 'hp3.png', 0, 150, '2023-06-29 10:29:43', '2023-06-29 10:29:43'),
(106, 1, 'MSI', 'Laptop MSI Nitro 16 Phoenix Intel Core i5 16MB', 34000000, 10, 'Laptop MSI Nitro 16 Phoenix Intel Core i5 16MB thuộc dòng sản phẩm của hãng MSI hỗ trợ học tập, làm việc cũng như giải trí. \r\n    Với core Intel Core i5 mạnh mẽ, cùng với dung lượng RAM 16MB, Laptop MSINitro 16 Phoenix sẽ giúp bạn xử lý công việc một cách \r\n    mượt mà và nhanh chóng.', 'msi3.png', 0, 91, '2023-06-29 10:29:43', '2023-06-29 10:29:43'),
(107, 1, 'LG', 'Laptop LG Nitro 5 Eagle Intel Core i9 32MB', 26000000, 39, 'Laptop LG Nitro 5 Eagle Intel Core i9 32MB thuộc dòng sản phẩm của hãng LG hỗ trợ học tập, làm việc cũng như giải trí. \r\n    Với core Intel Core i9 mạnh mẽ, cùng với dung lượng RAM 32MB, Laptop LGNitro 5 Eagle sẽ giúp bạn xử lý công việc một cách \r\n    mượt mà và nhanh chóng.', 'lg3.png', 1, 102, '2023-06-29 10:29:43', '2023-06-29 10:29:43'),
(108, 1, 'MSI', 'Laptop MSI Vivobook Intel Core i5 8MB', 22000000, 39, 'Laptop MSI Vivobook Intel Core i5 8MB thuộc dòng sản phẩm của hãng MSI hỗ trợ học tập, làm việc cũng như giải trí. \r\n    Với core Intel Core i5 mạnh mẽ, cùng với dung lượng RAM 8MB, Laptop MSIVivobook sẽ giúp bạn xử lý công việc một cách \r\n    mượt mà và nhanh chóng.', 'msi2.png', 0, 162, '2023-06-29 10:29:43', '2023-06-29 10:29:43'),
(109, 1, 'Dell', 'Laptop Dell Aspire 3 Intel Core i5 32MB', 26000000, 5, 'Laptop Dell Aspire 3 Intel Core i5 32MB thuộc dòng sản phẩm của hãng Dell hỗ trợ học tập, làm việc cũng như giải trí. \r\n    Với core Intel Core i5 mạnh mẽ, cùng với dung lượng RAM 32MB, Laptop DellAspire 3 sẽ giúp bạn xử lý công việc một cách \r\n    mượt mà và nhanh chóng.', 'dell3.png', 1, 193, '2023-06-29 10:29:43', '2023-06-29 10:29:43'),
(110, 1, 'LG', 'Laptop LG Ideapad AMD Ryzen 7 32MB', 34000000, 7, 'Laptop LG Ideapad AMD Ryzen 7 32MB thuộc dòng sản phẩm của hãng LG hỗ trợ học tập, làm việc cũng như giải trí. \r\n    Với core AMD Ryzen 7 mạnh mẽ, cùng với dung lượng RAM 32MB, Laptop LGIdeapad sẽ giúp bạn xử lý công việc một cách \r\n    mượt mà và nhanh chóng.', 'lg5.png', 1, 133, '2023-06-29 10:29:43', '2023-06-29 10:29:43'),
(111, 1, 'Lenovo', 'Laptop Lenovo Pavilion 15 Intel Core i5 8MB', 22000000, 4, 'Laptop Lenovo Pavilion 15 Intel Core i5 8MB thuộc dòng sản phẩm của hãng Lenovo hỗ trợ học tập, làm việc cũng như giải trí. \r\n    Với core Intel Core i5 mạnh mẽ, cùng với dung lượng RAM 8MB, Laptop LenovoPavilion 15 sẽ giúp bạn xử lý công việc một cách \r\n    mượt mà và nhanh chóng.', 'lenovo2.png', 2, 182, '2023-06-29 10:29:43', '2023-06-29 10:29:43'),
(112, 1, 'Lenovo', 'Laptop Lenovo Aspire 3 Intel Core i7 8MB', 26000000, 35, 'Laptop Lenovo Aspire 3 Intel Core i7 8MB thuộc dòng sản phẩm của hãng Lenovo hỗ trợ học tập, làm việc cũng như giải trí. \r\n    Với core Intel Core i7 mạnh mẽ, cùng với dung lượng RAM 8MB, Laptop LenovoAspire 3 sẽ giúp bạn xử lý công việc một cách \r\n    mượt mà và nhanh chóng.', 'lenovo1.png', 2, 32, '2023-06-29 10:29:43', '2023-06-29 10:29:43'),
(113, 1, 'Acer', 'Laptop Acer Legion 5 Intel Core i3 8MB', 34000000, 30, 'Laptop Acer Legion 5 Intel Core i3 8MB thuộc dòng sản phẩm của hãng Acer hỗ trợ học tập, làm việc cũng như giải trí. \r\n    Với core Intel Core i3 mạnh mẽ, cùng với dung lượng RAM 8MB, Laptop AcerLegion 5 sẽ giúp bạn xử lý công việc một cách \r\n    mượt mà và nhanh chóng.', 'acer7.png', 0, 14, '2023-06-29 10:29:43', '2023-06-29 10:29:43'),
(114, 1, 'Asus', 'Laptop Asus Nitro 16 Phoenix AMD Ryzen 7 32MB', 26000000, 39, 'Laptop Asus Nitro 16 Phoenix AMD Ryzen 7 32MB thuộc dòng sản phẩm của hãng Asus hỗ trợ học tập, làm việc cũng như giải trí. \r\n    Với core AMD Ryzen 7 mạnh mẽ, cùng với dung lượng RAM 32MB, Laptop AsusNitro 16 Phoenix sẽ giúp bạn xử lý công việc một cách \r\n    mượt mà và nhanh chóng.', 'asus3.png', 0, 76, '2023-06-29 10:29:43', '2023-06-29 10:29:43'),
(115, 1, 'Acer', 'Laptop Acer Aspire 3 Intel Core i5 16MB', 26000000, 26, 'Laptop Acer Aspire 3 Intel Core i5 16MB thuộc dòng sản phẩm của hãng Acer hỗ trợ học tập, làm việc cũng như giải trí. \r\n    Với core Intel Core i5 mạnh mẽ, cùng với dung lượng RAM 16MB, Laptop AcerAspire 3 sẽ giúp bạn xử lý công việc một cách \r\n    mượt mà và nhanh chóng.', 'acer6.png', 0, 190, '2023-06-29 10:29:43', '2023-06-29 10:29:43'),
(116, 1, 'Dell', 'Laptop Dell Aspire 3 AMD Ryzen 7 32MB', 26000000, 32, 'Laptop Dell Aspire 3 AMD Ryzen 7 32MB thuộc dòng sản phẩm của hãng Dell hỗ trợ học tập, làm việc cũng như giải trí. \r\n    Với core AMD Ryzen 7 mạnh mẽ, cùng với dung lượng RAM 32MB, Laptop DellAspire 3 sẽ giúp bạn xử lý công việc một cách \r\n    mượt mà và nhanh chóng.', 'dell7.png', 1, 76, '2023-06-29 10:29:43', '2023-06-29 10:29:43'),
(117, 1, 'MSI', 'Laptop MSI Ideapad AMD Ryzen 3 8MB', 26000000, 5, 'Laptop MSI Ideapad AMD Ryzen 3 8MB thuộc dòng sản phẩm của hãng MSI hỗ trợ học tập, làm việc cũng như giải trí. \r\n    Với core AMD Ryzen 3 mạnh mẽ, cùng với dung lượng RAM 8MB, Laptop MSIIdeapad sẽ giúp bạn xử lý công việc một cách \r\n    mượt mà và nhanh chóng.', 'msi1.png', 2, 104, '2023-06-29 10:29:43', '2023-06-29 10:29:43'),
(118, 1, 'HP', 'Laptop HP Ideapad Intel Core i3 32MB', 34000000, 36, 'Laptop HP Ideapad Intel Core i3 32MB thuộc dòng sản phẩm của hãng HP hỗ trợ học tập, làm việc cũng như giải trí. \r\n    Với core Intel Core i3 mạnh mẽ, cùng với dung lượng RAM 32MB, Laptop HPIdeapad sẽ giúp bạn xử lý công việc một cách \r\n    mượt mà và nhanh chóng.', 'hp2.png', 0, 34, '2023-06-29 10:29:43', '2023-06-29 10:29:43'),
(119, 1, 'Dell', 'Laptop Dell Nitro 5 Eagle AMD Ryzen 5 8MB', 22000000, 0, 'Laptop Dell Nitro 5 Eagle AMD Ryzen 5 8MB thuộc dòng sản phẩm của hãng Dell hỗ trợ học tập, làm việc cũng như giải trí. \r\n    Với core AMD Ryzen 5 mạnh mẽ, cùng với dung lượng RAM 8MB, Laptop DellNitro 5 Eagle sẽ giúp bạn xử lý công việc một cách \r\n    mượt mà và nhanh chóng.', 'dell6.png', 1, 18, '2023-06-29 10:29:43', '2023-06-29 10:29:43'),
(120, 1, 'LG', 'Laptop LG Nitro 5 Eagle Intel Core i9 32MB', 34000000, 15, 'Laptop LG Nitro 5 Eagle Intel Core i9 32MB thuộc dòng sản phẩm của hãng LG hỗ trợ học tập, làm việc cũng như giải trí. \r\n    Với core Intel Core i9 mạnh mẽ, cùng với dung lượng RAM 32MB, Laptop LGNitro 5 Eagle sẽ giúp bạn xử lý công việc một cách \r\n    mượt mà và nhanh chóng.', 'lg5.png', 0, 191, '2023-06-29 10:29:43', '2023-06-29 10:29:43'),
(121, 1, 'Dell', 'Laptop Dell Pavilion 15 Intel Core i3 32MB', 26000000, 16, 'Laptop Dell Pavilion 15 Intel Core i3 32MB thuộc dòng sản phẩm của hãng Dell hỗ trợ học tập, làm việc cũng như giải trí. \r\n    Với core Intel Core i3 mạnh mẽ, cùng với dung lượng RAM 32MB, Laptop DellPavilion 15 sẽ giúp bạn xử lý công việc một cách \r\n    mượt mà và nhanh chóng.', 'dell4.png', 1, 185, '2023-06-29 10:29:43', '2023-06-29 10:29:43'),
(122, 1, 'HP', 'Laptop HP Ideapad Intel Core i3 16MB', 26000000, 9, 'Laptop HP Ideapad Intel Core i3 16MB thuộc dòng sản phẩm của hãng HP hỗ trợ học tập, làm việc cũng như giải trí. \r\n    Với core Intel Core i3 mạnh mẽ, cùng với dung lượng RAM 16MB, Laptop HPIdeapad sẽ giúp bạn xử lý công việc một cách \r\n    mượt mà và nhanh chóng.', 'hp3.png', 1, 24, '2023-06-29 10:29:43', '2023-06-29 10:29:43'),
(123, 1, 'Lenovo', 'Laptop Lenovo Pavilion 15 AMD Ryzen 7 32MB', 22000000, 5, 'Laptop Lenovo Pavilion 15 AMD Ryzen 7 32MB thuộc dòng sản phẩm của hãng Lenovo hỗ trợ học tập, làm việc cũng như giải trí. \r\n    Với core AMD Ryzen 7 mạnh mẽ, cùng với dung lượng RAM 32MB, Laptop LenovoPavilion 15 sẽ giúp bạn xử lý công việc một cách \r\n    mượt mà và nhanh chóng.', 'lenovo1.png', 1, 118, '2023-06-29 10:29:43', '2023-06-29 10:29:43'),
(124, 1, 'HP', 'Laptop HP Vivobook Intel Core i5 32MB', 22000000, 9, 'Laptop HP Vivobook Intel Core i5 32MB thuộc dòng sản phẩm của hãng HP hỗ trợ học tập, làm việc cũng như giải trí. \r\n    Với core Intel Core i5 mạnh mẽ, cùng với dung lượng RAM 32MB, Laptop HPVivobook sẽ giúp bạn xử lý công việc một cách \r\n    mượt mà và nhanh chóng.', 'hp6.png', 0, 114, '2023-06-29 10:29:43', '2023-06-29 10:29:43'),
(125, 1, 'Lenovo', 'Laptop Lenovo Nitro 16 Phoenix Intel Core i5 8MB', 26000000, 4, 'Laptop Lenovo Nitro 16 Phoenix Intel Core i5 8MB thuộc dòng sản phẩm của hãng Lenovo hỗ trợ học tập, làm việc cũng như giải trí. \r\n    Với core Intel Core i5 mạnh mẽ, cùng với dung lượng RAM 8MB, Laptop LenovoNitro 16 Phoenix sẽ giúp bạn xử lý công việc một cách \r\n    mượt mà và nhanh chóng.', 'lenovo2.png', 1, 137, '2023-06-29 10:29:43', '2023-06-29 10:29:43'),
(126, 1, 'Lenovo', 'Laptop Lenovo Ideapad Intel Core i3 32MB', 22000000, 39, 'Laptop Lenovo Ideapad Intel Core i3 32MB thuộc dòng sản phẩm của hãng Lenovo hỗ trợ học tập, làm việc cũng như giải trí. \r\n    Với core Intel Core i3 mạnh mẽ, cùng với dung lượng RAM 32MB, Laptop LenovoIdeapad sẽ giúp bạn xử lý công việc một cách \r\n    mượt mà và nhanh chóng.', 'lenovo4.png', 2, 182, '2023-06-29 10:29:43', '2023-06-29 10:29:43'),
(127, 1, 'HP', 'Laptop HP Ideapad Intel Core i7 8MB', 22000000, 33, 'Laptop HP Ideapad Intel Core i7 8MB thuộc dòng sản phẩm của hãng HP hỗ trợ học tập, làm việc cũng như giải trí. \r\n    Với core Intel Core i7 mạnh mẽ, cùng với dung lượng RAM 8MB, Laptop HPIdeapad sẽ giúp bạn xử lý công việc một cách \r\n    mượt mà và nhanh chóng.', 'hp2.png', 1, 67, '2023-06-29 10:29:43', '2023-06-29 10:29:43'),
(128, 1, 'Lenovo', 'Laptop Lenovo Vivobook Intel Core i9 16MB', 30000000, 26, 'Laptop Lenovo Vivobook Intel Core i9 16MB thuộc dòng sản phẩm của hãng Lenovo hỗ trợ học tập, làm việc cũng như giải trí. \r\n    Với core Intel Core i9 mạnh mẽ, cùng với dung lượng RAM 16MB, Laptop LenovoVivobook sẽ giúp bạn xử lý công việc một cách \r\n    mượt mà và nhanh chóng.', 'lenovo5.png', 2, 123, '2023-06-29 10:29:43', '2023-06-29 10:29:43'),
(129, 1, 'MSI', 'Laptop MSI Nitro 16 Phoenix Intel Core i9 8MB', 34000000, 33, 'Laptop MSI Nitro 16 Phoenix Intel Core i9 8MB thuộc dòng sản phẩm của hãng MSI hỗ trợ học tập, làm việc cũng như giải trí. \r\n    Với core Intel Core i9 mạnh mẽ, cùng với dung lượng RAM 8MB, Laptop MSINitro 16 Phoenix sẽ giúp bạn xử lý công việc một cách \r\n    mượt mà và nhanh chóng.', 'msi2.png', 0, 184, '2023-06-29 10:29:43', '2023-06-29 10:29:43'),
(130, 1, 'LG', 'Laptop LG Nitro 5 Eagle AMD Ryzen 5 16MB', 34000000, 38, 'Laptop LG Nitro 5 Eagle AMD Ryzen 5 16MB thuộc dòng sản phẩm của hãng LG hỗ trợ học tập, làm việc cũng như giải trí. \r\n    Với core AMD Ryzen 5 mạnh mẽ, cùng với dung lượng RAM 16MB, Laptop LGNitro 5 Eagle sẽ giúp bạn xử lý công việc một cách \r\n    mượt mà và nhanh chóng.', 'lg5.png', 0, 136, '2023-06-29 10:29:43', '2023-06-29 10:29:43'),
(131, 1, 'HP', 'Laptop HP Pavilion 15 AMD Ryzen 5 8MB', 30000000, 33, 'Laptop HP Pavilion 15 AMD Ryzen 5 8MB thuộc dòng sản phẩm của hãng HP hỗ trợ học tập, làm việc cũng như giải trí. \r\n    Với core AMD Ryzen 5 mạnh mẽ, cùng với dung lượng RAM 8MB, Laptop HPPavilion 15 sẽ giúp bạn xử lý công việc một cách \r\n    mượt mà và nhanh chóng.', 'hp1.png', 0, 77, '2023-06-29 10:29:43', '2023-06-29 10:29:43'),
(132, 1, 'Asus', 'Laptop Asus Nitro 16 Phoenix Intel Core i7 16MB', 26000000, 40, 'Laptop Asus Nitro 16 Phoenix Intel Core i7 16MB thuộc dòng sản phẩm của hãng Asus hỗ trợ học tập, làm việc cũng như giải trí. \r\n    Với core Intel Core i7 mạnh mẽ, cùng với dung lượng RAM 16MB, Laptop AsusNitro 16 Phoenix sẽ giúp bạn xử lý công việc một cách \r\n    mượt mà và nhanh chóng.', 'asus4.png', 0, 106, '2023-06-29 10:29:43', '2023-06-29 10:29:43'),
(133, 1, 'Lenovo', 'Laptop Lenovo Aspire 3 Intel Core i5 32MB', 26000000, 15, 'Laptop Lenovo Aspire 3 Intel Core i5 32MB thuộc dòng sản phẩm của hãng Lenovo hỗ trợ học tập, làm việc cũng như giải trí. \r\n    Với core Intel Core i5 mạnh mẽ, cùng với dung lượng RAM 32MB, Laptop LenovoAspire 3 sẽ giúp bạn xử lý công việc một cách \r\n    mượt mà và nhanh chóng.', 'lenovo5.png', 1, 107, '2023-06-29 10:29:43', '2023-06-29 10:29:43'),
(134, 1, 'LG', 'Laptop LG Ideapad AMD Ryzen 3 8MB', 34000000, 2, 'Laptop LG Ideapad AMD Ryzen 3 8MB thuộc dòng sản phẩm của hãng LG hỗ trợ học tập, làm việc cũng như giải trí. \r\n    Với core AMD Ryzen 3 mạnh mẽ, cùng với dung lượng RAM 8MB, Laptop LGIdeapad sẽ giúp bạn xử lý công việc một cách \r\n    mượt mà và nhanh chóng.', 'lg6.png', 1, 142, '2023-06-29 10:29:43', '2023-06-29 10:29:43'),
(135, 1, 'LG', 'Laptop LG Aspire 3 Intel Core i7 8MB', 22000000, 34, 'Laptop LG Aspire 3 Intel Core i7 8MB thuộc dòng sản phẩm của hãng LG hỗ trợ học tập, làm việc cũng như giải trí. \r\n    Với core Intel Core i7 mạnh mẽ, cùng với dung lượng RAM 8MB, Laptop LGAspire 3 sẽ giúp bạn xử lý công việc một cách \r\n    mượt mà và nhanh chóng.', 'lg2.png', 2, 110, '2023-06-29 10:29:43', '2023-06-29 10:29:43'),
(136, 1, 'Asus', 'Laptop Asus Pavilion 15 Intel Core i3 16MB', 26000000, 21, 'Laptop Asus Pavilion 15 Intel Core i3 16MB thuộc dòng sản phẩm của hãng Asus hỗ trợ học tập, làm việc cũng như giải trí. \r\n    Với core Intel Core i3 mạnh mẽ, cùng với dung lượng RAM 16MB, Laptop AsusPavilion 15 sẽ giúp bạn xử lý công việc một cách \r\n    mượt mà và nhanh chóng.', 'asus1.png', 0, 72, '2023-06-29 10:29:43', '2023-06-29 10:29:43'),
(137, 1, 'Lenovo', 'Laptop Lenovo Nitro 5 Eagle AMD Ryzen 7 16MB', 26000000, 20, 'Laptop Lenovo Nitro 5 Eagle AMD Ryzen 7 16MB thuộc dòng sản phẩm của hãng Lenovo hỗ trợ học tập, làm việc cũng như giải trí. \r\n    Với core AMD Ryzen 7 mạnh mẽ, cùng với dung lượng RAM 16MB, Laptop LenovoNitro 5 Eagle sẽ giúp bạn xử lý công việc một cách \r\n    mượt mà và nhanh chóng.', 'lenovo7.png', 2, 165, '2023-06-29 10:29:43', '2023-06-29 10:29:43'),
(138, 1, 'HP', 'Laptop HP Legion 5 Intel Core i9 16MB', 26000000, 12, 'Laptop HP Legion 5 Intel Core i9 16MB thuộc dòng sản phẩm của hãng HP hỗ trợ học tập, làm việc cũng như giải trí. \r\n    Với core Intel Core i9 mạnh mẽ, cùng với dung lượng RAM 16MB, Laptop HPLegion 5 sẽ giúp bạn xử lý công việc một cách \r\n    mượt mà và nhanh chóng.', 'hp3.png', 1, 105, '2023-06-29 10:29:43', '2023-06-29 10:29:43'),
(139, 1, 'Acer', 'Laptop Acer Vivobook Intel Core i9 8MB', 34000000, 8, 'Laptop Acer Vivobook Intel Core i9 8MB thuộc dòng sản phẩm của hãng Acer hỗ trợ học tập, làm việc cũng như giải trí. \r\n    Với core Intel Core i9 mạnh mẽ, cùng với dung lượng RAM 8MB, Laptop AcerVivobook sẽ giúp bạn xử lý công việc một cách \r\n    mượt mà và nhanh chóng.', 'acer1.png', 1, 87, '2023-06-29 10:29:43', '2023-06-29 10:29:43'),
(140, 1, 'Asus', 'Laptop Asus Ideapad AMD Ryzen 7 8MB', 26000000, 34, 'Laptop Asus Ideapad AMD Ryzen 7 8MB thuộc dòng sản phẩm của hãng Asus hỗ trợ học tập, làm việc cũng như giải trí. \r\n    Với core AMD Ryzen 7 mạnh mẽ, cùng với dung lượng RAM 8MB, Laptop AsusIdeapad sẽ giúp bạn xử lý công việc một cách \r\n    mượt mà và nhanh chóng.', 'asus7.png', 1, 131, '2023-06-29 10:29:43', '2023-06-29 10:29:43'),
(141, 1, 'LG', 'Laptop LG Legion 5 Intel Core i3 8MB', 22000000, 21, 'Laptop LG Legion 5 Intel Core i3 8MB thuộc dòng sản phẩm của hãng LG hỗ trợ học tập, làm việc cũng như giải trí. \r\n    Với core Intel Core i3 mạnh mẽ, cùng với dung lượng RAM 8MB, Laptop LGLegion 5 sẽ giúp bạn xử lý công việc một cách \r\n    mượt mà và nhanh chóng.', 'lg2.png', 1, 176, '2023-06-29 10:29:43', '2023-06-29 10:29:43'),
(142, 1, 'Lenovo', 'Laptop Lenovo Pavilion 15 AMD Ryzen 3 8MB', 22000000, 34, 'Laptop Lenovo Pavilion 15 AMD Ryzen 3 8MB thuộc dòng sản phẩm của hãng Lenovo hỗ trợ học tập, làm việc cũng như giải trí. \r\n    Với core AMD Ryzen 3 mạnh mẽ, cùng với dung lượng RAM 8MB, Laptop LenovoPavilion 15 sẽ giúp bạn xử lý công việc một cách \r\n    mượt mà và nhanh chóng.', 'lenovo6.png', 0, 176, '2023-06-29 10:29:43', '2023-06-29 10:29:43'),
(143, 1, 'HP', 'Laptop HP Nitro 5 Eagle Intel Core i3 32MB', 30000000, 36, 'Laptop HP Nitro 5 Eagle Intel Core i3 32MB thuộc dòng sản phẩm của hãng HP hỗ trợ học tập, làm việc cũng như giải trí. \r\n    Với core Intel Core i3 mạnh mẽ, cùng với dung lượng RAM 32MB, Laptop HPNitro 5 Eagle sẽ giúp bạn xử lý công việc một cách \r\n    mượt mà và nhanh chóng.', 'hp4.png', 2, 34, '2023-06-29 10:29:43', '2023-06-29 10:29:43'),
(144, 1, 'Lenovo', 'Laptop Lenovo Vivobook Intel Core i5 16MB', 26000000, 23, 'Laptop Lenovo Vivobook Intel Core i5 16MB thuộc dòng sản phẩm của hãng Lenovo hỗ trợ học tập, làm việc cũng như giải trí. \r\n    Với core Intel Core i5 mạnh mẽ, cùng với dung lượng RAM 16MB, Laptop LenovoVivobook sẽ giúp bạn xử lý công việc một cách \r\n    mượt mà và nhanh chóng.', 'lenovo4.png', 2, 101, '2023-06-29 10:29:43', '2023-06-29 10:29:43'),
(145, 1, 'HP', 'Laptop HP Pavilion 15 Intel Core i7 32MB', 26000000, 31, 'Laptop HP Pavilion 15 Intel Core i7 32MB thuộc dòng sản phẩm của hãng HP hỗ trợ học tập, làm việc cũng như giải trí. \r\n    Với core Intel Core i7 mạnh mẽ, cùng với dung lượng RAM 32MB, Laptop HPPavilion 15 sẽ giúp bạn xử lý công việc một cách \r\n    mượt mà và nhanh chóng.', 'hp6.png', 0, 88, '2023-06-29 10:29:43', '2023-06-29 10:29:43'),
(146, 1, 'HP', 'Laptop HP Gaming Intel Core i9 32MB', 22000000, 34, 'Laptop HP Gaming Intel Core i9 32MB thuộc dòng sản phẩm của hãng HP hỗ trợ học tập, làm việc cũng như giải trí. \r\n    Với core Intel Core i9 mạnh mẽ, cùng với dung lượng RAM 32MB, Laptop HPGaming sẽ giúp bạn xử lý công việc một cách \r\n    mượt mà và nhanh chóng.', 'hp4.png', 2, 190, '2023-06-29 10:29:43', '2023-06-29 10:29:43'),
(147, 1, 'Acer', 'Laptop Acer Gaming AMD Ryzen 7 8MB', 34000000, 31, 'Laptop Acer Gaming AMD Ryzen 7 8MB thuộc dòng sản phẩm của hãng Acer hỗ trợ học tập, làm việc cũng như giải trí. \r\n    Với core AMD Ryzen 7 mạnh mẽ, cùng với dung lượng RAM 8MB, Laptop AcerGaming sẽ giúp bạn xử lý công việc một cách \r\n    mượt mà và nhanh chóng.', 'acer3.png', 1, 91, '2023-06-29 10:29:43', '2023-06-29 10:29:43'),
(148, 1, 'Lenovo', 'Laptop Lenovo Aspire 3 AMD Ryzen 3 32MB', 30000000, 36, 'Laptop Lenovo Aspire 3 AMD Ryzen 3 32MB thuộc dòng sản phẩm của hãng Lenovo hỗ trợ học tập, làm việc cũng như giải trí. \r\n    Với core AMD Ryzen 3 mạnh mẽ, cùng với dung lượng RAM 32MB, Laptop LenovoAspire 3 sẽ giúp bạn xử lý công việc một cách \r\n    mượt mà và nhanh chóng.', 'lenovo5.png', 1, 120, '2023-06-29 10:29:43', '2023-06-29 10:29:43'),
(149, 1, 'Acer', 'Laptop Acer Vivobook Intel Core i5 8MB', 30000000, 25, 'Laptop Acer Vivobook Intel Core i5 8MB thuộc dòng sản phẩm của hãng Acer hỗ trợ học tập, làm việc cũng như giải trí. \r\n    Với core Intel Core i5 mạnh mẽ, cùng với dung lượng RAM 8MB, Laptop AcerVivobook sẽ giúp bạn xử lý công việc một cách \r\n    mượt mà và nhanh chóng.', 'acer3.png', 2, 30, '2023-06-29 10:29:43', '2023-06-29 10:29:43'),
(150, 1, 'Asus', 'Laptop Asus Ideapad Intel Core i7 32MB', 26000000, 27, 'Laptop Asus Ideapad Intel Core i7 32MB thuộc dòng sản phẩm của hãng Asus hỗ trợ học tập, làm việc cũng như giải trí. \r\n    Với core Intel Core i7 mạnh mẽ, cùng với dung lượng RAM 32MB, Laptop AsusIdeapad sẽ giúp bạn xử lý công việc một cách \r\n    mượt mà và nhanh chóng.', 'asus7.png', 2, 51, '2023-06-29 10:29:43', '2023-06-29 10:29:43'),
(151, 1, 'Asus', 'Laptop Asus Gaming Intel Core i3 32MB', 26000000, 3, 'Laptop Asus Gaming Intel Core i3 32MB thuộc dòng sản phẩm của hãng Asus hỗ trợ học tập, làm việc cũng như giải trí. \r\n    Với core Intel Core i3 mạnh mẽ, cùng với dung lượng RAM 32MB, Laptop AsusGaming sẽ giúp bạn xử lý công việc một cách \r\n    mượt mà và nhanh chóng.', 'asus7.png', 1, 150, '2023-06-29 10:29:43', '2023-06-29 10:29:43'),
(152, 1, 'MSI', 'Laptop MSI Legion 5 Intel Core i7 8MB', 30000000, 23, 'Laptop MSI Legion 5 Intel Core i7 8MB thuộc dòng sản phẩm của hãng MSI hỗ trợ học tập, làm việc cũng như giải trí. \r\n    Với core Intel Core i7 mạnh mẽ, cùng với dung lượng RAM 8MB, Laptop MSILegion 5 sẽ giúp bạn xử lý công việc một cách \r\n    mượt mà và nhanh chóng.', 'msi2.png', 0, 135, '2023-06-29 10:29:43', '2023-06-29 10:29:43'),
(153, 1, 'HP', 'Laptop HP Nitro 5 Eagle AMD Ryzen 5 8MB', 34000000, 13, 'Laptop HP Nitro 5 Eagle AMD Ryzen 5 8MB thuộc dòng sản phẩm của hãng HP hỗ trợ học tập, làm việc cũng như giải trí. \r\n    Với core AMD Ryzen 5 mạnh mẽ, cùng với dung lượng RAM 8MB, Laptop HPNitro 5 Eagle sẽ giúp bạn xử lý công việc một cách \r\n    mượt mà và nhanh chóng.', 'hp5.png', 1, 78, '2023-06-29 10:29:43', '2023-06-29 10:29:43'),
(154, 1, 'Lenovo', 'Laptop Lenovo Aspire 3 AMD Ryzen 7 32MB', 26000000, 16, 'Laptop Lenovo Aspire 3 AMD Ryzen 7 32MB thuộc dòng sản phẩm của hãng Lenovo hỗ trợ học tập, làm việc cũng như giải trí. \r\n    Với core AMD Ryzen 7 mạnh mẽ, cùng với dung lượng RAM 32MB, Laptop LenovoAspire 3 sẽ giúp bạn xử lý công việc một cách \r\n    mượt mà và nhanh chóng.', 'lenovo3.png', 2, 101, '2023-06-29 10:29:43', '2023-06-29 10:29:43'),
(155, 1, 'MSI', 'Laptop MSI Vivobook Intel Core i9 8MB', 22000000, 21, 'Laptop MSI Vivobook Intel Core i9 8MB thuộc dòng sản phẩm của hãng MSI hỗ trợ học tập, làm việc cũng như giải trí. \r\n    Với core Intel Core i9 mạnh mẽ, cùng với dung lượng RAM 8MB, Laptop MSIVivobook sẽ giúp bạn xử lý công việc một cách \r\n    mượt mà và nhanh chóng.', 'msi2.png', 0, 15, '2023-06-29 10:29:43', '2023-06-29 10:29:43'),
(156, 1, 'Lenovo', 'Laptop Lenovo Aspire 3 AMD Ryzen 5 32MB', 22000000, 25, 'Laptop Lenovo Aspire 3 AMD Ryzen 5 32MB thuộc dòng sản phẩm của hãng Lenovo hỗ trợ học tập, làm việc cũng như giải trí. \r\n    Với core AMD Ryzen 5 mạnh mẽ, cùng với dung lượng RAM 32MB, Laptop LenovoAspire 3 sẽ giúp bạn xử lý công việc một cách \r\n    mượt mà và nhanh chóng.', 'lenovo1.png', 0, 20, '2023-06-29 10:29:43', '2023-06-29 10:29:43'),
(157, 1, 'Acer', 'Laptop Acer Ideapad Intel Core i5 32MB', 34000000, 12, 'Laptop Acer Ideapad Intel Core i5 32MB thuộc dòng sản phẩm của hãng Acer hỗ trợ học tập, làm việc cũng như giải trí. \r\n    Với core Intel Core i5 mạnh mẽ, cùng với dung lượng RAM 32MB, Laptop AcerIdeapad sẽ giúp bạn xử lý công việc một cách \r\n    mượt mà và nhanh chóng.', 'acer2.png', 0, 184, '2023-06-29 10:29:43', '2023-06-29 10:29:43'),
(158, 1, 'Asus', 'Laptop Asus Aspire 3 AMD Ryzen 7 32MB', 34000000, 1, 'Laptop Asus Aspire 3 AMD Ryzen 7 32MB thuộc dòng sản phẩm của hãng Asus hỗ trợ học tập, làm việc cũng như giải trí. \r\n    Với core AMD Ryzen 7 mạnh mẽ, cùng với dung lượng RAM 32MB, Laptop AsusAspire 3 sẽ giúp bạn xử lý công việc một cách \r\n    mượt mà và nhanh chóng.', 'asus7.png', 2, 176, '2023-06-29 10:29:43', '2023-06-29 10:29:43'),
(159, 1, 'Acer', 'Laptop Acer Ideapad Intel Core i7 16MB', 26000000, 2, 'Laptop Acer Ideapad Intel Core i7 16MB thuộc dòng sản phẩm của hãng Acer hỗ trợ học tập, làm việc cũng như giải trí. \r\n    Với core Intel Core i7 mạnh mẽ, cùng với dung lượng RAM 16MB, Laptop AcerIdeapad sẽ giúp bạn xử lý công việc một cách \r\n    mượt mà và nhanh chóng.', 'acer7.png', 1, 84, '2023-06-29 10:29:43', '2023-06-29 10:29:43'),
(160, 1, 'Acer', 'Laptop Acer Legion 5 Intel Core i7 32MB', 22000000, 0, 'Laptop Acer Legion 5 Intel Core i7 32MB thuộc dòng sản phẩm của hãng Acer hỗ trợ học tập, làm việc cũng như giải trí. \r\n    Với core Intel Core i7 mạnh mẽ, cùng với dung lượng RAM 32MB, Laptop AcerLegion 5 sẽ giúp bạn xử lý công việc một cách \r\n    mượt mà và nhanh chóng.', 'acer6.png', 2, 167, '2023-06-29 10:29:43', '2023-06-29 10:29:43'),
(161, 1, 'Lenovo', 'Laptop Lenovo Vivobook AMD Ryzen 3 32MB', 34000000, 15, 'Laptop Lenovo Vivobook AMD Ryzen 3 32MB thuộc dòng sản phẩm của hãng Lenovo hỗ trợ học tập, làm việc cũng như giải trí. \r\n    Với core AMD Ryzen 3 mạnh mẽ, cùng với dung lượng RAM 32MB, Laptop LenovoVivobook sẽ giúp bạn xử lý công việc một cách \r\n    mượt mà và nhanh chóng.', 'lenovo6.png', 2, 86, '2023-06-29 10:29:43', '2023-06-29 10:29:43'),
(162, 1, 'Acer', 'Laptop Acer Vivobook AMD Ryzen 5 32MB', 34000000, 30, 'Laptop Acer Vivobook AMD Ryzen 5 32MB thuộc dòng sản phẩm của hãng Acer hỗ trợ học tập, làm việc cũng như giải trí. \r\n    Với core AMD Ryzen 5 mạnh mẽ, cùng với dung lượng RAM 32MB, Laptop AcerVivobook sẽ giúp bạn xử lý công việc một cách \r\n    mượt mà và nhanh chóng.', 'acer5.png', 2, 31, '2023-06-29 10:29:43', '2023-06-29 10:29:43'),
(163, 1, 'LG', 'Laptop LG Aspire 3 AMD Ryzen 5 32MB', 30000000, 5, 'Laptop LG Aspire 3 AMD Ryzen 5 32MB thuộc dòng sản phẩm của hãng LG hỗ trợ học tập, làm việc cũng như giải trí. \r\n    Với core AMD Ryzen 5 mạnh mẽ, cùng với dung lượng RAM 32MB, Laptop LGAspire 3 sẽ giúp bạn xử lý công việc một cách \r\n    mượt mà và nhanh chóng.', 'lg2.png', 2, 43, '2023-06-29 10:29:43', '2023-06-29 10:29:43'),
(164, 1, 'Acer', 'Laptop Acer Nitro 16 Phoenix AMD Ryzen 3 32MB', 30000000, 11, 'Laptop Acer Nitro 16 Phoenix AMD Ryzen 3 32MB thuộc dòng sản phẩm của hãng Acer hỗ trợ học tập, làm việc cũng như giải trí. \r\n    Với core AMD Ryzen 3 mạnh mẽ, cùng với dung lượng RAM 32MB, Laptop AcerNitro 16 Phoenix sẽ giúp bạn xử lý công việc một cách \r\n    mượt mà và nhanh chóng.', 'acer3.png', 1, 179, '2023-06-29 10:29:43', '2023-06-29 10:29:43'),
(165, 1, 'Dell', 'Laptop Dell Gaming Intel Core i5 8MB', 26000000, 27, 'Laptop Dell Gaming Intel Core i5 8MB thuộc dòng sản phẩm của hãng Dell hỗ trợ học tập, làm việc cũng như giải trí. \r\n    Với core Intel Core i5 mạnh mẽ, cùng với dung lượng RAM 8MB, Laptop DellGaming sẽ giúp bạn xử lý công việc một cách \r\n    mượt mà và nhanh chóng.', 'dell5.png', 1, 29, '2023-06-29 10:29:43', '2023-06-29 10:29:43'),
(166, 1, 'MSI', 'Laptop MSI Pavilion 15 Intel Core i9 16MB', 22000000, 12, 'Laptop MSI Pavilion 15 Intel Core i9 16MB thuộc dòng sản phẩm của hãng MSI hỗ trợ học tập, làm việc cũng như giải trí. \r\n    Với core Intel Core i9 mạnh mẽ, cùng với dung lượng RAM 16MB, Laptop MSIPavilion 15 sẽ giúp bạn xử lý công việc một cách \r\n    mượt mà và nhanh chóng.', 'msi5.png', 0, 110, '2023-06-29 10:29:43', '2023-06-29 10:29:43'),
(167, 1, 'Acer', 'Laptop Acer Legion 5 Intel Core i3 32MB', 34000000, 16, 'Laptop Acer Legion 5 Intel Core i3 32MB thuộc dòng sản phẩm của hãng Acer hỗ trợ học tập, làm việc cũng như giải trí. \r\n    Với core Intel Core i3 mạnh mẽ, cùng với dung lượng RAM 32MB, Laptop AcerLegion 5 sẽ giúp bạn xử lý công việc một cách \r\n    mượt mà và nhanh chóng.', 'acer3.png', 1, 46, '2023-06-29 10:29:43', '2023-06-29 10:29:43'),
(168, 1, 'Acer', 'Laptop Acer Gaming Intel Core i9 32MB', 22000000, 22, 'Laptop Acer Gaming Intel Core i9 32MB thuộc dòng sản phẩm của hãng Acer hỗ trợ học tập, làm việc cũng như giải trí. \r\n    Với core Intel Core i9 mạnh mẽ, cùng với dung lượng RAM 32MB, Laptop AcerGaming sẽ giúp bạn xử lý công việc một cách \r\n    mượt mà và nhanh chóng.', 'acer7.png', 0, 144, '2023-06-29 10:29:43', '2023-06-29 10:29:43'),
(169, 1, 'Asus', 'Laptop Asus Aspire 3 Intel Core i7 8MB', 34000000, 9, 'Laptop Asus Aspire 3 Intel Core i7 8MB thuộc dòng sản phẩm của hãng Asus hỗ trợ học tập, làm việc cũng như giải trí. \r\n    Với core Intel Core i7 mạnh mẽ, cùng với dung lượng RAM 8MB, Laptop AsusAspire 3 sẽ giúp bạn xử lý công việc một cách \r\n    mượt mà và nhanh chóng.', 'asus3.png', 0, 135, '2023-06-29 10:29:44', '2023-06-29 10:29:44'),
(170, 1, 'HP', 'Laptop HP Vivobook Intel Core i5 8MB', 30000000, 39, 'Laptop HP Vivobook Intel Core i5 8MB thuộc dòng sản phẩm của hãng HP hỗ trợ học tập, làm việc cũng như giải trí. \r\n    Với core Intel Core i5 mạnh mẽ, cùng với dung lượng RAM 8MB, Laptop HPVivobook sẽ giúp bạn xử lý công việc một cách \r\n    mượt mà và nhanh chóng.', 'hp6.png', 1, 63, '2023-06-29 10:29:44', '2023-06-29 10:29:44'),
(171, 1, 'Asus', 'Laptop Asus Gaming AMD Ryzen 5 16MB', 22000000, 9, 'Laptop Asus Gaming AMD Ryzen 5 16MB thuộc dòng sản phẩm của hãng Asus hỗ trợ học tập, làm việc cũng như giải trí. \r\n    Với core AMD Ryzen 5 mạnh mẽ, cùng với dung lượng RAM 16MB, Laptop AsusGaming sẽ giúp bạn xử lý công việc một cách \r\n    mượt mà và nhanh chóng.', 'asus1.png', 0, 175, '2023-06-29 10:29:44', '2023-06-29 10:29:44'),
(172, 1, 'HP', 'Laptop HP Vivobook Intel Core i3 32MB', 30000000, 39, 'Laptop HP Vivobook Intel Core i3 32MB thuộc dòng sản phẩm của hãng HP hỗ trợ học tập, làm việc cũng như giải trí. \r\n    Với core Intel Core i3 mạnh mẽ, cùng với dung lượng RAM 32MB, Laptop HPVivobook sẽ giúp bạn xử lý công việc một cách \r\n    mượt mà và nhanh chóng.', 'hp1.png', 1, 90, '2023-06-29 10:29:44', '2023-06-29 10:29:44'),
(173, 1, 'Asus', 'Laptop Asus Gaming Intel Core i3 32MB', 22000000, 20, 'Laptop Asus Gaming Intel Core i3 32MB thuộc dòng sản phẩm của hãng Asus hỗ trợ học tập, làm việc cũng như giải trí. \r\n    Với core Intel Core i3 mạnh mẽ, cùng với dung lượng RAM 32MB, Laptop AsusGaming sẽ giúp bạn xử lý công việc một cách \r\n    mượt mà và nhanh chóng.', 'asus5.png', 0, 156, '2023-06-29 10:29:44', '2023-06-29 10:29:44'),
(174, 1, 'MSI', 'Laptop MSI Vivobook AMD Ryzen 5 16MB', 34000000, 13, 'Laptop MSI Vivobook AMD Ryzen 5 16MB thuộc dòng sản phẩm của hãng MSI hỗ trợ học tập, làm việc cũng như giải trí. \r\n    Với core AMD Ryzen 5 mạnh mẽ, cùng với dung lượng RAM 16MB, Laptop MSIVivobook sẽ giúp bạn xử lý công việc một cách \r\n    mượt mà và nhanh chóng.', 'msi2.png', 2, 148, '2023-06-29 10:29:44', '2023-06-29 10:29:44'),
(175, 1, 'LG', 'Laptop LG Nitro 5 Eagle Intel Core i9 16MB', 22000000, 14, 'Laptop LG Nitro 5 Eagle Intel Core i9 16MB thuộc dòng sản phẩm của hãng LG hỗ trợ học tập, làm việc cũng như giải trí. \r\n    Với core Intel Core i9 mạnh mẽ, cùng với dung lượng RAM 16MB, Laptop LGNitro 5 Eagle sẽ giúp bạn xử lý công việc một cách \r\n    mượt mà và nhanh chóng.', 'lg2.png', 0, 30, '2023-06-29 10:29:44', '2023-06-29 10:29:44'),
(176, 1, 'HP', 'Laptop HP Nitro 5 Eagle AMD Ryzen 7 8MB', 22000000, 1, 'Laptop HP Nitro 5 Eagle AMD Ryzen 7 8MB thuộc dòng sản phẩm của hãng HP hỗ trợ học tập, làm việc cũng như giải trí. \r\n    Với core AMD Ryzen 7 mạnh mẽ, cùng với dung lượng RAM 8MB, Laptop HPNitro 5 Eagle sẽ giúp bạn xử lý công việc một cách \r\n    mượt mà và nhanh chóng.', 'hp4.png', 2, 146, '2023-06-29 10:29:44', '2023-06-29 10:29:44'),
(177, 1, 'Acer', 'Laptop Acer Aspire 3 Intel Core i7 8MB', 30000000, 3, 'Laptop Acer Aspire 3 Intel Core i7 8MB thuộc dòng sản phẩm của hãng Acer hỗ trợ học tập, làm việc cũng như giải trí. \r\n    Với core Intel Core i7 mạnh mẽ, cùng với dung lượng RAM 8MB, Laptop AcerAspire 3 sẽ giúp bạn xử lý công việc một cách \r\n    mượt mà và nhanh chóng.', 'acer3.png', 2, 70, '2023-06-29 10:29:44', '2023-06-29 10:29:44'),
(178, 1, 'HP', 'Laptop HP Aspire 3 Intel Core i3 16MB', 30000000, 8, 'Laptop HP Aspire 3 Intel Core i3 16MB thuộc dòng sản phẩm của hãng HP hỗ trợ học tập, làm việc cũng như giải trí. \r\n    Với core Intel Core i3 mạnh mẽ, cùng với dung lượng RAM 16MB, Laptop HPAspire 3 sẽ giúp bạn xử lý công việc một cách \r\n    mượt mà và nhanh chóng.', 'hp6.png', 2, 146, '2023-06-29 10:29:44', '2023-06-29 10:29:44'),
(179, 1, 'Asus', 'Laptop Asus Ideapad Intel Core i3 16MB', 34000000, 2, 'Laptop Asus Ideapad Intel Core i3 16MB thuộc dòng sản phẩm của hãng Asus hỗ trợ học tập, làm việc cũng như giải trí. \r\n    Với core Intel Core i3 mạnh mẽ, cùng với dung lượng RAM 16MB, Laptop AsusIdeapad sẽ giúp bạn xử lý công việc một cách \r\n    mượt mà và nhanh chóng.', 'asus7.png', 2, 74, '2023-06-29 10:29:44', '2023-06-29 10:29:44'),
(180, 1, 'HP', 'Laptop HP Pavilion 15 Intel Core i9 32MB', 30000000, 40, 'Laptop HP Pavilion 15 Intel Core i9 32MB thuộc dòng sản phẩm của hãng HP hỗ trợ học tập, làm việc cũng như giải trí. \r\n    Với core Intel Core i9 mạnh mẽ, cùng với dung lượng RAM 32MB, Laptop HPPavilion 15 sẽ giúp bạn xử lý công việc một cách \r\n    mượt mà và nhanh chóng.', 'hp1.png', 2, 82, '2023-06-29 10:29:44', '2023-06-29 10:29:44'),
(181, 1, 'MSI', 'Laptop MSI Vivobook AMD Ryzen 7 16MB', 22000000, 16, 'Laptop MSI Vivobook AMD Ryzen 7 16MB thuộc dòng sản phẩm của hãng MSI hỗ trợ học tập, làm việc cũng như giải trí. \r\n    Với core AMD Ryzen 7 mạnh mẽ, cùng với dung lượng RAM 16MB, Laptop MSIVivobook sẽ giúp bạn xử lý công việc một cách \r\n    mượt mà và nhanh chóng.', 'msi5.png', 0, 83, '2023-06-29 10:29:44', '2023-06-29 10:29:44'),
(182, 1, 'MSI', 'Laptop MSI Gaming AMD Ryzen 5 8MB', 26000000, 19, 'Laptop MSI Gaming AMD Ryzen 5 8MB thuộc dòng sản phẩm của hãng MSI hỗ trợ học tập, làm việc cũng như giải trí. \r\n    Với core AMD Ryzen 5 mạnh mẽ, cùng với dung lượng RAM 8MB, Laptop MSIGaming sẽ giúp bạn xử lý công việc một cách \r\n    mượt mà và nhanh chóng.', 'msi1.png', 0, 58, '2023-06-29 10:29:44', '2023-06-29 10:29:44'),
(183, 1, 'MSI', 'Laptop MSI Nitro 16 Phoenix Intel Core i7 16MB', 34000000, 15, 'Laptop MSI Nitro 16 Phoenix Intel Core i7 16MB thuộc dòng sản phẩm của hãng MSI hỗ trợ học tập, làm việc cũng như giải trí. \r\n    Với core Intel Core i7 mạnh mẽ, cùng với dung lượng RAM 16MB, Laptop MSINitro 16 Phoenix sẽ giúp bạn xử lý công việc một cách \r\n    mượt mà và nhanh chóng.', 'msi1.png', 0, 43, '2023-06-29 10:29:44', '2023-06-29 10:29:44'),
(184, 1, 'Asus', 'Laptop Asus Nitro 5 Eagle Intel Core i5 8MB', 26000000, 17, 'Laptop Asus Nitro 5 Eagle Intel Core i5 8MB thuộc dòng sản phẩm của hãng Asus hỗ trợ học tập, làm việc cũng như giải trí. \r\n    Với core Intel Core i5 mạnh mẽ, cùng với dung lượng RAM 8MB, Laptop AsusNitro 5 Eagle sẽ giúp bạn xử lý công việc một cách \r\n    mượt mà và nhanh chóng.', 'asus7.png', 1, 38, '2023-06-29 10:29:44', '2023-06-29 10:29:44'),
(185, 1, 'Lenovo', 'Laptop Lenovo Aspire 3 Intel Core i5 32MB', 26000000, 19, 'Laptop Lenovo Aspire 3 Intel Core i5 32MB thuộc dòng sản phẩm của hãng Lenovo hỗ trợ học tập, làm việc cũng như giải trí. \r\n    Với core Intel Core i5 mạnh mẽ, cùng với dung lượng RAM 32MB, Laptop LenovoAspire 3 sẽ giúp bạn xử lý công việc một cách \r\n    mượt mà và nhanh chóng.', 'lenovo5.png', 1, 107, '2023-06-29 10:29:44', '2023-06-29 10:29:44'),
(186, 1, 'Asus', 'Laptop Asus Gaming Intel Core i9 32MB', 34000000, 29, 'Laptop Asus Gaming Intel Core i9 32MB thuộc dòng sản phẩm của hãng Asus hỗ trợ học tập, làm việc cũng như giải trí. \r\n    Với core Intel Core i9 mạnh mẽ, cùng với dung lượng RAM 32MB, Laptop AsusGaming sẽ giúp bạn xử lý công việc một cách \r\n    mượt mà và nhanh chóng.', 'asus5.png', 2, 157, '2023-06-29 10:29:44', '2023-06-29 10:29:44'),
(187, 1, 'Asus', 'Laptop Asus Legion 5 Intel Core i7 16MB', 34000000, 32, 'Laptop Asus Legion 5 Intel Core i7 16MB thuộc dòng sản phẩm của hãng Asus hỗ trợ học tập, làm việc cũng như giải trí. \r\n    Với core Intel Core i7 mạnh mẽ, cùng với dung lượng RAM 16MB, Laptop AsusLegion 5 sẽ giúp bạn xử lý công việc một cách \r\n    mượt mà và nhanh chóng.', 'asus5.png', 1, 76, '2023-06-29 10:29:44', '2023-06-29 10:29:44'),
(188, 1, 'MSI', 'Laptop MSI Pavilion 15 AMD Ryzen 3 8MB', 34000000, 27, 'Laptop MSI Pavilion 15 AMD Ryzen 3 8MB thuộc dòng sản phẩm của hãng MSI hỗ trợ học tập, làm việc cũng như giải trí. \r\n    Với core AMD Ryzen 3 mạnh mẽ, cùng với dung lượng RAM 8MB, Laptop MSIPavilion 15 sẽ giúp bạn xử lý công việc một cách \r\n    mượt mà và nhanh chóng.', 'msi2.png', 0, 41, '2023-06-29 10:29:44', '2023-06-29 10:29:44'),
(189, 1, 'Dell', 'Laptop Dell Nitro 5 Eagle AMD Ryzen 3 32MB', 34000000, 4, 'Laptop Dell Nitro 5 Eagle AMD Ryzen 3 32MB thuộc dòng sản phẩm của hãng Dell hỗ trợ học tập, làm việc cũng như giải trí. \r\n    Với core AMD Ryzen 3 mạnh mẽ, cùng với dung lượng RAM 32MB, Laptop DellNitro 5 Eagle sẽ giúp bạn xử lý công việc một cách \r\n    mượt mà và nhanh chóng.', 'dell6.png', 1, 96, '2023-06-29 10:29:44', '2023-06-29 10:29:44'),
(190, 1, 'Lenovo', 'Laptop Lenovo Nitro 16 Phoenix Intel Core i5 8MB', 22000000, 19, 'Laptop Lenovo Nitro 16 Phoenix Intel Core i5 8MB thuộc dòng sản phẩm của hãng Lenovo hỗ trợ học tập, làm việc cũng như giải trí. \r\n    Với core Intel Core i5 mạnh mẽ, cùng với dung lượng RAM 8MB, Laptop LenovoNitro 16 Phoenix sẽ giúp bạn xử lý công việc một cách \r\n    mượt mà và nhanh chóng.', 'lenovo1.png', 2, 109, '2023-06-29 10:29:44', '2023-06-29 10:29:44'),
(191, 1, 'Asus', 'Laptop Asus Nitro 5 Eagle AMD Ryzen 3 16MB', 30000000, 17, 'Laptop Asus Nitro 5 Eagle AMD Ryzen 3 16MB thuộc dòng sản phẩm của hãng Asus hỗ trợ học tập, làm việc cũng như giải trí. \r\n    Với core AMD Ryzen 3 mạnh mẽ, cùng với dung lượng RAM 16MB, Laptop AsusNitro 5 Eagle sẽ giúp bạn xử lý công việc một cách \r\n    mượt mà và nhanh chóng.', 'asus4.png', 2, 68, '2023-06-29 10:29:44', '2023-06-29 10:29:44'),
(192, 1, 'Asus', 'Laptop Asus Vivobook AMD Ryzen 7 16MB', 26000000, 9, 'Laptop Asus Vivobook AMD Ryzen 7 16MB thuộc dòng sản phẩm của hãng Asus hỗ trợ học tập, làm việc cũng như giải trí. \r\n    Với core AMD Ryzen 7 mạnh mẽ, cùng với dung lượng RAM 16MB, Laptop AsusVivobook sẽ giúp bạn xử lý công việc một cách \r\n    mượt mà và nhanh chóng.', 'asus3.png', 0, 186, '2023-06-29 10:29:44', '2023-06-29 10:29:44'),
(193, 1, 'Asus', 'Laptop Asus Aspire 3 AMD Ryzen 3 32MB', 26000000, 30, 'Laptop Asus Aspire 3 AMD Ryzen 3 32MB thuộc dòng sản phẩm của hãng Asus hỗ trợ học tập, làm việc cũng như giải trí. \r\n    Với core AMD Ryzen 3 mạnh mẽ, cùng với dung lượng RAM 32MB, Laptop AsusAspire 3 sẽ giúp bạn xử lý công việc một cách \r\n    mượt mà và nhanh chóng.', 'asus5.png', 2, 196, '2023-06-29 10:29:44', '2023-06-29 10:29:44'),
(194, 1, 'HP', 'Laptop HP Vivobook AMD Ryzen 7 16MB', 22000000, 23, 'Laptop HP Vivobook AMD Ryzen 7 16MB thuộc dòng sản phẩm của hãng HP hỗ trợ học tập, làm việc cũng như giải trí. \r\n    Với core AMD Ryzen 7 mạnh mẽ, cùng với dung lượng RAM 16MB, Laptop HPVivobook sẽ giúp bạn xử lý công việc một cách \r\n    mượt mà và nhanh chóng.', 'hp3.png', 2, 154, '2023-06-29 10:29:44', '2023-06-29 10:29:44'),
(195, 1, 'MSI', 'Laptop MSI Ideapad Intel Core i7 8MB', 22000000, 36, 'Laptop MSI Ideapad Intel Core i7 8MB thuộc dòng sản phẩm của hãng MSI hỗ trợ học tập, làm việc cũng như giải trí. \r\n    Với core Intel Core i7 mạnh mẽ, cùng với dung lượng RAM 8MB, Laptop MSIIdeapad sẽ giúp bạn xử lý công việc một cách \r\n    mượt mà và nhanh chóng.', 'msi6.png', 2, 111, '2023-06-29 10:29:44', '2023-06-29 10:29:44'),
(196, 1, 'LG', 'Laptop LG Legion 5 AMD Ryzen 3 32MB', 30000000, 18, 'Laptop LG Legion 5 AMD Ryzen 3 32MB thuộc dòng sản phẩm của hãng LG hỗ trợ học tập, làm việc cũng như giải trí. \r\n    Với core AMD Ryzen 3 mạnh mẽ, cùng với dung lượng RAM 32MB, Laptop LGLegion 5 sẽ giúp bạn xử lý công việc một cách \r\n    mượt mà và nhanh chóng.', 'lg4.png', 0, 51, '2023-06-29 10:29:44', '2023-06-29 10:29:44'),
(197, 1, 'LG', 'Laptop LG Ideapad Intel Core i5 32MB', 30000000, 38, 'Laptop LG Ideapad Intel Core i5 32MB thuộc dòng sản phẩm của hãng LG hỗ trợ học tập, làm việc cũng như giải trí. \r\n    Với core Intel Core i5 mạnh mẽ, cùng với dung lượng RAM 32MB, Laptop LGIdeapad sẽ giúp bạn xử lý công việc một cách \r\n    mượt mà và nhanh chóng.', 'lg3.png', 1, 36, '2023-06-29 10:29:44', '2023-06-29 10:29:44'),
(198, 1, 'MSI', 'Laptop MSI Aspire 3 Intel Core i9 8MB', 26000000, 14, 'Laptop MSI Aspire 3 Intel Core i9 8MB thuộc dòng sản phẩm của hãng MSI hỗ trợ học tập, làm việc cũng như giải trí. \r\n    Với core Intel Core i9 mạnh mẽ, cùng với dung lượng RAM 8MB, Laptop MSIAspire 3 sẽ giúp bạn xử lý công việc một cách \r\n    mượt mà và nhanh chóng.', 'msi6.png', 1, 176, '2023-06-29 10:29:44', '2023-06-29 10:29:44'),
(199, 1, 'Dell', 'Laptop Dell Aspire 3 Intel Core i3 32MB', 26000000, 3, 'Laptop Dell Aspire 3 Intel Core i3 32MB thuộc dòng sản phẩm của hãng Dell hỗ trợ học tập, làm việc cũng như giải trí. \r\n    Với core Intel Core i3 mạnh mẽ, cùng với dung lượng RAM 32MB, Laptop DellAspire 3 sẽ giúp bạn xử lý công việc một cách \r\n    mượt mà và nhanh chóng.', 'dell4.png', 1, 78, '2023-06-29 10:29:44', '2023-06-29 10:29:44'),
(200, 1, 'Acer', 'Laptop Acer Legion 5 Intel Core i9 32MB', 34000000, 21, 'Laptop Acer Legion 5 Intel Core i9 32MB thuộc dòng sản phẩm của hãng Acer hỗ trợ học tập, làm việc cũng như giải trí. \r\n    Với core Intel Core i9 mạnh mẽ, cùng với dung lượng RAM 32MB, Laptop AcerLegion 5 sẽ giúp bạn xử lý công việc một cách \r\n    mượt mà và nhanh chóng.', 'acer3.png', 1, 150, '2023-06-29 10:29:44', '2023-06-29 10:29:44'),
(201, 2, 'SamSung', 'Điện thoại SamSung Galaxy Z Flip4', 18000000, 32, 'Điện thoại SamSung Galaxy Z Flip4 chiếc điện thoại của SamSung đã được đăng bán chính thức tại Việt Nam. \r\n        Điện thoại SamSung Galaxy Z Flip4Sở hữu cấu hình mạnh mẽ cùng thiết kế siêu nhỏ gọn giúp tối ưu kích thước, chiếc điện thoại sẽ cùng bạn nổi bật trong mọi không gian với vẻ ngoài đầy cá tính.', 'samsung1.png', 0, 94, '2023-06-29 10:29:44', '2023-06-29 10:29:44'),
(202, 2, 'SamSung', 'Điện thoại SamSung Galaxy Z Fold4', 30000000, 16, 'Điện thoại SamSung Galaxy Z Fold4 chiếc điện thoại của SamSung đã được đăng bán chính thức tại Việt Nam. \r\n        Điện thoại SamSung Galaxy Z Fold4Sở hữu cấu hình mạnh mẽ cùng thiết kế siêu nhỏ gọn giúp tối ưu kích thước, chiếc điện thoại sẽ cùng bạn nổi bật trong mọi không gian với vẻ ngoài đầy cá tính.', 'samsung2.png', 2, 145, '2023-06-29 10:29:44', '2023-06-29 10:29:44'),
(203, 2, 'SamSung', 'Điện thoại SamSung Galaxy A51', 30000000, 8, 'Điện thoại SamSung Galaxy A51 chiếc điện thoại của SamSung đã được đăng bán chính thức tại Việt Nam. \r\n        Điện thoại SamSung Galaxy A51Sở hữu cấu hình mạnh mẽ cùng thiết kế siêu nhỏ gọn giúp tối ưu kích thước, chiếc điện thoại sẽ cùng bạn nổi bật trong mọi không gian với vẻ ngoài đầy cá tính.', 'samsung3.png', 1, 147, '2023-06-29 10:29:44', '2023-06-29 10:29:44'),
(204, 2, 'SamSung', 'Điện thoại SamSung Galaxy A71', 30000000, 12, 'Điện thoại SamSung Galaxy A71 chiếc điện thoại của SamSung đã được đăng bán chính thức tại Việt Nam. \r\n        Điện thoại SamSung Galaxy A71Sở hữu cấu hình mạnh mẽ cùng thiết kế siêu nhỏ gọn giúp tối ưu kích thước, chiếc điện thoại sẽ cùng bạn nổi bật trong mọi không gian với vẻ ngoài đầy cá tính.', 'samsung4.png', 2, 70, '2023-06-29 10:29:44', '2023-06-29 10:29:44'),
(205, 2, 'SamSung', 'Điện thoại SamSung Galaxy S22 Ultra', 21000000, 15, 'Điện thoại SamSung Galaxy S22 Ultra chiếc điện thoại của SamSung đã được đăng bán chính thức tại Việt Nam. \r\n        Điện thoại SamSung Galaxy S22 UltraSở hữu cấu hình mạnh mẽ cùng thiết kế siêu nhỏ gọn giúp tối ưu kích thước, chiếc điện thoại sẽ cùng bạn nổi bật trong mọi không gian với vẻ ngoài đầy cá tính.', 'samsung5.png', 0, 53, '2023-06-29 10:29:44', '2023-06-29 10:29:44'),
(206, 2, 'SamSung', 'Điện thoại SamSung Galaxy S23 Ultra', 18000000, 18, 'Điện thoại SamSung Galaxy S23 Ultra chiếc điện thoại của SamSung đã được đăng bán chính thức tại Việt Nam. \r\n        Điện thoại SamSung Galaxy S23 UltraSở hữu cấu hình mạnh mẽ cùng thiết kế siêu nhỏ gọn giúp tối ưu kích thước, chiếc điện thoại sẽ cùng bạn nổi bật trong mọi không gian với vẻ ngoài đầy cá tính.', 'samsung6.png', 1, 100, '2023-06-29 10:29:44', '2023-06-29 10:29:44'),
(207, 2, 'iPhone', 'Điện thoại iPhone 12', 18000000, 11, 'Điện thoại iPhone 12 chiếc điện thoại của iPhone đã được đăng bán chính thức tại Việt Nam. \r\n        Điện thoại iPhone 12Sở hữu cấu hình mạnh mẽ cùng thiết kế siêu nhỏ gọn giúp tối ưu kích thước, chiếc điện thoại sẽ cùng bạn nổi bật trong mọi không gian với vẻ ngoài đầy cá tính.', 'iphone1.png', 0, 102, '2023-06-29 10:29:44', '2023-06-29 10:29:44'),
(208, 2, 'iPhone', 'Điện thoại iPhone 12 Pro Max', 18000000, 16, 'Điện thoại iPhone 12 Pro Max chiếc điện thoại của iPhone đã được đăng bán chính thức tại Việt Nam. \r\n        Điện thoại iPhone 12 Pro MaxSở hữu cấu hình mạnh mẽ cùng thiết kế siêu nhỏ gọn giúp tối ưu kích thước, chiếc điện thoại sẽ cùng bạn nổi bật trong mọi không gian với vẻ ngoài đầy cá tính.', 'iphone2.png', 1, 53, '2023-06-29 10:29:44', '2023-06-29 10:29:44'),
(209, 2, 'iPhone', 'Điện thoại iPhone 13', 24000000, 20, 'Điện thoại iPhone 13 chiếc điện thoại của iPhone đã được đăng bán chính thức tại Việt Nam. \r\n        Điện thoại iPhone 13Sở hữu cấu hình mạnh mẽ cùng thiết kế siêu nhỏ gọn giúp tối ưu kích thước, chiếc điện thoại sẽ cùng bạn nổi bật trong mọi không gian với vẻ ngoài đầy cá tính.', 'iphone3.png', 2, 22, '2023-06-29 10:29:44', '2023-06-29 10:29:44'),
(210, 2, 'iPhone', 'Điện thoại iPhone 13 Pro', 24000000, 27, 'Điện thoại iPhone 13 Pro chiếc điện thoại của iPhone đã được đăng bán chính thức tại Việt Nam. \r\n        Điện thoại iPhone 13 ProSở hữu cấu hình mạnh mẽ cùng thiết kế siêu nhỏ gọn giúp tối ưu kích thước, chiếc điện thoại sẽ cùng bạn nổi bật trong mọi không gian với vẻ ngoài đầy cá tính.', 'iphone4.png', 0, 17, '2023-06-29 10:29:44', '2023-06-29 10:29:44');
INSERT INTO `products` (`id_product`, `id_category`, `firms`, `name`, `price`, `discount`, `description`, `img_product`, `censorship`, `view`, `created_at`, `updated_at`) VALUES
(211, 2, 'iPhone', 'Điện thoại iPhone 14', 21000000, 8, 'Điện thoại iPhone 14 chiếc điện thoại của iPhone đã được đăng bán chính thức tại Việt Nam. \r\n        Điện thoại iPhone 14Sở hữu cấu hình mạnh mẽ cùng thiết kế siêu nhỏ gọn giúp tối ưu kích thước, chiếc điện thoại sẽ cùng bạn nổi bật trong mọi không gian với vẻ ngoài đầy cá tính.', 'iphone5.png', 1, 70, '2023-06-29 10:29:44', '2023-06-29 10:29:44'),
(212, 2, 'Oppo', 'Điện thoại Oppo Find N2 Flip', 24000000, 12, 'Điện thoại Oppo Find N2 Flip chiếc điện thoại của Oppo đã được đăng bán chính thức tại Việt Nam. \r\n        Điện thoại Oppo Find N2 FlipSở hữu cấu hình mạnh mẽ cùng thiết kế siêu nhỏ gọn giúp tối ưu kích thước, chiếc điện thoại sẽ cùng bạn nổi bật trong mọi không gian với vẻ ngoài đầy cá tính.', 'oppo1.png', 1, 113, '2023-06-29 10:29:44', '2023-06-29 10:29:44'),
(213, 2, 'Oppo', 'Điện thoại Oppo Find X5', 30000000, 17, 'Điện thoại Oppo Find X5 chiếc điện thoại của Oppo đã được đăng bán chính thức tại Việt Nam. \r\n        Điện thoại Oppo Find X5Sở hữu cấu hình mạnh mẽ cùng thiết kế siêu nhỏ gọn giúp tối ưu kích thước, chiếc điện thoại sẽ cùng bạn nổi bật trong mọi không gian với vẻ ngoài đầy cá tính.', 'oppo2.png', 2, 53, '2023-06-29 10:29:44', '2023-06-29 10:29:44'),
(214, 2, 'Oppo', 'Điện thoại Oppo Reno8 Pro', 27000000, 2, 'Điện thoại Oppo Reno8 Pro chiếc điện thoại của Oppo đã được đăng bán chính thức tại Việt Nam. \r\n        Điện thoại Oppo Reno8 ProSở hữu cấu hình mạnh mẽ cùng thiết kế siêu nhỏ gọn giúp tối ưu kích thước, chiếc điện thoại sẽ cùng bạn nổi bật trong mọi không gian với vẻ ngoài đầy cá tính.', 'oppo3.png', 0, 170, '2023-06-29 10:29:44', '2023-06-29 10:29:44'),
(215, 2, 'Oppo', 'Điện thoại Oppo Reno8 T', 18000000, 25, 'Điện thoại Oppo Reno8 T chiếc điện thoại của Oppo đã được đăng bán chính thức tại Việt Nam. \r\n        Điện thoại Oppo Reno8 TSở hữu cấu hình mạnh mẽ cùng thiết kế siêu nhỏ gọn giúp tối ưu kích thước, chiếc điện thoại sẽ cùng bạn nổi bật trong mọi không gian với vẻ ngoài đầy cá tính.', 'oppo4.png', 1, 11, '2023-06-29 10:29:44', '2023-06-29 10:29:44'),
(216, 2, 'Oppo', 'Điện thoại Oppo Reno6 Pro', 30000000, 0, 'Điện thoại Oppo Reno6 Pro chiếc điện thoại của Oppo đã được đăng bán chính thức tại Việt Nam. \r\n        Điện thoại Oppo Reno6 ProSở hữu cấu hình mạnh mẽ cùng thiết kế siêu nhỏ gọn giúp tối ưu kích thước, chiếc điện thoại sẽ cùng bạn nổi bật trong mọi không gian với vẻ ngoài đầy cá tính.', 'oppo5.png', 1, 164, '2023-06-29 10:29:44', '2023-06-29 10:29:44'),
(217, 3, 'SamSung', 'Tablet SamSung Galaxy Tab S7', 31000000, 18, 'Bạn có đang mong chờ những sản phẩm chất lượng? Sau hàng loạt các sản phẩm đình đám thì hãng đã tung ra chiếc SamSung Galaxy Tab S7 trang bị những tính năng ngày càng vượt trội và thời thượng.', 'tabletsamsung1.png', 2, 81, '2023-06-29 10:29:44', '2023-06-29 10:29:44'),
(218, 3, 'SamSung', 'Tablet SamSung Galaxy Tab S8 Ultra', 25000000, 26, 'Bạn có đang mong chờ những sản phẩm chất lượng? Sau hàng loạt các sản phẩm đình đám thì hãng đã tung ra chiếc SamSung Galaxy Tab S8 Ultra trang bị những tính năng ngày càng vượt trội và thời thượng.', 'tabletsamsung2.png', 2, 122, '2023-06-29 10:29:44', '2023-06-29 10:29:44'),
(219, 3, 'SamSung', 'Tablet SamSung Galaxy Tab A8', 25000000, 34, 'Bạn có đang mong chờ những sản phẩm chất lượng? Sau hàng loạt các sản phẩm đình đám thì hãng đã tung ra chiếc SamSung Galaxy Tab A8 trang bị những tính năng ngày càng vượt trội và thời thượng.', 'tabletsamsung3.png', 0, 199, '2023-06-29 10:29:44', '2023-06-29 10:29:44'),
(220, 3, 'iPad', 'Tablet iPad Pro M2 12.9 inch', 31000000, 22, 'Bạn có đang mong chờ những sản phẩm chất lượng? Sau hàng loạt các sản phẩm đình đám thì \r\n        hãng đã tung ra chiếc iPad Pro M2 12.9 inch trang bị những tính năng ngày càng vượt trội và thời thượng.', 'ipad1.png', 0, 138, '2023-06-29 10:29:44', '2023-06-29 10:29:44'),
(221, 3, 'iPad', 'Tablet iPad Pro M2 11 inch', 31000000, 39, 'Bạn có đang mong chờ những sản phẩm chất lượng? Sau hàng loạt các sản phẩm đình đám thì \r\n        hãng đã tung ra chiếc iPad Pro M2 11 inch trang bị những tính năng ngày càng vượt trội và thời thượng.', 'ipad2.png', 2, 49, '2023-06-29 10:29:44', '2023-06-29 10:29:44'),
(222, 3, 'iPad', 'Tablet iPad Air 5 M1', 25000000, 36, 'Bạn có đang mong chờ những sản phẩm chất lượng? Sau hàng loạt các sản phẩm đình đám thì \r\n        hãng đã tung ra chiếc iPad Air 5 M1 trang bị những tính năng ngày càng vượt trội và thời thượng.', 'ipad3.png', 2, 66, '2023-06-29 10:29:44', '2023-06-29 10:29:44');

-- --------------------------------------------------------

--
-- Table structure for table `rates`
--

CREATE TABLE `rates` (
  `id_rate` int(11) NOT NULL COMMENT 'Mã đánh giá',
  `id_product` int(11) NOT NULL COMMENT 'Mã sản phẩm',
  `id_user` int(11) NOT NULL,
  `point` float NOT NULL DEFAULT 1 COMMENT 'Điểm đánh giá ',
  `updated_at` datetime NOT NULL DEFAULT current_timestamp() COMMENT 'Ngày cập nhật'
) ENGINE=InnoDB DEFAULT CHARSET=utf8mb4 COLLATE=utf8mb4_general_ci;

--
-- Dumping data for table `rates`
--

INSERT INTO `rates` (`id_rate`, `id_product`, `id_user`, `point`, `updated_at`) VALUES
(1, 101, 1, 5, '2023-07-05 20:12:06'),
(2, 101, 1, 3.5, '2023-07-05 20:12:41'),
(3, 102, 1, 3.5, '2023-07-05 20:12:41'),
(4, 103, 1, 3.5, '2023-07-05 20:12:41'),
(5, 104, 1, 3.5, '2023-07-05 20:12:41'),
(6, 105, 1, 3.5, '2023-07-05 20:12:41'),
(7, 106, 1, 5, '2023-07-05 20:12:41'),
(8, 107, 1, 5, '2023-07-05 20:12:41'),
(9, 108, 1, 5, '2023-07-05 20:12:41'),
(10, 109, 1, 5, '2023-07-05 20:12:41'),
(11, 110, 1, 5, '2023-07-05 20:12:41'),
(12, 111, 1, 5, '2023-07-05 20:12:41'),
(13, 112, 1, 5, '2023-07-05 20:12:41'),
(14, 113, 1, 3.5, '2023-07-05 20:12:41'),
(15, 114, 1, 4.5, '2023-07-05 20:12:41'),
(16, 115, 1, 3.5, '2023-07-05 20:12:41'),
(17, 116, 1, 4, '2023-07-05 20:12:41'),
(18, 117, 1, 4, '2023-07-05 20:12:41'),
(19, 118, 1, 5, '2023-07-05 20:12:41'),
(20, 119, 1, 5, '2023-07-05 20:12:41'),
(21, 120, 1, 5, '2023-07-05 20:12:41'),
(22, 121, 1, 4.5, '2023-07-05 20:12:41'),
(23, 122, 1, 5, '2023-07-05 20:12:41'),
(24, 123, 1, 3.5, '2023-07-05 20:12:41'),
(25, 124, 1, 3.5, '2023-07-05 20:12:41'),
(26, 125, 1, 5, '2023-07-05 20:12:41'),
(27, 126, 1, 4.5, '2023-07-05 20:12:41'),
(28, 127, 1, 3.5, '2023-07-05 20:12:41'),
(29, 128, 1, 3.5, '2023-07-05 20:12:41'),
(30, 129, 1, 4, '2023-07-05 20:12:41'),
(31, 130, 1, 4, '2023-07-05 20:12:41'),
(32, 131, 1, 5, '2023-07-05 20:12:41'),
(33, 132, 1, 4.5, '2023-07-05 20:12:42'),
(34, 133, 1, 5, '2023-07-05 20:12:42'),
(35, 134, 1, 5, '2023-07-05 20:12:42'),
(36, 135, 1, 4.5, '2023-07-05 20:12:42'),
(37, 136, 1, 3.5, '2023-07-05 20:12:42'),
(38, 137, 1, 5, '2023-07-05 20:12:42'),
(39, 138, 1, 3.5, '2023-07-05 20:12:42'),
(40, 139, 1, 3.5, '2023-07-05 20:12:42'),
(41, 140, 1, 4, '2023-07-05 20:12:42'),
(42, 141, 1, 5, '2023-07-05 20:12:42'),
(43, 142, 1, 3.5, '2023-07-05 20:12:42'),
(44, 143, 1, 5, '2023-07-05 20:12:42'),
(45, 144, 1, 4.5, '2023-07-05 20:12:42'),
(46, 145, 1, 4, '2023-07-05 20:12:42'),
(47, 146, 1, 4, '2023-07-05 20:12:42'),
(48, 147, 1, 4.5, '2023-07-05 20:12:42'),
(49, 148, 1, 5, '2023-07-05 20:12:42'),
(50, 149, 1, 4, '2023-07-05 20:12:42'),
(51, 150, 1, 5, '2023-07-05 20:12:42'),
(52, 151, 1, 4, '2023-07-05 20:12:42'),
(53, 152, 1, 4.5, '2023-07-05 20:12:42'),
(54, 153, 1, 4.5, '2023-07-05 20:12:42'),
(55, 154, 1, 4.5, '2023-07-05 20:12:42'),
(56, 155, 1, 4.5, '2023-07-05 20:12:42'),
(57, 156, 1, 4.5, '2023-07-05 20:12:42'),
(58, 157, 1, 4.5, '2023-07-05 20:12:42'),
(59, 158, 1, 4, '2023-07-05 20:12:42'),
(60, 159, 1, 3.5, '2023-07-05 20:12:42'),
(61, 160, 1, 5, '2023-07-05 20:12:42'),
(62, 161, 1, 4.5, '2023-07-05 20:12:42'),
(63, 162, 1, 5, '2023-07-05 20:12:42'),
(64, 163, 1, 3.5, '2023-07-05 20:12:42'),
(65, 164, 1, 3.5, '2023-07-05 20:12:42'),
(66, 165, 1, 4.5, '2023-07-05 20:12:42'),
(67, 166, 1, 4, '2023-07-05 20:12:42'),
(68, 167, 1, 4, '2023-07-05 20:12:42'),
(69, 168, 1, 3.5, '2023-07-05 20:12:42'),
(70, 169, 1, 4.5, '2023-07-05 20:12:42'),
(71, 170, 1, 4, '2023-07-05 20:12:42'),
(72, 171, 1, 5, '2023-07-05 20:12:42'),
(73, 172, 1, 5, '2023-07-05 20:12:42'),
(74, 173, 1, 4.5, '2023-07-05 20:12:42'),
(75, 174, 1, 4, '2023-07-05 20:12:42'),
(76, 175, 1, 5, '2023-07-05 20:12:42'),
(77, 176, 1, 4, '2023-07-05 20:12:42'),
(78, 177, 1, 4.5, '2023-07-05 20:12:42'),
(79, 178, 1, 3.5, '2023-07-05 20:12:42'),
(80, 179, 1, 3.5, '2023-07-05 20:12:42'),
(81, 180, 1, 5, '2023-07-05 20:12:42'),
(82, 181, 1, 3.5, '2023-07-05 20:12:42'),
(83, 182, 1, 3.5, '2023-07-05 20:12:42'),
(84, 183, 1, 4, '2023-07-05 20:12:42'),
(85, 184, 1, 4.5, '2023-07-05 20:12:42'),
(86, 185, 1, 4.5, '2023-07-05 20:12:42'),
(87, 186, 1, 5, '2023-07-05 20:12:42'),
(88, 187, 1, 4, '2023-07-05 20:12:42'),
(89, 188, 1, 3.5, '2023-07-05 20:12:42'),
(90, 189, 1, 3.5, '2023-07-05 20:12:42'),
(91, 190, 1, 5, '2023-07-05 20:12:42'),
(92, 191, 1, 5, '2023-07-05 20:12:42'),
(93, 192, 1, 4, '2023-07-05 20:12:42'),
(94, 193, 1, 5, '2023-07-05 20:12:42'),
(95, 194, 1, 3.5, '2023-07-05 20:12:42'),
(96, 195, 1, 4.5, '2023-07-05 20:12:42'),
(97, 196, 1, 5, '2023-07-05 20:12:42'),
(98, 197, 1, 3.5, '2023-07-05 20:12:42'),
(99, 198, 1, 5, '2023-07-05 20:12:42'),
(100, 199, 1, 4, '2023-07-05 20:12:42'),
(101, 200, 1, 4.5, '2023-07-05 20:12:42'),
(102, 201, 1, 4.5, '2023-07-05 20:12:42'),
(103, 202, 1, 4, '2023-07-05 20:12:42'),
(104, 203, 1, 4.5, '2023-07-05 20:12:42'),
(105, 204, 1, 4, '2023-07-05 20:12:42'),
(106, 205, 1, 4, '2023-07-05 20:12:42'),
(107, 206, 1, 4, '2023-07-05 20:12:42'),
(108, 207, 1, 4.5, '2023-07-05 20:12:42'),
(109, 208, 1, 4.5, '2023-07-05 20:12:42'),
(110, 209, 1, 5, '2023-07-05 20:12:42'),
(111, 210, 1, 4.5, '2023-07-05 20:12:42'),
(112, 211, 1, 4.5, '2023-07-05 20:12:42'),
(113, 212, 1, 4, '2023-07-05 20:12:42'),
(114, 213, 1, 5, '2023-07-05 20:12:42'),
(115, 214, 1, 4, '2023-07-05 20:12:42'),
(116, 215, 1, 4.5, '2023-07-05 20:12:42'),
(117, 216, 1, 4, '2023-07-05 20:12:42'),
(118, 217, 1, 5, '2023-07-05 20:12:42'),
(119, 218, 1, 4.5, '2023-07-05 20:12:42'),
(120, 219, 1, 5, '2023-07-05 20:12:42'),
(121, 220, 1, 3.5, '2023-07-05 20:12:43'),
(122, 221, 1, 3.5, '2023-07-05 20:12:43'),
(123, 222, 1, 4, '2023-07-05 20:12:43'),
(124, 101, 2, 3.5, '2023-07-05 20:12:43'),
(125, 102, 2, 5, '2023-07-05 20:12:43'),
(126, 103, 2, 5, '2023-07-05 20:12:43'),
(127, 104, 2, 5, '2023-07-05 20:12:43'),
(128, 105, 2, 4, '2023-07-05 20:12:43'),
(129, 106, 2, 5, '2023-07-05 20:12:43'),
(130, 107, 2, 3.5, '2023-07-05 20:12:43'),
(131, 108, 2, 5, '2023-07-05 20:12:43'),
(132, 109, 2, 5, '2023-07-05 20:12:43'),
(133, 110, 2, 3.5, '2023-07-05 20:12:43'),
(134, 111, 2, 4.5, '2023-07-05 20:12:43'),
(135, 112, 2, 3.5, '2023-07-05 20:12:43'),
(136, 113, 2, 3.5, '2023-07-05 20:12:43'),
(137, 114, 2, 5, '2023-07-05 20:12:43'),
(138, 115, 2, 4.5, '2023-07-05 20:12:43'),
(139, 116, 2, 4, '2023-07-05 20:12:43'),
(140, 117, 2, 4.5, '2023-07-05 20:12:43'),
(141, 118, 2, 4, '2023-07-05 20:12:43'),
(142, 119, 2, 5, '2023-07-05 20:12:43'),
(143, 120, 2, 4, '2023-07-05 20:12:43'),
(144, 121, 2, 3.5, '2023-07-05 20:12:43'),
(145, 122, 2, 4.5, '2023-07-05 20:12:43'),
(146, 123, 2, 4, '2023-07-05 20:12:43'),
(147, 124, 2, 3.5, '2023-07-05 20:12:43'),
(148, 125, 2, 4, '2023-07-05 20:12:43'),
(149, 126, 2, 4.5, '2023-07-05 20:12:43'),
(150, 127, 2, 3.5, '2023-07-05 20:12:43'),
(151, 128, 2, 5, '2023-07-05 20:12:43'),
(152, 129, 2, 3.5, '2023-07-05 20:12:43'),
(153, 130, 2, 4.5, '2023-07-05 20:12:43'),
(154, 131, 2, 4, '2023-07-05 20:12:43'),
(155, 132, 2, 5, '2023-07-05 20:12:43'),
(156, 133, 2, 4, '2023-07-05 20:12:43'),
(157, 134, 2, 4, '2023-07-05 20:12:43'),
(158, 135, 2, 4.5, '2023-07-05 20:12:43'),
(159, 136, 2, 5, '2023-07-05 20:12:43'),
(160, 137, 2, 3.5, '2023-07-05 20:12:43'),
(161, 138, 2, 4, '2023-07-05 20:12:43'),
(162, 139, 2, 4.5, '2023-07-05 20:12:43'),
(163, 140, 2, 4, '2023-07-05 20:12:43'),
(164, 141, 2, 4.5, '2023-07-05 20:12:43'),
(165, 142, 2, 5, '2023-07-05 20:12:43'),
(166, 143, 2, 5, '2023-07-05 20:12:43'),
(167, 144, 2, 3.5, '2023-07-05 20:12:43'),
(168, 145, 2, 4.5, '2023-07-05 20:12:43'),
(169, 146, 2, 4, '2023-07-05 20:12:43'),
(170, 147, 2, 4, '2023-07-05 20:12:43'),
(171, 148, 2, 4.5, '2023-07-05 20:12:43'),
(172, 149, 2, 4, '2023-07-05 20:12:43'),
(173, 150, 2, 4, '2023-07-05 20:12:43'),
(174, 151, 2, 4, '2023-07-05 20:12:43'),
(175, 152, 2, 4, '2023-07-05 20:12:43'),
(176, 153, 2, 3.5, '2023-07-05 20:12:43'),
(177, 154, 2, 5, '2023-07-05 20:12:43'),
(178, 155, 2, 5, '2023-07-05 20:12:43'),
(179, 156, 2, 3.5, '2023-07-05 20:12:43'),
(180, 157, 2, 3.5, '2023-07-05 20:12:43'),
(181, 158, 2, 5, '2023-07-05 20:12:43'),
(182, 159, 2, 5, '2023-07-05 20:12:43'),
(183, 160, 2, 4, '2023-07-05 20:12:43'),
(184, 161, 2, 4.5, '2023-07-05 20:12:43'),
(185, 162, 2, 5, '2023-07-05 20:12:43'),
(186, 163, 2, 5, '2023-07-05 20:12:43'),
(187, 164, 2, 4.5, '2023-07-05 20:12:43'),
(188, 165, 2, 3.5, '2023-07-05 20:12:43'),
(189, 166, 2, 3.5, '2023-07-05 20:12:43'),
(190, 167, 2, 3.5, '2023-07-05 20:12:43'),
(191, 168, 2, 3.5, '2023-07-05 20:12:43'),
(192, 169, 2, 4, '2023-07-05 20:12:43'),
(193, 170, 2, 4.5, '2023-07-05 20:12:43'),
(194, 171, 2, 5, '2023-07-05 20:12:43'),
(195, 172, 2, 4.5, '2023-07-05 20:12:43'),
(196, 173, 2, 3.5, '2023-07-05 20:12:43'),
(197, 174, 2, 5, '2023-07-05 20:12:43'),
(198, 175, 2, 4.5, '2023-07-05 20:12:43'),
(199, 176, 2, 5, '2023-07-05 20:12:43'),
(200, 177, 2, 5, '2023-07-05 20:12:43'),
(201, 178, 2, 4, '2023-07-05 20:12:43'),
(202, 179, 2, 4, '2023-07-05 20:12:43'),
(203, 180, 2, 4.5, '2023-07-05 20:12:43'),
(204, 181, 2, 5, '2023-07-05 20:12:43'),
(205, 182, 2, 4, '2023-07-05 20:12:43'),
(206, 183, 2, 3.5, '2023-07-05 20:12:43'),
(207, 184, 2, 5, '2023-07-05 20:12:43'),
(208, 185, 2, 4, '2023-07-05 20:12:43'),
(209, 186, 2, 4.5, '2023-07-05 20:12:43'),
(210, 187, 2, 3.5, '2023-07-05 20:12:43'),
(211, 188, 2, 3.5, '2023-07-05 20:12:43'),
(212, 189, 2, 3.5, '2023-07-05 20:12:43'),
(213, 190, 2, 3.5, '2023-07-05 20:12:43'),
(214, 191, 2, 3.5, '2023-07-05 20:12:43'),
(215, 192, 2, 4, '2023-07-05 20:12:43'),
(216, 193, 2, 5, '2023-07-05 20:12:43'),
(217, 194, 2, 4.5, '2023-07-05 20:12:43'),
(218, 195, 2, 5, '2023-07-05 20:12:43'),
(219, 196, 2, 4.5, '2023-07-05 20:12:43'),
(220, 197, 2, 4.5, '2023-07-05 20:12:43'),
(221, 198, 2, 5, '2023-07-05 20:12:43'),
(222, 199, 2, 4, '2023-07-05 20:12:43'),
(223, 200, 2, 4.5, '2023-07-05 20:12:44'),
(224, 201, 2, 4.5, '2023-07-05 20:12:44'),
(225, 202, 2, 5, '2023-07-05 20:12:44'),
(226, 203, 2, 4, '2023-07-05 20:12:44'),
(227, 204, 2, 3.5, '2023-07-05 20:12:44'),
(228, 205, 2, 5, '2023-07-05 20:12:44'),
(229, 206, 2, 4, '2023-07-05 20:12:44'),
(230, 207, 2, 4.5, '2023-07-05 20:12:44'),
(231, 208, 2, 4, '2023-07-05 20:12:44'),
(232, 209, 2, 5, '2023-07-05 20:12:44'),
(233, 210, 2, 4, '2023-07-05 20:12:44'),
(234, 211, 2, 4.5, '2023-07-05 20:12:44'),
(235, 212, 2, 3.5, '2023-07-05 20:12:44'),
(236, 213, 2, 5, '2023-07-05 20:12:44'),
(237, 214, 2, 4.5, '2023-07-05 20:12:44'),
(238, 215, 2, 5, '2023-07-05 20:12:44'),
(239, 216, 2, 4, '2023-07-05 20:12:44'),
(240, 217, 2, 4, '2023-07-05 20:12:44'),
(241, 218, 2, 3.5, '2023-07-05 20:12:44'),
(242, 219, 2, 4, '2023-07-05 20:12:44'),
(243, 220, 2, 4, '2023-07-05 20:12:44'),
(244, 221, 2, 4, '2023-07-05 20:12:44'),
(245, 222, 2, 4, '2023-07-05 20:12:44'),
(246, 101, 3, 3.5, '2023-07-05 20:12:44'),
(247, 102, 3, 3.5, '2023-07-05 20:12:44'),
(248, 103, 3, 3.5, '2023-07-05 20:12:44'),
(249, 104, 3, 5, '2023-07-05 20:12:44'),
(250, 105, 3, 5, '2023-07-05 20:12:44'),
(251, 106, 3, 4.5, '2023-07-05 20:12:44'),
(252, 107, 3, 5, '2023-07-05 20:12:44'),
(253, 108, 3, 4, '2023-07-05 20:12:44'),
(254, 109, 3, 5, '2023-07-05 20:12:44'),
(255, 110, 3, 4, '2023-07-05 20:12:44'),
(256, 111, 3, 4, '2023-07-05 20:12:44'),
(257, 112, 3, 4, '2023-07-05 20:12:44'),
(258, 113, 3, 3.5, '2023-07-05 20:12:44'),
(259, 114, 3, 3.5, '2023-07-05 20:12:44'),
(260, 115, 3, 4.5, '2023-07-05 20:12:44'),
(261, 116, 3, 4, '2023-07-05 20:12:44'),
(262, 117, 3, 4.5, '2023-07-05 20:12:44'),
(263, 118, 3, 4, '2023-07-05 20:12:44'),
(264, 119, 3, 5, '2023-07-05 20:12:44'),
(265, 120, 3, 3.5, '2023-07-05 20:12:44'),
(266, 121, 3, 4, '2023-07-05 20:12:44'),
(267, 122, 3, 4.5, '2023-07-05 20:12:44'),
(268, 123, 3, 4.5, '2023-07-05 20:12:44'),
(269, 124, 3, 4.5, '2023-07-05 20:12:44'),
(270, 125, 3, 4, '2023-07-05 20:12:44'),
(271, 126, 3, 3.5, '2023-07-05 20:12:44'),
(272, 127, 3, 4.5, '2023-07-05 20:12:44'),
(273, 128, 3, 4, '2023-07-05 20:12:44'),
(274, 129, 3, 4.5, '2023-07-05 20:12:44'),
(275, 130, 3, 4.5, '2023-07-05 20:12:44'),
(276, 131, 3, 3.5, '2023-07-05 20:12:44'),
(277, 132, 3, 3.5, '2023-07-05 20:12:44'),
(278, 133, 3, 5, '2023-07-05 20:12:44'),
(279, 134, 3, 4.5, '2023-07-05 20:12:44'),
(280, 135, 3, 4, '2023-07-05 20:12:44'),
(281, 136, 3, 3.5, '2023-07-05 20:12:44'),
(282, 137, 3, 4, '2023-07-05 20:12:44'),
(283, 138, 3, 5, '2023-07-05 20:12:44'),
(284, 139, 3, 3.5, '2023-07-05 20:12:44'),
(285, 140, 3, 4, '2023-07-05 20:12:44'),
(286, 141, 3, 4.5, '2023-07-05 20:12:44'),
(287, 142, 3, 4, '2023-07-05 20:12:44'),
(288, 143, 3, 3.5, '2023-07-05 20:12:44'),
(289, 144, 3, 4, '2023-07-05 20:12:44'),
(290, 145, 3, 4, '2023-07-05 20:12:44'),
(291, 146, 3, 4, '2023-07-05 20:12:44'),
(292, 147, 3, 5, '2023-07-05 20:12:44'),
(293, 148, 3, 5, '2023-07-05 20:12:44'),
(294, 149, 3, 4, '2023-07-05 20:12:44'),
(295, 150, 3, 3.5, '2023-07-05 20:12:44'),
(296, 151, 3, 3.5, '2023-07-05 20:12:44'),
(297, 152, 3, 4.5, '2023-07-05 20:12:44'),
(298, 153, 3, 4, '2023-07-05 20:12:44'),
(299, 154, 3, 4.5, '2023-07-05 20:12:44'),
(300, 155, 3, 5, '2023-07-05 20:12:44'),
(301, 156, 3, 4, '2023-07-05 20:12:44'),
(302, 157, 3, 4.5, '2023-07-05 20:12:44'),
(303, 158, 3, 4, '2023-07-05 20:12:44'),
(304, 159, 3, 5, '2023-07-05 20:12:44'),
(305, 160, 3, 4, '2023-07-05 20:12:44'),
(306, 161, 3, 5, '2023-07-05 20:12:44'),
(307, 162, 3, 4.5, '2023-07-05 20:12:44'),
(308, 163, 3, 4.5, '2023-07-05 20:12:44'),
(309, 164, 3, 3.5, '2023-07-05 20:12:44'),
(310, 165, 3, 3.5, '2023-07-05 20:12:44'),
(311, 166, 3, 5, '2023-07-05 20:12:44'),
(312, 167, 3, 3.5, '2023-07-05 20:12:44'),
(313, 168, 3, 5, '2023-07-05 20:12:44'),
(314, 169, 3, 3.5, '2023-07-05 20:12:44'),
(315, 170, 3, 3.5, '2023-07-05 20:12:44'),
(316, 171, 3, 3.5, '2023-07-05 20:12:44'),
(317, 172, 3, 4.5, '2023-07-05 20:12:44'),
(318, 173, 3, 3.5, '2023-07-05 20:12:44'),
(319, 174, 3, 5, '2023-07-05 20:12:45'),
(320, 175, 3, 5, '2023-07-05 20:12:45'),
(321, 176, 3, 4, '2023-07-05 20:12:45'),
(322, 177, 3, 3.5, '2023-07-05 20:12:45'),
(323, 178, 3, 4, '2023-07-05 20:12:45'),
(324, 179, 3, 4, '2023-07-05 20:12:45'),
(325, 180, 3, 3.5, '2023-07-05 20:12:45'),
(326, 181, 3, 4.5, '2023-07-05 20:12:45'),
(327, 182, 3, 4, '2023-07-05 20:12:45'),
(328, 183, 3, 5, '2023-07-05 20:12:45'),
(329, 184, 3, 3.5, '2023-07-05 20:12:45'),
(330, 185, 3, 5, '2023-07-05 20:12:45'),
(331, 186, 3, 5, '2023-07-05 20:12:45'),
(332, 187, 3, 5, '2023-07-05 20:12:45'),
(333, 188, 3, 4, '2023-07-05 20:12:45'),
(334, 189, 3, 5, '2023-07-05 20:12:45'),
(335, 190, 3, 4, '2023-07-05 20:12:45'),
(336, 191, 3, 3.5, '2023-07-05 20:12:45'),
(337, 192, 3, 5, '2023-07-05 20:12:45'),
(338, 193, 3, 5, '2023-07-05 20:12:45'),
(339, 194, 3, 4.5, '2023-07-05 20:12:45'),
(340, 195, 3, 3.5, '2023-07-05 20:12:45'),
(341, 196, 3, 4, '2023-07-05 20:12:45'),
(342, 197, 3, 4, '2023-07-05 20:12:45'),
(343, 198, 3, 5, '2023-07-05 20:12:45'),
(344, 199, 3, 3.5, '2023-07-05 20:12:45'),
(345, 200, 3, 4.5, '2023-07-05 20:12:45'),
(346, 201, 3, 4, '2023-07-05 20:12:45'),
(347, 202, 3, 5, '2023-07-05 20:12:45'),
(348, 203, 3, 4, '2023-07-05 20:12:45'),
(349, 204, 3, 5, '2023-07-05 20:12:45'),
(350, 205, 3, 4.5, '2023-07-05 20:12:45'),
(351, 206, 3, 5, '2023-07-05 20:12:45'),
(352, 207, 3, 5, '2023-07-05 20:12:45'),
(353, 208, 3, 4.5, '2023-07-05 20:12:45'),
(354, 209, 3, 3.5, '2023-07-05 20:12:45'),
(355, 210, 3, 4, '2023-07-05 20:12:45'),
(356, 211, 3, 4, '2023-07-05 20:12:45'),
(357, 212, 3, 5, '2023-07-05 20:12:45'),
(358, 213, 3, 3.5, '2023-07-05 20:12:45'),
(359, 214, 3, 4.5, '2023-07-05 20:12:45'),
(360, 215, 3, 3.5, '2023-07-05 20:12:45'),
(361, 216, 3, 5, '2023-07-05 20:12:45'),
(362, 217, 3, 3.5, '2023-07-05 20:12:45'),
(363, 218, 3, 5, '2023-07-05 20:12:45'),
(364, 219, 3, 5, '2023-07-05 20:12:45'),
(365, 220, 3, 4.5, '2023-07-05 20:12:45'),
(366, 221, 3, 4, '2023-07-05 20:12:45'),
(367, 222, 3, 5, '2023-07-05 20:12:45'),
(368, 101, 4, 3.5, '2023-07-05 20:12:45'),
(369, 102, 4, 4.5, '2023-07-05 20:12:45'),
(370, 103, 4, 3.5, '2023-07-05 20:12:45'),
(371, 104, 4, 4, '2023-07-05 20:12:45'),
(372, 105, 4, 4.5, '2023-07-05 20:12:45'),
(373, 106, 4, 3.5, '2023-07-05 20:12:45'),
(374, 107, 4, 5, '2023-07-05 20:12:45'),
(375, 108, 4, 5, '2023-07-05 20:12:45'),
(376, 109, 4, 3.5, '2023-07-05 20:12:45'),
(377, 110, 4, 4.5, '2023-07-05 20:12:45'),
(378, 111, 4, 5, '2023-07-05 20:12:45'),
(379, 112, 4, 5, '2023-07-05 20:12:45'),
(380, 113, 4, 4, '2023-07-05 20:12:45'),
(381, 114, 4, 4.5, '2023-07-05 20:12:45'),
(382, 115, 4, 4, '2023-07-05 20:12:45'),
(383, 116, 4, 4.5, '2023-07-05 20:12:45'),
(384, 117, 4, 3.5, '2023-07-05 20:12:45'),
(385, 118, 4, 3.5, '2023-07-05 20:12:45'),
(386, 119, 4, 3.5, '2023-07-05 20:12:45'),
(387, 120, 4, 4.5, '2023-07-05 20:12:45'),
(388, 121, 4, 3.5, '2023-07-05 20:12:45'),
(389, 122, 4, 5, '2023-07-05 20:12:45'),
(390, 123, 4, 3.5, '2023-07-05 20:12:45'),
(391, 124, 4, 5, '2023-07-05 20:12:45'),
(392, 125, 4, 5, '2023-07-05 20:12:45'),
(393, 126, 4, 4, '2023-07-05 20:12:45'),
(394, 127, 4, 4, '2023-07-05 20:12:45'),
(395, 128, 4, 3.5, '2023-07-05 20:12:45'),
(396, 129, 4, 4, '2023-07-05 20:12:45'),
(397, 130, 4, 4.5, '2023-07-05 20:12:45'),
(398, 131, 4, 3.5, '2023-07-05 20:12:45'),
(399, 132, 4, 3.5, '2023-07-05 20:12:45'),
(400, 133, 4, 3.5, '2023-07-05 20:12:45'),
(401, 134, 4, 5, '2023-07-05 20:12:45'),
(402, 135, 4, 5, '2023-07-05 20:12:45'),
(403, 136, 4, 4.5, '2023-07-05 20:12:45'),
(404, 137, 4, 5, '2023-07-05 20:12:45'),
(405, 138, 4, 5, '2023-07-05 20:12:45'),
(406, 139, 4, 5, '2023-07-05 20:12:45'),
(407, 140, 4, 5, '2023-07-05 20:12:45'),
(408, 141, 4, 3.5, '2023-07-05 20:12:45'),
(409, 142, 4, 3.5, '2023-07-05 20:12:45'),
(410, 143, 4, 4.5, '2023-07-05 20:12:45'),
(411, 144, 4, 4, '2023-07-05 20:12:45'),
(412, 145, 4, 5, '2023-07-05 20:12:45'),
(413, 146, 4, 5, '2023-07-05 20:12:45'),
(414, 147, 4, 4, '2023-07-05 20:12:45'),
(415, 148, 4, 4, '2023-07-05 20:12:45'),
(416, 149, 4, 4.5, '2023-07-05 20:12:45'),
(417, 150, 4, 3.5, '2023-07-05 20:12:45'),
(418, 151, 4, 4.5, '2023-07-05 20:12:45'),
(419, 152, 4, 4.5, '2023-07-05 20:12:45'),
(420, 153, 4, 5, '2023-07-05 20:12:45'),
(421, 154, 4, 3.5, '2023-07-05 20:12:45'),
(422, 155, 4, 3.5, '2023-07-05 20:12:45'),
(423, 156, 4, 4, '2023-07-05 20:12:45'),
(424, 157, 4, 4, '2023-07-05 20:12:45'),
(425, 158, 4, 3.5, '2023-07-05 20:12:45'),
(426, 159, 4, 4, '2023-07-05 20:12:45'),
(427, 160, 4, 4, '2023-07-05 20:12:45'),
(428, 161, 4, 4.5, '2023-07-05 20:12:45'),
(429, 162, 4, 3.5, '2023-07-05 20:12:45'),
(430, 163, 4, 5, '2023-07-05 20:12:45'),
(431, 164, 4, 5, '2023-07-05 20:12:45'),
(432, 165, 4, 3.5, '2023-07-05 20:12:45'),
(433, 166, 4, 5, '2023-07-05 20:12:45'),
(434, 167, 4, 4.5, '2023-07-05 20:12:45'),
(435, 168, 4, 3.5, '2023-07-05 20:12:45'),
(436, 169, 4, 4, '2023-07-05 20:12:45'),
(437, 170, 4, 3.5, '2023-07-05 20:12:45'),
(438, 171, 4, 4.5, '2023-07-05 20:12:45'),
(439, 172, 4, 3.5, '2023-07-05 20:12:45'),
(440, 173, 4, 3.5, '2023-07-05 20:12:45'),
(441, 174, 4, 4.5, '2023-07-05 20:12:45'),
(442, 175, 4, 3.5, '2023-07-05 20:12:45'),
(443, 176, 4, 4, '2023-07-05 20:12:45'),
(444, 177, 4, 5, '2023-07-05 20:12:45'),
(445, 178, 4, 4, '2023-07-05 20:12:46'),
(446, 179, 4, 3.5, '2023-07-05 20:12:46'),
(447, 180, 4, 4, '2023-07-05 20:12:46'),
(448, 181, 4, 4.5, '2023-07-05 20:12:46'),
(449, 182, 4, 5, '2023-07-05 20:12:46'),
(450, 183, 4, 5, '2023-07-05 20:12:46'),
(451, 184, 4, 5, '2023-07-05 20:12:46'),
(452, 185, 4, 5, '2023-07-05 20:12:46'),
(453, 186, 4, 3.5, '2023-07-05 20:12:46'),
(454, 187, 4, 4.5, '2023-07-05 20:12:46'),
(455, 188, 4, 5, '2023-07-05 20:12:46'),
(456, 189, 4, 3.5, '2023-07-05 20:12:46'),
(457, 190, 4, 4, '2023-07-05 20:12:46'),
(458, 191, 4, 4.5, '2023-07-05 20:12:46'),
(459, 192, 4, 5, '2023-07-05 20:12:46'),
(460, 193, 4, 4, '2023-07-05 20:12:46'),
(461, 194, 4, 3.5, '2023-07-05 20:12:46'),
(462, 195, 4, 3.5, '2023-07-05 20:12:46'),
(463, 196, 4, 4, '2023-07-05 20:12:46'),
(464, 197, 4, 5, '2023-07-05 20:12:46'),
(465, 198, 4, 4.5, '2023-07-05 20:12:46'),
(466, 199, 4, 5, '2023-07-05 20:12:46'),
(467, 200, 4, 4.5, '2023-07-05 20:12:46'),
(468, 201, 4, 5, '2023-07-05 20:12:46'),
(469, 202, 4, 4.5, '2023-07-05 20:12:46'),
(470, 203, 4, 3.5, '2023-07-05 20:12:46'),
(471, 204, 4, 4, '2023-07-05 20:12:46'),
(472, 205, 4, 5, '2023-07-05 20:12:46'),
(473, 206, 4, 5, '2023-07-05 20:12:46'),
(474, 207, 4, 3.5, '2023-07-05 20:12:46'),
(475, 208, 4, 5, '2023-07-05 20:12:46'),
(476, 209, 4, 5, '2023-07-05 20:12:46'),
(477, 210, 4, 4.5, '2023-07-05 20:12:46'),
(478, 211, 4, 4, '2023-07-05 20:12:46'),
(479, 212, 4, 4.5, '2023-07-05 20:12:46'),
(480, 213, 4, 5, '2023-07-05 20:12:46'),
(481, 214, 4, 3.5, '2023-07-05 20:12:46'),
(482, 215, 4, 3.5, '2023-07-05 20:12:46'),
(483, 216, 4, 3.5, '2023-07-05 20:12:46'),
(484, 217, 4, 4.5, '2023-07-05 20:12:46'),
(485, 218, 4, 4, '2023-07-05 20:12:46'),
(486, 219, 4, 5, '2023-07-05 20:12:46'),
(487, 220, 4, 3.5, '2023-07-05 20:12:46'),
(488, 221, 4, 4.5, '2023-07-05 20:12:46'),
(489, 222, 4, 4.5, '2023-07-05 20:12:46'),
(490, 101, 5, 4.5, '2023-07-05 20:12:46'),
(491, 102, 5, 4, '2023-07-05 20:12:46'),
(492, 103, 5, 4, '2023-07-05 20:12:46'),
(493, 104, 5, 3.5, '2023-07-05 20:12:46'),
(494, 105, 5, 3.5, '2023-07-05 20:12:46'),
(495, 106, 5, 3.5, '2023-07-05 20:12:46'),
(496, 107, 5, 4.5, '2023-07-05 20:12:46'),
(497, 108, 5, 4, '2023-07-05 20:12:46'),
(498, 109, 5, 4.5, '2023-07-05 20:12:46'),
(499, 110, 5, 4.5, '2023-07-05 20:12:46'),
(500, 111, 5, 3.5, '2023-07-05 20:12:46'),
(501, 112, 5, 4, '2023-07-05 20:12:46'),
(502, 113, 5, 5, '2023-07-05 20:12:46'),
(503, 114, 5, 5, '2023-07-05 20:12:46'),
(504, 115, 5, 3.5, '2023-07-05 20:12:46'),
(505, 116, 5, 4.5, '2023-07-05 20:12:46'),
(506, 117, 5, 4, '2023-07-05 20:12:46'),
(507, 118, 5, 3.5, '2023-07-05 20:12:46'),
(508, 119, 5, 4, '2023-07-05 20:12:46'),
(509, 120, 5, 4.5, '2023-07-05 20:12:46'),
(510, 121, 5, 4, '2023-07-05 20:12:46'),
(511, 122, 5, 4.5, '2023-07-05 20:12:46'),
(512, 123, 5, 5, '2023-07-05 20:12:46'),
(513, 124, 5, 4.5, '2023-07-05 20:12:46'),
(514, 125, 5, 4, '2023-07-05 20:12:46'),
(515, 126, 5, 4, '2023-07-05 20:12:46'),
(516, 127, 5, 4, '2023-07-05 20:12:46'),
(517, 128, 5, 4, '2023-07-05 20:12:46'),
(518, 129, 5, 3.5, '2023-07-05 20:12:46'),
(519, 130, 5, 4.5, '2023-07-05 20:12:46'),
(520, 131, 5, 3.5, '2023-07-05 20:12:46'),
(521, 132, 5, 4.5, '2023-07-05 20:12:46'),
(522, 133, 5, 4, '2023-07-05 20:12:46'),
(523, 134, 5, 3.5, '2023-07-05 20:12:46'),
(524, 135, 5, 4, '2023-07-05 20:12:46'),
(525, 136, 5, 4, '2023-07-05 20:12:46'),
(526, 137, 5, 5, '2023-07-05 20:12:46'),
(527, 138, 5, 4, '2023-07-05 20:12:46'),
(528, 139, 5, 4, '2023-07-05 20:12:46'),
(529, 140, 5, 3.5, '2023-07-05 20:12:46'),
(530, 141, 5, 5, '2023-07-05 20:12:46'),
(531, 142, 5, 5, '2023-07-05 20:12:46'),
(532, 143, 5, 4, '2023-07-05 20:12:46'),
(533, 144, 5, 4, '2023-07-05 20:12:46'),
(534, 145, 5, 3.5, '2023-07-05 20:12:46'),
(535, 146, 5, 3.5, '2023-07-05 20:12:46'),
(536, 147, 5, 4, '2023-07-05 20:12:46'),
(537, 148, 5, 3.5, '2023-07-05 20:12:46'),
(538, 149, 5, 4, '2023-07-05 20:12:46'),
(539, 150, 5, 4, '2023-07-05 20:12:46'),
(540, 151, 5, 3.5, '2023-07-05 20:12:46'),
(541, 152, 5, 5, '2023-07-05 20:12:46'),
(542, 153, 5, 4, '2023-07-05 20:12:46'),
(543, 154, 5, 5, '2023-07-05 20:12:46'),
(544, 155, 5, 4, '2023-07-05 20:12:46'),
(545, 156, 5, 3.5, '2023-07-05 20:12:46'),
(546, 157, 5, 5, '2023-07-05 20:12:46'),
(547, 158, 5, 4.5, '2023-07-05 20:12:46'),
(548, 159, 5, 4, '2023-07-05 20:12:46'),
(549, 160, 5, 3.5, '2023-07-05 20:12:46'),
(550, 161, 5, 4, '2023-07-05 20:12:46'),
(551, 162, 5, 3.5, '2023-07-05 20:12:46'),
(552, 163, 5, 4.5, '2023-07-05 20:12:46'),
(553, 164, 5, 4, '2023-07-05 20:12:46'),
(554, 165, 5, 3.5, '2023-07-05 20:12:46'),
(555, 166, 5, 4, '2023-07-05 20:12:46'),
(556, 167, 5, 4, '2023-07-05 20:12:47'),
(557, 168, 5, 3.5, '2023-07-05 20:12:47'),
(558, 169, 5, 4.5, '2023-07-05 20:12:47'),
(559, 170, 5, 5, '2023-07-05 20:12:47'),
(560, 171, 5, 3.5, '2023-07-05 20:12:47'),
(561, 172, 5, 3.5, '2023-07-05 20:12:47'),
(562, 173, 5, 4, '2023-07-05 20:12:47'),
(563, 174, 5, 3.5, '2023-07-05 20:12:47'),
(564, 175, 5, 4, '2023-07-05 20:12:47'),
(565, 176, 5, 4, '2023-07-05 20:12:47'),
(566, 177, 5, 4.5, '2023-07-05 20:12:47'),
(567, 178, 5, 4.5, '2023-07-05 20:12:47'),
(568, 179, 5, 4, '2023-07-05 20:12:47'),
(569, 180, 5, 4.5, '2023-07-05 20:12:47'),
(570, 181, 5, 3.5, '2023-07-05 20:12:47'),
(571, 182, 5, 3.5, '2023-07-05 20:12:47'),
(572, 183, 5, 4, '2023-07-05 20:12:47'),
(573, 184, 5, 5, '2023-07-05 20:12:47'),
(574, 185, 5, 4.5, '2023-07-05 20:12:47'),
(575, 186, 5, 4.5, '2023-07-05 20:12:47'),
(576, 187, 5, 4.5, '2023-07-05 20:12:47'),
(577, 188, 5, 5, '2023-07-05 20:12:47'),
(578, 189, 5, 3.5, '2023-07-05 20:12:47'),
(579, 190, 5, 4, '2023-07-05 20:12:47'),
(580, 191, 5, 4, '2023-07-05 20:12:47'),
(581, 192, 5, 5, '2023-07-05 20:12:47'),
(582, 193, 5, 3.5, '2023-07-05 20:12:47'),
(583, 194, 5, 4.5, '2023-07-05 20:12:47'),
(584, 195, 5, 4.5, '2023-07-05 20:12:47'),
(585, 196, 5, 4.5, '2023-07-05 20:12:47'),
(586, 197, 5, 3.5, '2023-07-05 20:12:47'),
(587, 198, 5, 4.5, '2023-07-05 20:12:47'),
(588, 199, 5, 3.5, '2023-07-05 20:12:47'),
(589, 200, 5, 3.5, '2023-07-05 20:12:47'),
(590, 201, 5, 4.5, '2023-07-05 20:12:47'),
(591, 202, 5, 4.5, '2023-07-05 20:12:47'),
(592, 203, 5, 4.5, '2023-07-05 20:12:47'),
(593, 204, 5, 3.5, '2023-07-05 20:12:47'),
(594, 205, 5, 4, '2023-07-05 20:12:47'),
(595, 206, 5, 3.5, '2023-07-05 20:12:47'),
(596, 207, 5, 4.5, '2023-07-05 20:12:47'),
(597, 208, 5, 3.5, '2023-07-05 20:12:47'),
(598, 209, 5, 4.5, '2023-07-05 20:12:47'),
(599, 210, 5, 5, '2023-07-05 20:12:47'),
(600, 211, 5, 4.5, '2023-07-05 20:12:47'),
(601, 212, 5, 3.5, '2023-07-05 20:12:47'),
(602, 213, 5, 3.5, '2023-07-05 20:12:47'),
(603, 214, 5, 5, '2023-07-05 20:12:47'),
(604, 215, 5, 4, '2023-07-05 20:12:47'),
(605, 216, 5, 4.5, '2023-07-05 20:12:47'),
(606, 217, 5, 4.5, '2023-07-05 20:12:47'),
(607, 218, 5, 3.5, '2023-07-05 20:12:47'),
(608, 219, 5, 3.5, '2023-07-05 20:12:47'),
(609, 220, 5, 5, '2023-07-05 20:12:47'),
(610, 221, 5, 5, '2023-07-05 20:12:47'),
(611, 222, 5, 4.5, '2023-07-05 20:12:47'),
(612, 101, 6, 3.5, '2023-07-05 20:12:47'),
(613, 102, 6, 4, '2023-07-05 20:12:47'),
(614, 103, 6, 5, '2023-07-05 20:12:47'),
(615, 104, 6, 3.5, '2023-07-05 20:12:47'),
(616, 105, 6, 4, '2023-07-05 20:12:47'),
(617, 106, 6, 4.5, '2023-07-05 20:12:47'),
(618, 107, 6, 3.5, '2023-07-05 20:12:47'),
(619, 108, 6, 4, '2023-07-05 20:12:47'),
(620, 109, 6, 4.5, '2023-07-05 20:12:47'),
(621, 110, 6, 3.5, '2023-07-05 20:12:47'),
(622, 111, 6, 4, '2023-07-05 20:12:47'),
(623, 112, 6, 5, '2023-07-05 20:12:47'),
(624, 113, 6, 5, '2023-07-05 20:12:47'),
(625, 114, 6, 4, '2023-07-05 20:12:47'),
(626, 115, 6, 3.5, '2023-07-05 20:12:47'),
(627, 116, 6, 3.5, '2023-07-05 20:12:47'),
(628, 117, 6, 5, '2023-07-05 20:12:47'),
(629, 118, 6, 3.5, '2023-07-05 20:12:47'),
(630, 119, 6, 5, '2023-07-05 20:12:47'),
(631, 120, 6, 3.5, '2023-07-05 20:12:47'),
(632, 121, 6, 5, '2023-07-05 20:12:47'),
(633, 122, 6, 4.5, '2023-07-05 20:12:47'),
(634, 123, 6, 4.5, '2023-07-05 20:12:47'),
(635, 124, 6, 3.5, '2023-07-05 20:12:47'),
(636, 125, 6, 3.5, '2023-07-05 20:12:47'),
(637, 126, 6, 4, '2023-07-05 20:12:47'),
(638, 127, 6, 5, '2023-07-05 20:12:47'),
(639, 128, 6, 3.5, '2023-07-05 20:12:47'),
(640, 129, 6, 4.5, '2023-07-05 20:12:47'),
(641, 130, 6, 4.5, '2023-07-05 20:12:47'),
(642, 131, 6, 4, '2023-07-05 20:12:47'),
(643, 132, 6, 4, '2023-07-05 20:12:47'),
(644, 133, 6, 5, '2023-07-05 20:12:47'),
(645, 134, 6, 3.5, '2023-07-05 20:12:47'),
(646, 135, 6, 3.5, '2023-07-05 20:12:47'),
(647, 136, 6, 4, '2023-07-05 20:12:47'),
(648, 137, 6, 3.5, '2023-07-05 20:12:47'),
(649, 138, 6, 3.5, '2023-07-05 20:12:47'),
(650, 139, 6, 5, '2023-07-05 20:12:47'),
(651, 140, 6, 4.5, '2023-07-05 20:12:47'),
(652, 141, 6, 5, '2023-07-05 20:12:47'),
(653, 142, 6, 4.5, '2023-07-05 20:12:47'),
(654, 143, 6, 4, '2023-07-05 20:12:47'),
(655, 144, 6, 4.5, '2023-07-05 20:12:47'),
(656, 145, 6, 4.5, '2023-07-05 20:12:47'),
(657, 146, 6, 4.5, '2023-07-05 20:12:47'),
(658, 147, 6, 3.5, '2023-07-05 20:12:47'),
(659, 148, 6, 5, '2023-07-05 20:12:47'),
(660, 149, 6, 3.5, '2023-07-05 20:12:47'),
(661, 150, 6, 4, '2023-07-05 20:12:47'),
(662, 151, 6, 4.5, '2023-07-05 20:12:47'),
(663, 152, 6, 4, '2023-07-05 20:12:47'),
(664, 153, 6, 3.5, '2023-07-05 20:12:47'),
(665, 154, 6, 4.5, '2023-07-05 20:12:47'),
(666, 155, 6, 5, '2023-07-05 20:12:47'),
(667, 156, 6, 4.5, '2023-07-05 20:12:47'),
(668, 157, 6, 3.5, '2023-07-05 20:12:47'),
(669, 158, 6, 5, '2023-07-05 20:12:47'),
(670, 159, 6, 5, '2023-07-05 20:12:47'),
(671, 160, 6, 4, '2023-07-05 20:12:47'),
(672, 161, 6, 3.5, '2023-07-05 20:12:47'),
(673, 162, 6, 5, '2023-07-05 20:12:47'),
(674, 163, 6, 5, '2023-07-05 20:12:48'),
(675, 164, 6, 4.5, '2023-07-05 20:12:48'),
(676, 165, 6, 3.5, '2023-07-05 20:12:48'),
(677, 166, 6, 4, '2023-07-05 20:12:48'),
(678, 167, 6, 5, '2023-07-05 20:12:48'),
(679, 168, 6, 3.5, '2023-07-05 20:12:48'),
(680, 169, 6, 5, '2023-07-05 20:12:48'),
(681, 170, 6, 5, '2023-07-05 20:12:48'),
(682, 171, 6, 3.5, '2023-07-05 20:12:48'),
(683, 172, 6, 5, '2023-07-05 20:12:48'),
(684, 173, 6, 4, '2023-07-05 20:12:48'),
(685, 174, 6, 3.5, '2023-07-05 20:12:48'),
(686, 175, 6, 5, '2023-07-05 20:12:48'),
(687, 176, 6, 4, '2023-07-05 20:12:48'),
(688, 177, 6, 4.5, '2023-07-05 20:12:48'),
(689, 178, 6, 5, '2023-07-05 20:12:48'),
(690, 179, 6, 4, '2023-07-05 20:12:48'),
(691, 180, 6, 4.5, '2023-07-05 20:12:48'),
(692, 181, 6, 3.5, '2023-07-05 20:12:48'),
(693, 182, 6, 4.5, '2023-07-05 20:12:48'),
(694, 183, 6, 4, '2023-07-05 20:12:48'),
(695, 184, 6, 4, '2023-07-05 20:12:48'),
(696, 185, 6, 5, '2023-07-05 20:12:48'),
(697, 186, 6, 4.5, '2023-07-05 20:12:48'),
(698, 187, 6, 4.5, '2023-07-05 20:12:48'),
(699, 188, 6, 3.5, '2023-07-05 20:12:48'),
(700, 189, 6, 5, '2023-07-05 20:12:48'),
(701, 190, 6, 4.5, '2023-07-05 20:12:48'),
(702, 191, 6, 5, '2023-07-05 20:12:48'),
(703, 192, 6, 4.5, '2023-07-05 20:12:48'),
(704, 193, 6, 4.5, '2023-07-05 20:12:48'),
(705, 194, 6, 3.5, '2023-07-05 20:12:48'),
(706, 195, 6, 5, '2023-07-05 20:12:48'),
(707, 196, 6, 5, '2023-07-05 20:12:48'),
(708, 197, 6, 5, '2023-07-05 20:12:48'),
(709, 198, 6, 4, '2023-07-05 20:12:48'),
(710, 199, 6, 4, '2023-07-05 20:12:48'),
(711, 200, 6, 5, '2023-07-05 20:12:48'),
(712, 201, 6, 4.5, '2023-07-05 20:12:48'),
(713, 202, 6, 3.5, '2023-07-05 20:12:48'),
(714, 203, 6, 3.5, '2023-07-05 20:12:48'),
(715, 204, 6, 4.5, '2023-07-05 20:12:48'),
(716, 205, 6, 5, '2023-07-05 20:12:48'),
(717, 206, 6, 4, '2023-07-05 20:12:48'),
(718, 207, 6, 4.5, '2023-07-05 20:12:48'),
(719, 208, 6, 3.5, '2023-07-05 20:12:48'),
(720, 209, 6, 3.5, '2023-07-05 20:12:48'),
(721, 210, 6, 3.5, '2023-07-05 20:12:48'),
(722, 211, 6, 4.5, '2023-07-05 20:12:48'),
(723, 212, 6, 3.5, '2023-07-05 20:12:48'),
(724, 213, 6, 3.5, '2023-07-05 20:12:48'),
(725, 214, 6, 4, '2023-07-05 20:12:48'),
(726, 215, 6, 4.5, '2023-07-05 20:12:48'),
(727, 216, 6, 4, '2023-07-05 20:12:48'),
(728, 217, 6, 5, '2023-07-05 20:12:48'),
(729, 218, 6, 5, '2023-07-05 20:12:48'),
(730, 219, 6, 4, '2023-07-05 20:12:48'),
(731, 220, 6, 4, '2023-07-05 20:12:48'),
(732, 221, 6, 5, '2023-07-05 20:12:48'),
(733, 222, 6, 4, '2023-07-05 20:12:48'),
(734, 101, 7, 4.5, '2023-07-05 20:12:48'),
(735, 102, 7, 3.5, '2023-07-05 20:12:48'),
(736, 103, 7, 5, '2023-07-05 20:12:48'),
(737, 104, 7, 4, '2023-07-05 20:12:48'),
(738, 105, 7, 3.5, '2023-07-05 20:12:48'),
(739, 106, 7, 5, '2023-07-05 20:12:48'),
(740, 107, 7, 3.5, '2023-07-05 20:12:48'),
(741, 108, 7, 4, '2023-07-05 20:12:48'),
(742, 109, 7, 4, '2023-07-05 20:12:48'),
(743, 110, 7, 4.5, '2023-07-05 20:12:48'),
(744, 111, 7, 4.5, '2023-07-05 20:12:48'),
(745, 112, 7, 5, '2023-07-05 20:12:48'),
(746, 113, 7, 4.5, '2023-07-05 20:12:48'),
(747, 114, 7, 4.5, '2023-07-05 20:12:48'),
(748, 115, 7, 4.5, '2023-07-05 20:12:48'),
(749, 116, 7, 4.5, '2023-07-05 20:12:48'),
(750, 117, 7, 5, '2023-07-05 20:12:48'),
(751, 118, 7, 4.5, '2023-07-05 20:12:48'),
(752, 119, 7, 3.5, '2023-07-05 20:12:48'),
(753, 120, 7, 4.5, '2023-07-05 20:12:48'),
(754, 121, 7, 4.5, '2023-07-05 20:12:48'),
(755, 122, 7, 4.5, '2023-07-05 20:12:48'),
(756, 123, 7, 4.5, '2023-07-05 20:12:48'),
(757, 124, 7, 3.5, '2023-07-05 20:12:48'),
(758, 125, 7, 5, '2023-07-05 20:12:48'),
(759, 126, 7, 3.5, '2023-07-05 20:12:48'),
(760, 127, 7, 5, '2023-07-05 20:12:48'),
(761, 128, 7, 4.5, '2023-07-05 20:12:48'),
(762, 129, 7, 5, '2023-07-05 20:12:48'),
(763, 130, 7, 5, '2023-07-05 20:12:48'),
(764, 131, 7, 3.5, '2023-07-05 20:12:48'),
(765, 132, 7, 4, '2023-07-05 20:12:48'),
(766, 133, 7, 5, '2023-07-05 20:12:48'),
(767, 134, 7, 4.5, '2023-07-05 20:12:48'),
(768, 135, 7, 5, '2023-07-05 20:12:48'),
(769, 136, 7, 4.5, '2023-07-05 20:12:48'),
(770, 137, 7, 3.5, '2023-07-05 20:12:48'),
(771, 138, 7, 4, '2023-07-05 20:12:48'),
(772, 139, 7, 4.5, '2023-07-05 20:12:48'),
(773, 140, 7, 3.5, '2023-07-05 20:12:48'),
(774, 141, 7, 4, '2023-07-05 20:12:48'),
(775, 142, 7, 4.5, '2023-07-05 20:12:48'),
(776, 143, 7, 3.5, '2023-07-05 20:12:48'),
(777, 144, 7, 4, '2023-07-05 20:12:48'),
(778, 145, 7, 4, '2023-07-05 20:12:48'),
(779, 146, 7, 5, '2023-07-05 20:12:48'),
(780, 147, 7, 5, '2023-07-05 20:12:48'),
(781, 148, 7, 4.5, '2023-07-05 20:12:48'),
(782, 149, 7, 5, '2023-07-05 20:12:48'),
(783, 150, 7, 4.5, '2023-07-05 20:12:48'),
(784, 151, 7, 4.5, '2023-07-05 20:12:48'),
(785, 152, 7, 3.5, '2023-07-05 20:12:48'),
(786, 153, 7, 4, '2023-07-05 20:12:48'),
(787, 154, 7, 5, '2023-07-05 20:12:48'),
(788, 155, 7, 4, '2023-07-05 20:12:48'),
(789, 156, 7, 4, '2023-07-05 20:12:48'),
(790, 157, 7, 3.5, '2023-07-05 20:12:48'),
(791, 158, 7, 3.5, '2023-07-05 20:12:48'),
(792, 159, 7, 4.5, '2023-07-05 20:12:48'),
(793, 160, 7, 4.5, '2023-07-05 20:12:48'),
(794, 161, 7, 4.5, '2023-07-05 20:12:48'),
(795, 162, 7, 4, '2023-07-05 20:12:48'),
(796, 163, 7, 5, '2023-07-05 20:12:48'),
(797, 164, 7, 4, '2023-07-05 20:12:48'),
(798, 165, 7, 5, '2023-07-05 20:12:48'),
(799, 166, 7, 4.5, '2023-07-05 20:12:48'),
(800, 167, 7, 5, '2023-07-05 20:12:48'),
(801, 168, 7, 4, '2023-07-05 20:12:48'),
(802, 169, 7, 5, '2023-07-05 20:12:48'),
(803, 170, 7, 5, '2023-07-05 20:12:48'),
(804, 171, 7, 4, '2023-07-05 20:12:48'),
(805, 172, 7, 4.5, '2023-07-05 20:12:48'),
(806, 173, 7, 3.5, '2023-07-05 20:12:48'),
(807, 174, 7, 4.5, '2023-07-05 20:12:48'),
(808, 175, 7, 4, '2023-07-05 20:12:48'),
(809, 176, 7, 4, '2023-07-05 20:12:48'),
(810, 177, 7, 4.5, '2023-07-05 20:12:48'),
(811, 178, 7, 4, '2023-07-05 20:12:48'),
(812, 179, 7, 3.5, '2023-07-05 20:12:48'),
(813, 180, 7, 5, '2023-07-05 20:12:48'),
(814, 181, 7, 5, '2023-07-05 20:12:48'),
(815, 182, 7, 4.5, '2023-07-05 20:12:48'),
(816, 183, 7, 3.5, '2023-07-05 20:12:48'),
(817, 184, 7, 4, '2023-07-05 20:12:48'),
(818, 185, 7, 4, '2023-07-05 20:12:48'),
(819, 186, 7, 4, '2023-07-05 20:12:48'),
(820, 187, 7, 4.5, '2023-07-05 20:12:48'),
(821, 188, 7, 4, '2023-07-05 20:12:48'),
(822, 189, 7, 4.5, '2023-07-05 20:12:48'),
(823, 190, 7, 5, '2023-07-05 20:12:48'),
(824, 191, 7, 3.5, '2023-07-05 20:12:48'),
(825, 192, 7, 3.5, '2023-07-05 20:12:48'),
(826, 193, 7, 4.5, '2023-07-05 20:12:48'),
(827, 194, 7, 4, '2023-07-05 20:12:48'),
(828, 195, 7, 4, '2023-07-05 20:12:48'),
(829, 196, 7, 5, '2023-07-05 20:12:48'),
(830, 197, 7, 4, '2023-07-05 20:12:48'),
(831, 198, 7, 5, '2023-07-05 20:12:48'),
(832, 199, 7, 4, '2023-07-05 20:12:48'),
(833, 200, 7, 4.5, '2023-07-05 20:12:49'),
(834, 201, 7, 3.5, '2023-07-05 20:12:49'),
(835, 202, 7, 5, '2023-07-05 20:12:49'),
(836, 203, 7, 4, '2023-07-05 20:12:49'),
(837, 204, 7, 4.5, '2023-07-05 20:12:49'),
(838, 205, 7, 4.5, '2023-07-05 20:12:49'),
(839, 206, 7, 4.5, '2023-07-05 20:12:49'),
(840, 207, 7, 4, '2023-07-05 20:12:49'),
(841, 208, 7, 3.5, '2023-07-05 20:12:49'),
(842, 209, 7, 3.5, '2023-07-05 20:12:49'),
(843, 210, 7, 4, '2023-07-05 20:12:49'),
(844, 211, 7, 4.5, '2023-07-05 20:12:49'),
(845, 212, 7, 4.5, '2023-07-05 20:12:49'),
(846, 213, 7, 4, '2023-07-05 20:12:49'),
(847, 214, 7, 4.5, '2023-07-05 20:12:49'),
(848, 215, 7, 4, '2023-07-05 20:12:49'),
(849, 216, 7, 3.5, '2023-07-05 20:12:49'),
(850, 217, 7, 4.5, '2023-07-05 20:12:49'),
(851, 218, 7, 4, '2023-07-05 20:12:49'),
(852, 219, 7, 5, '2023-07-05 20:12:49'),
(853, 220, 7, 4.5, '2023-07-05 20:12:49'),
(854, 221, 7, 4.5, '2023-07-05 20:12:49'),
(855, 222, 7, 4, '2023-07-05 20:12:49'),
(856, 101, 8, 4.5, '2023-07-05 20:12:49'),
(857, 102, 8, 4.5, '2023-07-05 20:12:49'),
(858, 103, 8, 5, '2023-07-05 20:12:49'),
(859, 104, 8, 4.5, '2023-07-05 20:12:49'),
(860, 105, 8, 4.5, '2023-07-05 20:12:49'),
(861, 106, 8, 5, '2023-07-05 20:12:49'),
(862, 107, 8, 5, '2023-07-05 20:12:49'),
(863, 108, 8, 4, '2023-07-05 20:12:49'),
(864, 109, 8, 3.5, '2023-07-05 20:12:49'),
(865, 110, 8, 5, '2023-07-05 20:12:49'),
(866, 111, 8, 4.5, '2023-07-05 20:12:49'),
(867, 112, 8, 3.5, '2023-07-05 20:12:49'),
(868, 113, 8, 4, '2023-07-05 20:12:49'),
(869, 114, 8, 3.5, '2023-07-05 20:12:49'),
(870, 115, 8, 3.5, '2023-07-05 20:12:49'),
(871, 116, 8, 3.5, '2023-07-05 20:12:49'),
(872, 117, 8, 4, '2023-07-05 20:12:49'),
(873, 118, 8, 4.5, '2023-07-05 20:12:49'),
(874, 119, 8, 4, '2023-07-05 20:12:49'),
(875, 120, 8, 5, '2023-07-05 20:12:49'),
(876, 121, 8, 3.5, '2023-07-05 20:12:49'),
(877, 122, 8, 4, '2023-07-05 20:12:49'),
(878, 123, 8, 4.5, '2023-07-05 20:12:49'),
(879, 124, 8, 5, '2023-07-05 20:12:49'),
(880, 125, 8, 3.5, '2023-07-05 20:12:49'),
(881, 126, 8, 4.5, '2023-07-05 20:12:49'),
(882, 127, 8, 4.5, '2023-07-05 20:12:49'),
(883, 128, 8, 4, '2023-07-05 20:12:49'),
(884, 129, 8, 5, '2023-07-05 20:12:49'),
(885, 130, 8, 3.5, '2023-07-05 20:12:49'),
(886, 131, 8, 3.5, '2023-07-05 20:12:49'),
(887, 132, 8, 5, '2023-07-05 20:12:49'),
(888, 133, 8, 4, '2023-07-05 20:12:49'),
(889, 134, 8, 4, '2023-07-05 20:12:49'),
(890, 135, 8, 3.5, '2023-07-05 20:12:49'),
(891, 136, 8, 3.5, '2023-07-05 20:12:49'),
(892, 137, 8, 4.5, '2023-07-05 20:12:49'),
(893, 138, 8, 5, '2023-07-05 20:12:49'),
(894, 139, 8, 5, '2023-07-05 20:12:49'),
(895, 140, 8, 5, '2023-07-05 20:12:49'),
(896, 141, 8, 4, '2023-07-05 20:12:49'),
(897, 142, 8, 5, '2023-07-05 20:12:49'),
(898, 143, 8, 4, '2023-07-05 20:12:49'),
(899, 144, 8, 4.5, '2023-07-05 20:12:49'),
(900, 145, 8, 4, '2023-07-05 20:12:49'),
(901, 146, 8, 4, '2023-07-05 20:12:49'),
(902, 147, 8, 4.5, '2023-07-05 20:12:49'),
(903, 148, 8, 5, '2023-07-05 20:12:49'),
(904, 149, 8, 4, '2023-07-05 20:12:49'),
(905, 150, 8, 4.5, '2023-07-05 20:12:49'),
(906, 151, 8, 5, '2023-07-05 20:12:49'),
(907, 152, 8, 4.5, '2023-07-05 20:12:49'),
(908, 153, 8, 4.5, '2023-07-05 20:12:49'),
(909, 154, 8, 4.5, '2023-07-05 20:12:49'),
(910, 155, 8, 4, '2023-07-05 20:12:49'),
(911, 156, 8, 4, '2023-07-05 20:12:49'),
(912, 157, 8, 4.5, '2023-07-05 20:12:49'),
(913, 158, 8, 4.5, '2023-07-05 20:12:49'),
(914, 159, 8, 4, '2023-07-05 20:12:49'),
(915, 160, 8, 4, '2023-07-05 20:12:49'),
(916, 161, 8, 5, '2023-07-05 20:12:49'),
(917, 162, 8, 4.5, '2023-07-05 20:12:49'),
(918, 163, 8, 5, '2023-07-05 20:12:49'),
(919, 164, 8, 4.5, '2023-07-05 20:12:49'),
(920, 165, 8, 3.5, '2023-07-05 20:12:49'),
(921, 166, 8, 3.5, '2023-07-05 20:12:49'),
(922, 167, 8, 3.5, '2023-07-05 20:12:49'),
(923, 168, 8, 4.5, '2023-07-05 20:12:49'),
(924, 169, 8, 4.5, '2023-07-05 20:12:49'),
(925, 170, 8, 4, '2023-07-05 20:12:49'),
(926, 171, 8, 4, '2023-07-05 20:12:49'),
(927, 172, 8, 4, '2023-07-05 20:12:49'),
(928, 173, 8, 5, '2023-07-05 20:12:49'),
(929, 174, 8, 4.5, '2023-07-05 20:12:49'),
(930, 175, 8, 3.5, '2023-07-05 20:12:49'),
(931, 176, 8, 5, '2023-07-05 20:12:49'),
(932, 177, 8, 3.5, '2023-07-05 20:12:49'),
(933, 178, 8, 4, '2023-07-05 20:12:49'),
(934, 179, 8, 4.5, '2023-07-05 20:12:49'),
(935, 180, 8, 4.5, '2023-07-05 20:12:49'),
(936, 181, 8, 3.5, '2023-07-05 20:12:49'),
(937, 182, 8, 3.5, '2023-07-05 20:12:49'),
(938, 183, 8, 4, '2023-07-05 20:12:49'),
(939, 184, 8, 3.5, '2023-07-05 20:12:49'),
(940, 185, 8, 4, '2023-07-05 20:12:49'),
(941, 186, 8, 5, '2023-07-05 20:12:49'),
(942, 187, 8, 3.5, '2023-07-05 20:12:49'),
(943, 188, 8, 4, '2023-07-05 20:12:49'),
(944, 189, 8, 4, '2023-07-05 20:12:49'),
(945, 190, 8, 3.5, '2023-07-05 20:12:49'),
(946, 191, 8, 5, '2023-07-05 20:12:50'),
(947, 192, 8, 5, '2023-07-05 20:12:50'),
(948, 193, 8, 3.5, '2023-07-05 20:12:50'),
(949, 194, 8, 3.5, '2023-07-05 20:12:50'),
(950, 195, 8, 3.5, '2023-07-05 20:12:50'),
(951, 196, 8, 4, '2023-07-05 20:12:50'),
(952, 197, 8, 4, '2023-07-05 20:12:50'),
(953, 198, 8, 4.5, '2023-07-05 20:12:50'),
(954, 199, 8, 3.5, '2023-07-05 20:12:50'),
(955, 200, 8, 4, '2023-07-05 20:12:50'),
(956, 201, 8, 3.5, '2023-07-05 20:12:50'),
(957, 202, 8, 3.5, '2023-07-05 20:12:50'),
(958, 203, 8, 3.5, '2023-07-05 20:12:50'),
(959, 204, 8, 3.5, '2023-07-05 20:12:50'),
(960, 205, 8, 5, '2023-07-05 20:12:50'),
(961, 206, 8, 4, '2023-07-05 20:12:50'),
(962, 207, 8, 3.5, '2023-07-05 20:12:50'),
(963, 208, 8, 5, '2023-07-05 20:12:50'),
(964, 209, 8, 3.5, '2023-07-05 20:12:50'),
(965, 210, 8, 4, '2023-07-05 20:12:50'),
(966, 211, 8, 5, '2023-07-05 20:12:50'),
(967, 212, 8, 5, '2023-07-05 20:12:50'),
(968, 213, 8, 3.5, '2023-07-05 20:12:50'),
(969, 214, 8, 4.5, '2023-07-05 20:12:50'),
(970, 215, 8, 4, '2023-07-05 20:12:50'),
(971, 216, 8, 3.5, '2023-07-05 20:12:50'),
(972, 217, 8, 5, '2023-07-05 20:12:50'),
(973, 218, 8, 5, '2023-07-05 20:12:50'),
(974, 219, 8, 4.5, '2023-07-05 20:12:50'),
(975, 220, 8, 3.5, '2023-07-05 20:12:50'),
(976, 221, 8, 4.5, '2023-07-05 20:12:50'),
(977, 222, 8, 5, '2023-07-05 20:12:50'),
(978, 101, 9, 5, '2023-07-05 20:12:50'),
(979, 102, 9, 4.5, '2023-07-05 20:12:50'),
(980, 103, 9, 4, '2023-07-05 20:12:50'),
(981, 104, 9, 4, '2023-07-05 20:12:50'),
(982, 105, 9, 4, '2023-07-05 20:12:50'),
(983, 106, 9, 5, '2023-07-05 20:12:50'),
(984, 107, 9, 4, '2023-07-05 20:12:50'),
(985, 108, 9, 5, '2023-07-05 20:12:50'),
(986, 109, 9, 4.5, '2023-07-05 20:12:50'),
(987, 110, 9, 4, '2023-07-05 20:12:50'),
(988, 111, 9, 4, '2023-07-05 20:12:50'),
(989, 112, 9, 5, '2023-07-05 20:12:50'),
(990, 113, 9, 4, '2023-07-05 20:12:50'),
(991, 114, 9, 5, '2023-07-05 20:12:50'),
(992, 115, 9, 4, '2023-07-05 20:12:50'),
(993, 116, 9, 5, '2023-07-05 20:12:50'),
(994, 117, 9, 3.5, '2023-07-05 20:12:50'),
(995, 118, 9, 4, '2023-07-05 20:12:50'),
(996, 119, 9, 3.5, '2023-07-05 20:12:50'),
(997, 120, 9, 3.5, '2023-07-05 20:12:50'),
(998, 121, 9, 4, '2023-07-05 20:12:50'),
(999, 122, 9, 3.5, '2023-07-05 20:12:50'),
(1000, 123, 9, 4.5, '2023-07-05 20:12:50'),
(1001, 124, 9, 5, '2023-07-05 20:12:50'),
(1002, 125, 9, 3.5, '2023-07-05 20:12:50'),
(1003, 126, 9, 4.5, '2023-07-05 20:12:50'),
(1004, 127, 9, 3.5, '2023-07-05 20:12:50'),
(1005, 128, 9, 4.5, '2023-07-05 20:12:50'),
(1006, 129, 9, 5, '2023-07-05 20:12:50'),
(1007, 130, 9, 5, '2023-07-05 20:12:50'),
(1008, 131, 9, 4, '2023-07-05 20:12:50'),
(1009, 132, 9, 5, '2023-07-05 20:12:50'),
(1010, 133, 9, 4, '2023-07-05 20:12:50'),
(1011, 134, 9, 4, '2023-07-05 20:12:50'),
(1012, 135, 9, 5, '2023-07-05 20:12:50'),
(1013, 136, 9, 4.5, '2023-07-05 20:12:50'),
(1014, 137, 9, 3.5, '2023-07-05 20:12:50'),
(1015, 138, 9, 5, '2023-07-05 20:12:50'),
(1016, 139, 9, 5, '2023-07-05 20:12:50'),
(1017, 140, 9, 4, '2023-07-05 20:12:50'),
(1018, 141, 9, 4.5, '2023-07-05 20:12:50'),
(1019, 142, 9, 3.5, '2023-07-05 20:12:50'),
(1020, 143, 9, 4, '2023-07-05 20:12:50'),
(1021, 144, 9, 4.5, '2023-07-05 20:12:50'),
(1022, 145, 9, 4, '2023-07-05 20:12:50'),
(1023, 146, 9, 4, '2023-07-05 20:12:50'),
(1024, 147, 9, 3.5, '2023-07-05 20:12:50'),
(1025, 148, 9, 4, '2023-07-05 20:12:50'),
(1026, 149, 9, 4.5, '2023-07-05 20:12:50'),
(1027, 150, 9, 3.5, '2023-07-05 20:12:50'),
(1028, 151, 9, 4, '2023-07-05 20:12:50'),
(1029, 152, 9, 5, '2023-07-05 20:12:50'),
(1030, 153, 9, 5, '2023-07-05 20:12:50'),
(1031, 154, 9, 4.5, '2023-07-05 20:12:50'),
(1032, 155, 9, 5, '2023-07-05 20:12:50'),
(1033, 156, 9, 4, '2023-07-05 20:12:50'),
(1034, 157, 9, 5, '2023-07-05 20:12:50'),
(1035, 158, 9, 4, '2023-07-05 20:12:50'),
(1036, 159, 9, 4, '2023-07-05 20:12:50'),
(1037, 160, 9, 5, '2023-07-05 20:12:50'),
(1038, 161, 9, 4.5, '2023-07-05 20:12:50'),
(1039, 162, 9, 3.5, '2023-07-05 20:12:50'),
(1040, 163, 9, 5, '2023-07-05 20:12:50'),
(1041, 164, 9, 5, '2023-07-05 20:12:50'),
(1042, 165, 9, 4, '2023-07-05 20:12:50'),
(1043, 166, 9, 3.5, '2023-07-05 20:12:50'),
(1044, 167, 9, 5, '2023-07-05 20:12:50'),
(1045, 168, 9, 5, '2023-07-05 20:12:50'),
(1046, 169, 9, 4.5, '2023-07-05 20:12:50'),
(1047, 170, 9, 4.5, '2023-07-05 20:12:50'),
(1048, 171, 9, 4.5, '2023-07-05 20:12:50'),
(1049, 172, 9, 5, '2023-07-05 20:12:50'),
(1050, 173, 9, 5, '2023-07-05 20:12:50'),
(1051, 174, 9, 3.5, '2023-07-05 20:12:50'),
(1052, 175, 9, 5, '2023-07-05 20:12:50'),
(1053, 176, 9, 5, '2023-07-05 20:12:50'),
(1054, 177, 9, 3.5, '2023-07-05 20:12:50'),
(1055, 178, 9, 4.5, '2023-07-05 20:12:50'),
(1056, 179, 9, 4, '2023-07-05 20:12:50'),
(1057, 180, 9, 3.5, '2023-07-05 20:12:50'),
(1058, 181, 9, 4.5, '2023-07-05 20:12:50'),
(1059, 182, 9, 4.5, '2023-07-05 20:12:50'),
(1060, 183, 9, 4, '2023-07-05 20:12:50'),
(1061, 184, 9, 5, '2023-07-05 20:12:50'),
(1062, 185, 9, 4.5, '2023-07-05 20:12:50'),
(1063, 186, 9, 4.5, '2023-07-05 20:12:50'),
(1064, 187, 9, 4, '2023-07-05 20:12:50'),
(1065, 188, 9, 3.5, '2023-07-05 20:12:50'),
(1066, 189, 9, 5, '2023-07-05 20:12:50'),
(1067, 190, 9, 4.5, '2023-07-05 20:12:50'),
(1068, 191, 9, 5, '2023-07-05 20:12:50'),
(1069, 192, 9, 3.5, '2023-07-05 20:12:50'),
(1070, 193, 9, 4.5, '2023-07-05 20:12:50'),
(1071, 194, 9, 3.5, '2023-07-05 20:12:50'),
(1072, 195, 9, 5, '2023-07-05 20:12:50'),
(1073, 196, 9, 4, '2023-07-05 20:12:50'),
(1074, 197, 9, 4.5, '2023-07-05 20:12:50'),
(1075, 198, 9, 4.5, '2023-07-05 20:12:50'),
(1076, 199, 9, 4.5, '2023-07-05 20:12:50'),
(1077, 200, 9, 4, '2023-07-05 20:12:50'),
(1078, 201, 9, 4.5, '2023-07-05 20:12:50'),
(1079, 202, 9, 5, '2023-07-05 20:12:50'),
(1080, 203, 9, 4.5, '2023-07-05 20:12:50'),
(1081, 204, 9, 5, '2023-07-05 20:12:50'),
(1082, 205, 9, 5, '2023-07-05 20:12:50'),
(1083, 206, 9, 4.5, '2023-07-05 20:12:50'),
(1084, 207, 9, 4.5, '2023-07-05 20:12:50'),
(1085, 208, 9, 4.5, '2023-07-05 20:12:50'),
(1086, 209, 9, 4.5, '2023-07-05 20:12:50'),
(1087, 210, 9, 5, '2023-07-05 20:12:50'),
(1088, 211, 9, 3.5, '2023-07-05 20:12:50'),
(1089, 212, 9, 4, '2023-07-05 20:12:51'),
(1090, 213, 9, 5, '2023-07-05 20:12:51'),
(1091, 214, 9, 3.5, '2023-07-05 20:12:51'),
(1092, 215, 9, 5, '2023-07-05 20:12:51'),
(1093, 216, 9, 5, '2023-07-05 20:12:51'),
(1094, 217, 9, 3.5, '2023-07-05 20:12:51'),
(1095, 218, 9, 5, '2023-07-05 20:12:51'),
(1096, 219, 9, 5, '2023-07-05 20:12:51'),
(1097, 220, 9, 5, '2023-07-05 20:12:51'),
(1098, 221, 9, 4, '2023-07-05 20:12:51'),
(1099, 222, 9, 4, '2023-07-05 20:12:51'),
(1100, 101, 10, 4, '2023-07-05 20:12:51'),
(1101, 102, 10, 4.5, '2023-07-05 20:12:51'),
(1102, 103, 10, 3.5, '2023-07-05 20:12:51'),
(1103, 104, 10, 3.5, '2023-07-05 20:12:51'),
(1104, 105, 10, 3.5, '2023-07-05 20:12:51'),
(1105, 106, 10, 3.5, '2023-07-05 20:12:51'),
(1106, 107, 10, 3.5, '2023-07-05 20:12:51'),
(1107, 108, 10, 4, '2023-07-05 20:12:51'),
(1108, 109, 10, 4.5, '2023-07-05 20:12:51'),
(1109, 110, 10, 3.5, '2023-07-05 20:12:51'),
(1110, 111, 10, 4.5, '2023-07-05 20:12:51'),
(1111, 112, 10, 4, '2023-07-05 20:12:51'),
(1112, 113, 10, 4.5, '2023-07-05 20:12:51'),
(1113, 114, 10, 4.5, '2023-07-05 20:12:51'),
(1114, 115, 10, 5, '2023-07-05 20:12:51'),
(1115, 116, 10, 3.5, '2023-07-05 20:12:51'),
(1116, 117, 10, 4.5, '2023-07-05 20:12:51'),
(1117, 118, 10, 5, '2023-07-05 20:12:51'),
(1118, 119, 10, 4.5, '2023-07-05 20:12:51'),
(1119, 120, 10, 5, '2023-07-05 20:12:51'),
(1120, 121, 10, 4, '2023-07-05 20:12:51'),
(1121, 122, 10, 3.5, '2023-07-05 20:12:51'),
(1122, 123, 10, 4.5, '2023-07-05 20:12:51'),
(1123, 124, 10, 3.5, '2023-07-05 20:12:51'),
(1124, 125, 10, 4.5, '2023-07-05 20:12:51'),
(1125, 126, 10, 4.5, '2023-07-05 20:12:51'),
(1126, 127, 10, 5, '2023-07-05 20:12:51'),
(1127, 128, 10, 3.5, '2023-07-05 20:12:51'),
(1128, 129, 10, 4.5, '2023-07-05 20:12:51'),
(1129, 130, 10, 4.5, '2023-07-05 20:12:51'),
(1130, 131, 10, 4, '2023-07-05 20:12:51'),
(1131, 132, 10, 5, '2023-07-05 20:12:51'),
(1132, 133, 10, 4.5, '2023-07-05 20:12:51'),
(1133, 134, 10, 4.5, '2023-07-05 20:12:51'),
(1134, 135, 10, 3.5, '2023-07-05 20:12:51'),
(1135, 136, 10, 4.5, '2023-07-05 20:12:51'),
(1136, 137, 10, 5, '2023-07-05 20:12:51'),
(1137, 138, 10, 3.5, '2023-07-05 20:12:51'),
(1138, 139, 10, 4.5, '2023-07-05 20:12:51'),
(1139, 140, 10, 4, '2023-07-05 20:12:51'),
(1140, 141, 10, 3.5, '2023-07-05 20:12:51'),
(1141, 142, 10, 4, '2023-07-05 20:12:51'),
(1142, 143, 10, 3.5, '2023-07-05 20:12:51'),
(1143, 144, 10, 4, '2023-07-05 20:12:51'),
(1144, 145, 10, 4.5, '2023-07-05 20:12:51'),
(1145, 146, 10, 3.5, '2023-07-05 20:12:51'),
(1146, 147, 10, 4, '2023-07-05 20:12:51'),
(1147, 148, 10, 4.5, '2023-07-05 20:12:51'),
(1148, 149, 10, 5, '2023-07-05 20:12:51'),
(1149, 150, 10, 5, '2023-07-05 20:12:51'),
(1150, 151, 10, 4, '2023-07-05 20:12:51'),
(1151, 152, 10, 4.5, '2023-07-05 20:12:51'),
(1152, 153, 10, 4.5, '2023-07-05 20:12:51'),
(1153, 154, 10, 4.5, '2023-07-05 20:12:51'),
(1154, 155, 10, 4.5, '2023-07-05 20:12:51'),
(1155, 156, 10, 4.5, '2023-07-05 20:12:51'),
(1156, 157, 10, 4, '2023-07-05 20:12:51'),
(1157, 158, 10, 4.5, '2023-07-05 20:12:51'),
(1158, 159, 10, 3.5, '2023-07-05 20:12:51'),
(1159, 160, 10, 5, '2023-07-05 20:12:51'),
(1160, 161, 10, 4, '2023-07-05 20:12:51'),
(1161, 162, 10, 4, '2023-07-05 20:12:51'),
(1162, 163, 10, 5, '2023-07-05 20:12:51'),
(1163, 164, 10, 4.5, '2023-07-05 20:12:51'),
(1164, 165, 10, 5, '2023-07-05 20:12:51'),
(1165, 166, 10, 3.5, '2023-07-05 20:12:51'),
(1166, 167, 10, 4, '2023-07-05 20:12:51'),
(1167, 168, 10, 4, '2023-07-05 20:12:51'),
(1168, 169, 10, 4, '2023-07-05 20:12:51'),
(1169, 170, 10, 4.5, '2023-07-05 20:12:51'),
(1170, 171, 10, 4, '2023-07-05 20:12:51'),
(1171, 172, 10, 4, '2023-07-05 20:12:51'),
(1172, 173, 10, 5, '2023-07-05 20:12:51'),
(1173, 174, 10, 3.5, '2023-07-05 20:12:51'),
(1174, 175, 10, 5, '2023-07-05 20:12:51'),
(1175, 176, 10, 4, '2023-07-05 20:12:51'),
(1176, 177, 10, 3.5, '2023-07-05 20:12:51'),
(1177, 178, 10, 4.5, '2023-07-05 20:12:51'),
(1178, 179, 10, 5, '2023-07-05 20:12:51'),
(1179, 180, 10, 4.5, '2023-07-05 20:12:51'),
(1180, 181, 10, 3.5, '2023-07-05 20:12:51'),
(1181, 182, 10, 5, '2023-07-05 20:12:51'),
(1182, 183, 10, 5, '2023-07-05 20:12:51'),
(1183, 184, 10, 3.5, '2023-07-05 20:12:51'),
(1184, 185, 10, 4.5, '2023-07-05 20:12:51'),
(1185, 186, 10, 4, '2023-07-05 20:12:51'),
(1186, 187, 10, 4, '2023-07-05 20:12:51'),
(1187, 188, 10, 5, '2023-07-05 20:12:51'),
(1188, 189, 10, 4, '2023-07-05 20:12:51'),
(1189, 190, 10, 3.5, '2023-07-05 20:12:51'),
(1190, 191, 10, 4, '2023-07-05 20:12:51'),
(1191, 192, 10, 5, '2023-07-05 20:12:51'),
(1192, 193, 10, 4.5, '2023-07-05 20:12:51'),
(1193, 194, 10, 4.5, '2023-07-05 20:12:51'),
(1194, 195, 10, 4.5, '2023-07-05 20:12:51'),
(1195, 196, 10, 4, '2023-07-05 20:12:51'),
(1196, 197, 10, 4.5, '2023-07-05 20:12:51'),
(1197, 198, 10, 4, '2023-07-05 20:12:51'),
(1198, 199, 10, 4.5, '2023-07-05 20:12:51'),
(1199, 200, 10, 5, '2023-07-05 20:12:51'),
(1200, 201, 10, 3.5, '2023-07-05 20:12:51'),
(1201, 202, 10, 3.5, '2023-07-05 20:12:51'),
(1202, 203, 10, 5, '2023-07-05 20:12:51'),
(1203, 204, 10, 3.5, '2023-07-05 20:12:51'),
(1204, 205, 10, 3.5, '2023-07-05 20:12:51'),
(1205, 206, 10, 4.5, '2023-07-05 20:12:51'),
(1206, 207, 10, 3.5, '2023-07-05 20:12:51'),
(1207, 208, 10, 3.5, '2023-07-05 20:12:51'),
(1208, 209, 10, 3.5, '2023-07-05 20:12:51'),
(1209, 210, 10, 4, '2023-07-05 20:12:51'),
(1210, 211, 10, 4, '2023-07-05 20:12:51'),
(1211, 212, 10, 4, '2023-07-05 20:12:51'),
(1212, 213, 10, 3.5, '2023-07-05 20:12:51'),
(1213, 214, 10, 4.5, '2023-07-05 20:12:52'),
(1214, 215, 10, 4, '2023-07-05 20:12:52'),
(1215, 216, 10, 4.5, '2023-07-05 20:12:52'),
(1216, 217, 10, 3.5, '2023-07-05 20:12:52'),
(1217, 218, 10, 4, '2023-07-05 20:12:52'),
(1218, 219, 10, 3.5, '2023-07-05 20:12:52'),
(1219, 220, 10, 5, '2023-07-05 20:12:52'),
(1220, 221, 10, 3.5, '2023-07-05 20:12:52'),
(1221, 222, 10, 4, '2023-07-05 20:12:52'),
(1222, 101, 11, 5, '2023-07-05 20:12:52'),
(1223, 102, 11, 3.5, '2023-07-05 20:12:52'),
(1224, 103, 11, 4, '2023-07-05 20:12:52'),
(1225, 104, 11, 5, '2023-07-05 20:12:52'),
(1226, 105, 11, 4, '2023-07-05 20:12:52'),
(1227, 106, 11, 5, '2023-07-05 20:12:52'),
(1228, 107, 11, 4.5, '2023-07-05 20:12:52'),
(1229, 108, 11, 5, '2023-07-05 20:12:52'),
(1230, 109, 11, 3.5, '2023-07-05 20:12:52'),
(1231, 110, 11, 3.5, '2023-07-05 20:12:52'),
(1232, 111, 11, 5, '2023-07-05 20:12:52'),
(1233, 112, 11, 4.5, '2023-07-05 20:12:52'),
(1234, 113, 11, 4, '2023-07-05 20:12:52'),
(1235, 114, 11, 4, '2023-07-05 20:12:52'),
(1236, 115, 11, 5, '2023-07-05 20:12:52'),
(1237, 116, 11, 5, '2023-07-05 20:12:52'),
(1238, 117, 11, 3.5, '2023-07-05 20:12:52'),
(1239, 118, 11, 4.5, '2023-07-05 20:12:52'),
(1240, 119, 11, 3.5, '2023-07-05 20:12:52'),
(1241, 120, 11, 3.5, '2023-07-05 20:12:52');
INSERT INTO `rates` (`id_rate`, `id_product`, `id_user`, `point`, `updated_at`) VALUES
(1242, 121, 11, 4.5, '2023-07-05 20:12:52'),
(1243, 122, 11, 5, '2023-07-05 20:12:52'),
(1244, 123, 11, 4, '2023-07-05 20:12:52'),
(1245, 124, 11, 4, '2023-07-05 20:12:52'),
(1246, 125, 11, 4.5, '2023-07-05 20:12:52'),
(1247, 126, 11, 5, '2023-07-05 20:12:52'),
(1248, 127, 11, 5, '2023-07-05 20:12:52'),
(1249, 128, 11, 3.5, '2023-07-05 20:12:52'),
(1250, 129, 11, 4, '2023-07-05 20:12:52'),
(1251, 130, 11, 3.5, '2023-07-05 20:12:52'),
(1252, 131, 11, 4.5, '2023-07-05 20:12:52'),
(1253, 132, 11, 4, '2023-07-05 20:12:52'),
(1254, 133, 11, 4, '2023-07-05 20:12:52'),
(1255, 134, 11, 4.5, '2023-07-05 20:12:52'),
(1256, 135, 11, 4, '2023-07-05 20:12:52'),
(1257, 136, 11, 5, '2023-07-05 20:12:52'),
(1258, 137, 11, 4.5, '2023-07-05 20:12:52'),
(1259, 138, 11, 4, '2023-07-05 20:12:52'),
(1260, 139, 11, 4, '2023-07-05 20:12:52'),
(1261, 140, 11, 4.5, '2023-07-05 20:12:52'),
(1262, 141, 11, 4.5, '2023-07-05 20:12:52'),
(1263, 142, 11, 3.5, '2023-07-05 20:12:52'),
(1264, 143, 11, 4, '2023-07-05 20:12:52'),
(1265, 144, 11, 5, '2023-07-05 20:12:52'),
(1266, 145, 11, 5, '2023-07-05 20:12:52'),
(1267, 146, 11, 4, '2023-07-05 20:12:52'),
(1268, 147, 11, 4, '2023-07-05 20:12:52'),
(1269, 148, 11, 4, '2023-07-05 20:12:52'),
(1270, 149, 11, 4.5, '2023-07-05 20:12:52'),
(1271, 150, 11, 5, '2023-07-05 20:12:52'),
(1272, 151, 11, 4, '2023-07-05 20:12:52'),
(1273, 152, 11, 3.5, '2023-07-05 20:12:52'),
(1274, 153, 11, 4.5, '2023-07-05 20:12:52'),
(1275, 154, 11, 3.5, '2023-07-05 20:12:52'),
(1276, 155, 11, 4.5, '2023-07-05 20:12:52'),
(1277, 156, 11, 4.5, '2023-07-05 20:12:52'),
(1278, 157, 11, 5, '2023-07-05 20:12:52'),
(1279, 158, 11, 3.5, '2023-07-05 20:12:52'),
(1280, 159, 11, 3.5, '2023-07-05 20:12:52'),
(1281, 160, 11, 3.5, '2023-07-05 20:12:52'),
(1282, 161, 11, 4, '2023-07-05 20:12:52'),
(1283, 162, 11, 4.5, '2023-07-05 20:12:52'),
(1284, 163, 11, 3.5, '2023-07-05 20:12:52'),
(1285, 164, 11, 4.5, '2023-07-05 20:12:52'),
(1286, 165, 11, 4.5, '2023-07-05 20:12:52'),
(1287, 166, 11, 3.5, '2023-07-05 20:12:52'),
(1288, 167, 11, 5, '2023-07-05 20:12:52'),
(1289, 168, 11, 3.5, '2023-07-05 20:12:52'),
(1290, 169, 11, 5, '2023-07-05 20:12:52'),
(1291, 170, 11, 4, '2023-07-05 20:12:52'),
(1292, 171, 11, 3.5, '2023-07-05 20:12:52'),
(1293, 172, 11, 5, '2023-07-05 20:12:52'),
(1294, 173, 11, 5, '2023-07-05 20:12:52'),
(1295, 174, 11, 3.5, '2023-07-05 20:12:52'),
(1296, 175, 11, 4, '2023-07-05 20:12:52'),
(1297, 176, 11, 4, '2023-07-05 20:12:52'),
(1298, 177, 11, 5, '2023-07-05 20:12:52'),
(1299, 178, 11, 3.5, '2023-07-05 20:12:52'),
(1300, 179, 11, 4, '2023-07-05 20:12:52'),
(1301, 180, 11, 3.5, '2023-07-05 20:12:52'),
(1302, 181, 11, 5, '2023-07-05 20:12:52'),
(1303, 182, 11, 4.5, '2023-07-05 20:12:52'),
(1304, 183, 11, 3.5, '2023-07-05 20:12:52'),
(1305, 184, 11, 5, '2023-07-05 20:12:52'),
(1306, 185, 11, 4.5, '2023-07-05 20:12:52'),
(1307, 186, 11, 4.5, '2023-07-05 20:12:52'),
(1308, 187, 11, 3.5, '2023-07-05 20:12:52'),
(1309, 188, 11, 5, '2023-07-05 20:12:52'),
(1310, 189, 11, 4.5, '2023-07-05 20:12:52'),
(1311, 190, 11, 5, '2023-07-05 20:12:52'),
(1312, 191, 11, 4.5, '2023-07-05 20:12:52'),
(1313, 192, 11, 4.5, '2023-07-05 20:12:52'),
(1314, 193, 11, 4.5, '2023-07-05 20:12:52'),
(1315, 194, 11, 4.5, '2023-07-05 20:12:52'),
(1316, 195, 11, 4.5, '2023-07-05 20:12:52'),
(1317, 196, 11, 3.5, '2023-07-05 20:12:52'),
(1318, 197, 11, 3.5, '2023-07-05 20:12:52'),
(1319, 198, 11, 4.5, '2023-07-05 20:12:52'),
(1320, 199, 11, 4.5, '2023-07-05 20:12:52'),
(1321, 200, 11, 4, '2023-07-05 20:12:52'),
(1322, 201, 11, 4, '2023-07-05 20:12:52'),
(1323, 202, 11, 4.5, '2023-07-05 20:12:52'),
(1324, 203, 11, 4.5, '2023-07-05 20:12:52'),
(1325, 204, 11, 5, '2023-07-05 20:12:52'),
(1326, 205, 11, 4.5, '2023-07-05 20:12:52'),
(1327, 206, 11, 4.5, '2023-07-05 20:12:52'),
(1328, 207, 11, 4.5, '2023-07-05 20:12:52'),
(1329, 208, 11, 5, '2023-07-05 20:12:52'),
(1330, 209, 11, 4.5, '2023-07-05 20:12:52'),
(1331, 210, 11, 5, '2023-07-05 20:12:52'),
(1332, 211, 11, 3.5, '2023-07-05 20:12:52'),
(1333, 212, 11, 5, '2023-07-05 20:12:52'),
(1334, 213, 11, 3.5, '2023-07-05 20:12:52'),
(1335, 214, 11, 5, '2023-07-05 20:12:52'),
(1336, 215, 11, 4, '2023-07-05 20:12:52'),
(1337, 216, 11, 4.5, '2023-07-05 20:12:52'),
(1338, 217, 11, 4, '2023-07-05 20:12:52'),
(1339, 218, 11, 4.5, '2023-07-05 20:12:52'),
(1340, 219, 11, 4.5, '2023-07-05 20:12:52'),
(1341, 220, 11, 3.5, '2023-07-05 20:12:52'),
(1342, 221, 11, 5, '2023-07-05 20:12:52'),
(1343, 222, 11, 4.5, '2023-07-05 20:12:52'),
(1344, 101, 12, 3.5, '2023-07-05 20:12:52'),
(1345, 102, 12, 3.5, '2023-07-05 20:12:52'),
(1346, 103, 12, 3.5, '2023-07-05 20:12:52'),
(1347, 104, 12, 4.5, '2023-07-05 20:12:52'),
(1348, 105, 12, 4.5, '2023-07-05 20:12:52'),
(1349, 106, 12, 5, '2023-07-05 20:12:52'),
(1350, 107, 12, 4.5, '2023-07-05 20:12:52'),
(1351, 108, 12, 4.5, '2023-07-05 20:12:52'),
(1352, 109, 12, 3.5, '2023-07-05 20:12:52'),
(1353, 110, 12, 4.5, '2023-07-05 20:12:52'),
(1354, 111, 12, 4.5, '2023-07-05 20:12:52'),
(1355, 112, 12, 3.5, '2023-07-05 20:12:52'),
(1356, 113, 12, 4.5, '2023-07-05 20:12:52'),
(1357, 114, 12, 4, '2023-07-05 20:12:53'),
(1358, 115, 12, 3.5, '2023-07-05 20:12:53'),
(1359, 116, 12, 4, '2023-07-05 20:12:53'),
(1360, 117, 12, 4, '2023-07-05 20:12:53'),
(1361, 118, 12, 4.5, '2023-07-05 20:12:53'),
(1362, 119, 12, 4.5, '2023-07-05 20:12:53'),
(1363, 120, 12, 3.5, '2023-07-05 20:12:53'),
(1364, 121, 12, 3.5, '2023-07-05 20:12:53'),
(1365, 122, 12, 4, '2023-07-05 20:12:53'),
(1366, 123, 12, 4.5, '2023-07-05 20:12:53'),
(1367, 124, 12, 4, '2023-07-05 20:12:53'),
(1368, 125, 12, 5, '2023-07-05 20:12:53'),
(1369, 126, 12, 4.5, '2023-07-05 20:12:53'),
(1370, 127, 12, 4, '2023-07-05 20:12:53'),
(1371, 128, 12, 5, '2023-07-05 20:12:53'),
(1372, 129, 12, 3.5, '2023-07-05 20:12:53'),
(1373, 130, 12, 5, '2023-07-05 20:12:53'),
(1374, 131, 12, 3.5, '2023-07-05 20:12:53'),
(1375, 132, 12, 3.5, '2023-07-05 20:12:53'),
(1376, 133, 12, 4.5, '2023-07-05 20:12:53'),
(1377, 134, 12, 3.5, '2023-07-05 20:12:53'),
(1378, 135, 12, 4, '2023-07-05 20:12:53'),
(1379, 136, 12, 5, '2023-07-05 20:12:53'),
(1380, 137, 12, 5, '2023-07-05 20:12:53'),
(1381, 138, 12, 3.5, '2023-07-05 20:12:53'),
(1382, 139, 12, 4, '2023-07-05 20:12:53'),
(1383, 140, 12, 5, '2023-07-05 20:12:53'),
(1384, 141, 12, 3.5, '2023-07-05 20:12:53'),
(1385, 142, 12, 4, '2023-07-05 20:12:53'),
(1386, 143, 12, 4, '2023-07-05 20:12:53'),
(1387, 144, 12, 4, '2023-07-05 20:12:53'),
(1388, 145, 12, 3.5, '2023-07-05 20:12:53'),
(1389, 146, 12, 4, '2023-07-05 20:12:53'),
(1390, 147, 12, 3.5, '2023-07-05 20:12:53'),
(1391, 148, 12, 4.5, '2023-07-05 20:12:53'),
(1392, 149, 12, 4, '2023-07-05 20:12:53'),
(1393, 150, 12, 4, '2023-07-05 20:12:53'),
(1394, 151, 12, 4, '2023-07-05 20:12:53'),
(1395, 152, 12, 4.5, '2023-07-05 20:12:53'),
(1396, 153, 12, 4, '2023-07-05 20:12:53'),
(1397, 154, 12, 5, '2023-07-05 20:12:53'),
(1398, 155, 12, 4.5, '2023-07-05 20:12:53'),
(1399, 156, 12, 5, '2023-07-05 20:12:53'),
(1400, 157, 12, 4, '2023-07-05 20:12:53'),
(1401, 158, 12, 3.5, '2023-07-05 20:12:53'),
(1402, 159, 12, 5, '2023-07-05 20:12:53'),
(1403, 160, 12, 3.5, '2023-07-05 20:12:53'),
(1404, 161, 12, 5, '2023-07-05 20:12:53'),
(1405, 162, 12, 5, '2023-07-05 20:12:53'),
(1406, 163, 12, 5, '2023-07-05 20:12:53'),
(1407, 164, 12, 4.5, '2023-07-05 20:12:53'),
(1408, 165, 12, 4, '2023-07-05 20:12:53'),
(1409, 166, 12, 4, '2023-07-05 20:12:53'),
(1410, 167, 12, 5, '2023-07-05 20:12:53'),
(1411, 168, 12, 4.5, '2023-07-05 20:12:53'),
(1412, 169, 12, 4.5, '2023-07-05 20:12:53'),
(1413, 170, 12, 4.5, '2023-07-05 20:12:53'),
(1414, 171, 12, 4, '2023-07-05 20:12:53'),
(1415, 172, 12, 4, '2023-07-05 20:12:53'),
(1416, 173, 12, 3.5, '2023-07-05 20:12:53'),
(1417, 174, 12, 3.5, '2023-07-05 20:12:53'),
(1418, 175, 12, 3.5, '2023-07-05 20:12:53'),
(1419, 176, 12, 3.5, '2023-07-05 20:12:53'),
(1420, 177, 12, 4, '2023-07-05 20:12:53'),
(1421, 178, 12, 5, '2023-07-05 20:12:53'),
(1422, 179, 12, 3.5, '2023-07-05 20:12:53'),
(1423, 180, 12, 4, '2023-07-05 20:12:53'),
(1424, 181, 12, 4.5, '2023-07-05 20:12:53'),
(1425, 182, 12, 5, '2023-07-05 20:12:53'),
(1426, 183, 12, 3.5, '2023-07-05 20:12:53'),
(1427, 184, 12, 4, '2023-07-05 20:12:53'),
(1428, 185, 12, 4.5, '2023-07-05 20:12:53'),
(1429, 186, 12, 4, '2023-07-05 20:12:53'),
(1430, 187, 12, 4.5, '2023-07-05 20:12:53'),
(1431, 188, 12, 5, '2023-07-05 20:12:53'),
(1432, 189, 12, 4.5, '2023-07-05 20:12:53'),
(1433, 190, 12, 4, '2023-07-05 20:12:53'),
(1434, 191, 12, 4, '2023-07-05 20:12:53'),
(1435, 192, 12, 3.5, '2023-07-05 20:12:53'),
(1436, 193, 12, 4, '2023-07-05 20:12:53'),
(1437, 194, 12, 4, '2023-07-05 20:12:53'),
(1438, 195, 12, 5, '2023-07-05 20:12:53'),
(1439, 196, 12, 5, '2023-07-05 20:12:53'),
(1440, 197, 12, 3.5, '2023-07-05 20:12:53'),
(1441, 198, 12, 4, '2023-07-05 20:12:53'),
(1442, 199, 12, 4, '2023-07-05 20:12:53'),
(1443, 200, 12, 3.5, '2023-07-05 20:12:53'),
(1444, 201, 12, 5, '2023-07-05 20:12:53'),
(1445, 202, 12, 4.5, '2023-07-05 20:12:53'),
(1446, 203, 12, 4.5, '2023-07-05 20:12:53'),
(1447, 204, 12, 4, '2023-07-05 20:12:53'),
(1448, 205, 12, 4.5, '2023-07-05 20:12:53'),
(1449, 206, 12, 3.5, '2023-07-05 20:12:53'),
(1450, 207, 12, 3.5, '2023-07-05 20:12:53'),
(1451, 208, 12, 4, '2023-07-05 20:12:53'),
(1452, 209, 12, 4, '2023-07-05 20:12:53'),
(1453, 210, 12, 4, '2023-07-05 20:12:53'),
(1454, 211, 12, 3.5, '2023-07-05 20:12:53'),
(1455, 212, 12, 4.5, '2023-07-05 20:12:53'),
(1456, 213, 12, 4, '2023-07-05 20:12:53'),
(1457, 214, 12, 3.5, '2023-07-05 20:12:53'),
(1458, 215, 12, 4, '2023-07-05 20:12:53'),
(1459, 216, 12, 5, '2023-07-05 20:12:53'),
(1460, 217, 12, 4.5, '2023-07-05 20:12:53'),
(1461, 218, 12, 4, '2023-07-05 20:12:53'),
(1462, 219, 12, 4, '2023-07-05 20:12:53'),
(1463, 220, 12, 3.5, '2023-07-05 20:12:53'),
(1464, 221, 12, 4.5, '2023-07-05 20:12:53'),
(1465, 222, 12, 3.5, '2023-07-05 20:12:53'),
(1466, 101, 13, 4.5, '2023-07-05 20:12:53'),
(1467, 102, 13, 4, '2023-07-05 20:12:53'),
(1468, 103, 13, 3.5, '2023-07-05 20:12:53'),
(1469, 104, 13, 4, '2023-07-05 20:12:54'),
(1470, 105, 13, 4, '2023-07-05 20:12:54'),
(1471, 106, 13, 4.5, '2023-07-05 20:12:54'),
(1472, 107, 13, 3.5, '2023-07-05 20:12:54'),
(1473, 108, 13, 3.5, '2023-07-05 20:12:54'),
(1474, 109, 13, 4.5, '2023-07-05 20:12:54'),
(1475, 110, 13, 4.5, '2023-07-05 20:12:54'),
(1476, 111, 13, 4.5, '2023-07-05 20:12:54'),
(1477, 112, 13, 4, '2023-07-05 20:12:54'),
(1478, 113, 13, 4.5, '2023-07-05 20:12:54'),
(1479, 114, 13, 5, '2023-07-05 20:12:54'),
(1480, 115, 13, 4, '2023-07-05 20:12:54'),
(1481, 116, 13, 5, '2023-07-05 20:12:54'),
(1482, 117, 13, 4, '2023-07-05 20:12:54'),
(1483, 118, 13, 4.5, '2023-07-05 20:12:54'),
(1484, 119, 13, 5, '2023-07-05 20:12:54'),
(1485, 120, 13, 5, '2023-07-05 20:12:54'),
(1486, 121, 13, 4.5, '2023-07-05 20:12:54'),
(1487, 122, 13, 4.5, '2023-07-05 20:12:54'),
(1488, 123, 13, 3.5, '2023-07-05 20:12:54'),
(1489, 124, 13, 5, '2023-07-05 20:12:54'),
(1490, 125, 13, 4, '2023-07-05 20:12:54'),
(1491, 126, 13, 4.5, '2023-07-05 20:12:54'),
(1492, 127, 13, 4, '2023-07-05 20:12:54'),
(1493, 128, 13, 5, '2023-07-05 20:12:54'),
(1494, 129, 13, 3.5, '2023-07-05 20:12:54'),
(1495, 130, 13, 4.5, '2023-07-05 20:12:54'),
(1496, 131, 13, 4.5, '2023-07-05 20:12:54'),
(1497, 132, 13, 4, '2023-07-05 20:12:54'),
(1498, 133, 13, 4, '2023-07-05 20:12:54'),
(1499, 134, 13, 3.5, '2023-07-05 20:12:54'),
(1500, 135, 13, 5, '2023-07-05 20:12:54'),
(1501, 136, 13, 5, '2023-07-05 20:12:54'),
(1502, 137, 13, 3.5, '2023-07-05 20:12:54'),
(1503, 138, 13, 3.5, '2023-07-05 20:12:54'),
(1504, 139, 13, 5, '2023-07-05 20:12:54'),
(1505, 140, 13, 5, '2023-07-05 20:12:54'),
(1506, 141, 13, 5, '2023-07-05 20:12:54'),
(1507, 142, 13, 5, '2023-07-05 20:12:54'),
(1508, 143, 13, 4, '2023-07-05 20:12:54'),
(1509, 144, 13, 4, '2023-07-05 20:12:54'),
(1510, 145, 13, 4, '2023-07-05 20:12:54'),
(1511, 146, 13, 4.5, '2023-07-05 20:12:54'),
(1512, 147, 13, 4.5, '2023-07-05 20:12:54'),
(1513, 148, 13, 4.5, '2023-07-05 20:12:54'),
(1514, 149, 13, 4.5, '2023-07-05 20:12:54'),
(1515, 150, 13, 4.5, '2023-07-05 20:12:54'),
(1516, 151, 13, 4, '2023-07-05 20:12:54'),
(1517, 152, 13, 4.5, '2023-07-05 20:12:54'),
(1518, 153, 13, 4.5, '2023-07-05 20:12:54'),
(1519, 154, 13, 4.5, '2023-07-05 20:12:54'),
(1520, 155, 13, 5, '2023-07-05 20:12:54'),
(1521, 156, 13, 4, '2023-07-05 20:12:54'),
(1522, 157, 13, 3.5, '2023-07-05 20:12:54'),
(1523, 158, 13, 5, '2023-07-05 20:12:54'),
(1524, 159, 13, 5, '2023-07-05 20:12:54'),
(1525, 160, 13, 5, '2023-07-05 20:12:54'),
(1526, 161, 13, 4.5, '2023-07-05 20:12:54'),
(1527, 162, 13, 4.5, '2023-07-05 20:12:54'),
(1528, 163, 13, 5, '2023-07-05 20:12:54'),
(1529, 164, 13, 5, '2023-07-05 20:12:54'),
(1530, 165, 13, 4, '2023-07-05 20:12:54'),
(1531, 166, 13, 4.5, '2023-07-05 20:12:54'),
(1532, 167, 13, 4, '2023-07-05 20:12:54'),
(1533, 168, 13, 3.5, '2023-07-05 20:12:54'),
(1534, 169, 13, 5, '2023-07-05 20:12:54'),
(1535, 170, 13, 3.5, '2023-07-05 20:12:54'),
(1536, 171, 13, 4, '2023-07-05 20:12:54'),
(1537, 172, 13, 5, '2023-07-05 20:12:54'),
(1538, 173, 13, 4.5, '2023-07-05 20:12:54'),
(1539, 174, 13, 3.5, '2023-07-05 20:12:54'),
(1540, 175, 13, 4.5, '2023-07-05 20:12:54'),
(1541, 176, 13, 5, '2023-07-05 20:12:54'),
(1542, 177, 13, 4, '2023-07-05 20:12:54'),
(1543, 178, 13, 4.5, '2023-07-05 20:12:54'),
(1544, 179, 13, 5, '2023-07-05 20:12:54'),
(1545, 180, 13, 4.5, '2023-07-05 20:12:54'),
(1546, 181, 13, 4, '2023-07-05 20:12:54'),
(1547, 182, 13, 5, '2023-07-05 20:12:54'),
(1548, 183, 13, 5, '2023-07-05 20:12:54'),
(1549, 184, 13, 4, '2023-07-05 20:12:54'),
(1550, 185, 13, 4.5, '2023-07-05 20:12:54'),
(1551, 186, 13, 4, '2023-07-05 20:12:54'),
(1552, 187, 13, 4, '2023-07-05 20:12:54'),
(1553, 188, 13, 3.5, '2023-07-05 20:12:54'),
(1554, 189, 13, 4.5, '2023-07-05 20:12:54'),
(1555, 190, 13, 4.5, '2023-07-05 20:12:54'),
(1556, 191, 13, 3.5, '2023-07-05 20:12:54'),
(1557, 192, 13, 4, '2023-07-05 20:12:54'),
(1558, 193, 13, 4, '2023-07-05 20:12:54'),
(1559, 194, 13, 4.5, '2023-07-05 20:12:54'),
(1560, 195, 13, 4.5, '2023-07-05 20:12:54'),
(1561, 196, 13, 4.5, '2023-07-05 20:12:54'),
(1562, 197, 13, 4.5, '2023-07-05 20:12:54'),
(1563, 198, 13, 4, '2023-07-05 20:12:54'),
(1564, 199, 13, 5, '2023-07-05 20:12:54'),
(1565, 200, 13, 3.5, '2023-07-05 20:12:55'),
(1566, 201, 13, 4, '2023-07-05 20:12:55'),
(1567, 202, 13, 3.5, '2023-07-05 20:12:55'),
(1568, 203, 13, 3.5, '2023-07-05 20:12:55'),
(1569, 204, 13, 4.5, '2023-07-05 20:12:55'),
(1570, 205, 13, 3.5, '2023-07-05 20:12:55'),
(1571, 206, 13, 3.5, '2023-07-05 20:12:55'),
(1572, 207, 13, 3.5, '2023-07-05 20:12:55'),
(1573, 208, 13, 3.5, '2023-07-05 20:12:55'),
(1574, 209, 13, 4.5, '2023-07-05 20:12:55'),
(1575, 210, 13, 4, '2023-07-05 20:12:55'),
(1576, 211, 13, 4, '2023-07-05 20:12:55'),
(1577, 212, 13, 5, '2023-07-05 20:12:55'),
(1578, 213, 13, 4, '2023-07-05 20:12:55'),
(1579, 214, 13, 3.5, '2023-07-05 20:12:55'),
(1580, 215, 13, 4.5, '2023-07-05 20:12:55'),
(1581, 216, 13, 3.5, '2023-07-05 20:12:55'),
(1582, 217, 13, 3.5, '2023-07-05 20:12:55'),
(1583, 218, 13, 3.5, '2023-07-05 20:12:55'),
(1584, 219, 13, 5, '2023-07-05 20:12:55'),
(1585, 220, 13, 3.5, '2023-07-05 20:12:55'),
(1586, 221, 13, 5, '2023-07-05 20:12:55'),
(1587, 222, 13, 4.5, '2023-07-05 20:12:55'),
(1588, 101, 14, 4, '2023-07-05 20:12:55'),
(1589, 102, 14, 4.5, '2023-07-05 20:12:55'),
(1590, 103, 14, 3.5, '2023-07-05 20:12:55'),
(1591, 104, 14, 4.5, '2023-07-05 20:12:55'),
(1592, 105, 14, 4, '2023-07-05 20:12:55'),
(1593, 106, 14, 5, '2023-07-05 20:12:55'),
(1594, 107, 14, 4.5, '2023-07-05 20:12:55'),
(1595, 108, 14, 4.5, '2023-07-05 20:12:55'),
(1596, 109, 14, 5, '2023-07-05 20:12:55'),
(1597, 110, 14, 5, '2023-07-05 20:12:55'),
(1598, 111, 14, 3.5, '2023-07-05 20:12:55'),
(1599, 112, 14, 3.5, '2023-07-05 20:12:55'),
(1600, 113, 14, 4, '2023-07-05 20:12:55'),
(1601, 114, 14, 5, '2023-07-05 20:12:55'),
(1602, 115, 14, 3.5, '2023-07-05 20:12:55'),
(1603, 116, 14, 4.5, '2023-07-05 20:12:55'),
(1604, 117, 14, 4.5, '2023-07-05 20:12:55'),
(1605, 118, 14, 5, '2023-07-05 20:12:55'),
(1606, 119, 14, 5, '2023-07-05 20:12:55'),
(1607, 120, 14, 4, '2023-07-05 20:12:55'),
(1608, 121, 14, 4, '2023-07-05 20:12:55'),
(1609, 122, 14, 3.5, '2023-07-05 20:12:55'),
(1610, 123, 14, 5, '2023-07-05 20:12:55'),
(1611, 124, 14, 5, '2023-07-05 20:12:55'),
(1612, 125, 14, 4.5, '2023-07-05 20:12:55'),
(1613, 126, 14, 4, '2023-07-05 20:12:55'),
(1614, 127, 14, 5, '2023-07-05 20:12:55'),
(1615, 128, 14, 5, '2023-07-05 20:12:55'),
(1616, 129, 14, 5, '2023-07-05 20:12:55'),
(1617, 130, 14, 4.5, '2023-07-05 20:12:55'),
(1618, 131, 14, 5, '2023-07-05 20:12:55'),
(1619, 132, 14, 5, '2023-07-05 20:12:55'),
(1620, 133, 14, 4.5, '2023-07-05 20:12:55'),
(1621, 134, 14, 4.5, '2023-07-05 20:12:55'),
(1622, 135, 14, 4, '2023-07-05 20:12:55'),
(1623, 136, 14, 3.5, '2023-07-05 20:12:55'),
(1624, 137, 14, 4.5, '2023-07-05 20:12:55'),
(1625, 138, 14, 4.5, '2023-07-05 20:12:55'),
(1626, 139, 14, 5, '2023-07-05 20:12:55'),
(1627, 140, 14, 4, '2023-07-05 20:12:55'),
(1628, 141, 14, 5, '2023-07-05 20:12:55'),
(1629, 142, 14, 5, '2023-07-05 20:12:55'),
(1630, 143, 14, 4, '2023-07-05 20:12:55'),
(1631, 144, 14, 5, '2023-07-05 20:12:55'),
(1632, 145, 14, 3.5, '2023-07-05 20:12:55'),
(1633, 146, 14, 4.5, '2023-07-05 20:12:55'),
(1634, 147, 14, 5, '2023-07-05 20:12:55'),
(1635, 148, 14, 4.5, '2023-07-05 20:12:55'),
(1636, 149, 14, 4.5, '2023-07-05 20:12:55'),
(1637, 150, 14, 4.5, '2023-07-05 20:12:55'),
(1638, 151, 14, 5, '2023-07-05 20:12:55'),
(1639, 152, 14, 4, '2023-07-05 20:12:55'),
(1640, 153, 14, 3.5, '2023-07-05 20:12:55'),
(1641, 154, 14, 4.5, '2023-07-05 20:12:55'),
(1642, 155, 14, 3.5, '2023-07-05 20:12:55'),
(1643, 156, 14, 3.5, '2023-07-05 20:12:55'),
(1644, 157, 14, 4, '2023-07-05 20:12:55'),
(1645, 158, 14, 4.5, '2023-07-05 20:12:55'),
(1646, 159, 14, 4.5, '2023-07-05 20:12:55'),
(1647, 160, 14, 4, '2023-07-05 20:12:55'),
(1648, 161, 14, 4, '2023-07-05 20:12:55'),
(1649, 162, 14, 4, '2023-07-05 20:12:55'),
(1650, 163, 14, 4, '2023-07-05 20:12:55'),
(1651, 164, 14, 4, '2023-07-05 20:12:55'),
(1652, 165, 14, 5, '2023-07-05 20:12:55'),
(1653, 166, 14, 3.5, '2023-07-05 20:12:55'),
(1654, 167, 14, 4, '2023-07-05 20:12:55'),
(1655, 168, 14, 4, '2023-07-05 20:12:55'),
(1656, 169, 14, 5, '2023-07-05 20:12:55'),
(1657, 170, 14, 4, '2023-07-05 20:12:55'),
(1658, 171, 14, 5, '2023-07-05 20:12:55'),
(1659, 172, 14, 3.5, '2023-07-05 20:12:55'),
(1660, 173, 14, 4, '2023-07-05 20:12:55'),
(1661, 174, 14, 5, '2023-07-05 20:12:55'),
(1662, 175, 14, 3.5, '2023-07-05 20:12:55'),
(1663, 176, 14, 4.5, '2023-07-05 20:12:55'),
(1664, 177, 14, 5, '2023-07-05 20:12:55'),
(1665, 178, 14, 3.5, '2023-07-05 20:12:55'),
(1666, 179, 14, 5, '2023-07-05 20:12:55'),
(1667, 180, 14, 5, '2023-07-05 20:12:56'),
(1668, 181, 14, 5, '2023-07-05 20:12:56'),
(1669, 182, 14, 5, '2023-07-05 20:12:56'),
(1670, 183, 14, 5, '2023-07-05 20:12:56'),
(1671, 184, 14, 4.5, '2023-07-05 20:12:56'),
(1672, 185, 14, 4, '2023-07-05 20:12:56'),
(1673, 186, 14, 3.5, '2023-07-05 20:12:56'),
(1674, 187, 14, 4, '2023-07-05 20:12:56'),
(1675, 188, 14, 3.5, '2023-07-05 20:12:56'),
(1676, 189, 14, 5, '2023-07-05 20:12:56'),
(1677, 190, 14, 5, '2023-07-05 20:12:56'),
(1678, 191, 14, 5, '2023-07-05 20:12:56'),
(1679, 192, 14, 4, '2023-07-05 20:12:56'),
(1680, 193, 14, 5, '2023-07-05 20:12:56'),
(1681, 194, 14, 4, '2023-07-05 20:12:56'),
(1682, 195, 14, 5, '2023-07-05 20:12:56'),
(1683, 196, 14, 3.5, '2023-07-05 20:12:56'),
(1684, 197, 14, 5, '2023-07-05 20:12:56'),
(1685, 198, 14, 4, '2023-07-05 20:12:56'),
(1686, 199, 14, 4.5, '2023-07-05 20:12:56'),
(1687, 200, 14, 4, '2023-07-05 20:12:56'),
(1688, 201, 14, 3.5, '2023-07-05 20:12:56'),
(1689, 202, 14, 4.5, '2023-07-05 20:12:56'),
(1690, 203, 14, 4, '2023-07-05 20:12:56'),
(1691, 204, 14, 3.5, '2023-07-05 20:12:56'),
(1692, 205, 14, 4.5, '2023-07-05 20:12:56'),
(1693, 206, 14, 5, '2023-07-05 20:12:56'),
(1694, 207, 14, 5, '2023-07-05 20:12:56'),
(1695, 208, 14, 5, '2023-07-05 20:12:56'),
(1696, 209, 14, 3.5, '2023-07-05 20:12:56'),
(1697, 210, 14, 5, '2023-07-05 20:12:56'),
(1698, 211, 14, 4, '2023-07-05 20:12:56'),
(1699, 212, 14, 5, '2023-07-05 20:12:56'),
(1700, 213, 14, 3.5, '2023-07-05 20:12:56'),
(1701, 214, 14, 4.5, '2023-07-05 20:12:56'),
(1702, 215, 14, 5, '2023-07-05 20:12:56'),
(1703, 216, 14, 5, '2023-07-05 20:12:56'),
(1704, 217, 14, 4.5, '2023-07-05 20:12:56'),
(1705, 218, 14, 5, '2023-07-05 20:12:56'),
(1706, 219, 14, 4, '2023-07-05 20:12:56'),
(1707, 220, 14, 4, '2023-07-05 20:12:56'),
(1708, 221, 14, 4, '2023-07-05 20:12:56'),
(1709, 222, 14, 4, '2023-07-05 20:12:56'),
(1710, 101, 15, 3.5, '2023-07-05 20:12:56'),
(1711, 102, 15, 4, '2023-07-05 20:12:56'),
(1712, 103, 15, 4, '2023-07-05 20:12:56'),
(1713, 104, 15, 4, '2023-07-05 20:12:56'),
(1714, 105, 15, 4, '2023-07-05 20:12:56'),
(1715, 106, 15, 3.5, '2023-07-05 20:12:56'),
(1716, 107, 15, 4.5, '2023-07-05 20:12:56'),
(1717, 108, 15, 3.5, '2023-07-05 20:12:56'),
(1718, 109, 15, 4.5, '2023-07-05 20:12:56'),
(1719, 110, 15, 4, '2023-07-05 20:12:56'),
(1720, 111, 15, 3.5, '2023-07-05 20:12:56'),
(1721, 112, 15, 5, '2023-07-05 20:12:56'),
(1722, 113, 15, 5, '2023-07-05 20:12:56'),
(1723, 114, 15, 3.5, '2023-07-05 20:12:56'),
(1724, 115, 15, 4, '2023-07-05 20:12:56'),
(1725, 116, 15, 3.5, '2023-07-05 20:12:56'),
(1726, 117, 15, 5, '2023-07-05 20:12:56'),
(1727, 118, 15, 4, '2023-07-05 20:12:56'),
(1728, 119, 15, 4.5, '2023-07-05 20:12:56'),
(1729, 120, 15, 4.5, '2023-07-05 20:12:56'),
(1730, 121, 15, 5, '2023-07-05 20:12:56'),
(1731, 122, 15, 3.5, '2023-07-05 20:12:56'),
(1732, 123, 15, 5, '2023-07-05 20:12:56'),
(1733, 124, 15, 3.5, '2023-07-05 20:12:56'),
(1734, 125, 15, 4.5, '2023-07-05 20:12:56'),
(1735, 126, 15, 5, '2023-07-05 20:12:56'),
(1736, 127, 15, 3.5, '2023-07-05 20:12:56'),
(1737, 128, 15, 3.5, '2023-07-05 20:12:56'),
(1738, 129, 15, 5, '2023-07-05 20:12:56'),
(1739, 130, 15, 3.5, '2023-07-05 20:12:56'),
(1740, 131, 15, 5, '2023-07-05 20:12:56'),
(1741, 132, 15, 5, '2023-07-05 20:12:56'),
(1742, 133, 15, 3.5, '2023-07-05 20:12:56'),
(1743, 134, 15, 5, '2023-07-05 20:12:56'),
(1744, 135, 15, 3.5, '2023-07-05 20:12:56'),
(1745, 136, 15, 4, '2023-07-05 20:12:56'),
(1746, 137, 15, 5, '2023-07-05 20:12:56'),
(1747, 138, 15, 5, '2023-07-05 20:12:56'),
(1748, 139, 15, 4, '2023-07-05 20:12:56'),
(1749, 140, 15, 3.5, '2023-07-05 20:12:56'),
(1750, 141, 15, 5, '2023-07-05 20:12:56'),
(1751, 142, 15, 3.5, '2023-07-05 20:12:56'),
(1752, 143, 15, 5, '2023-07-05 20:12:56'),
(1753, 144, 15, 4, '2023-07-05 20:12:56'),
(1754, 145, 15, 5, '2023-07-05 20:12:56'),
(1755, 146, 15, 3.5, '2023-07-05 20:12:56'),
(1756, 147, 15, 4, '2023-07-05 20:12:56'),
(1757, 148, 15, 4, '2023-07-05 20:12:56'),
(1758, 149, 15, 4.5, '2023-07-05 20:12:56'),
(1759, 150, 15, 4, '2023-07-05 20:12:56'),
(1760, 151, 15, 4, '2023-07-05 20:12:56'),
(1761, 152, 15, 4.5, '2023-07-05 20:12:56'),
(1762, 153, 15, 3.5, '2023-07-05 20:12:56'),
(1763, 154, 15, 4.5, '2023-07-05 20:12:56'),
(1764, 155, 15, 4.5, '2023-07-05 20:12:56'),
(1765, 156, 15, 4, '2023-07-05 20:12:56'),
(1766, 157, 15, 4, '2023-07-05 20:12:56'),
(1767, 158, 15, 4, '2023-07-05 20:12:56'),
(1768, 159, 15, 4, '2023-07-05 20:12:56'),
(1769, 160, 15, 5, '2023-07-05 20:12:56'),
(1770, 161, 15, 5, '2023-07-05 20:12:56'),
(1771, 162, 15, 3.5, '2023-07-05 20:12:56'),
(1772, 163, 15, 5, '2023-07-05 20:12:56'),
(1773, 164, 15, 3.5, '2023-07-05 20:12:56'),
(1774, 165, 15, 4.5, '2023-07-05 20:12:56'),
(1775, 166, 15, 5, '2023-07-05 20:12:56'),
(1776, 167, 15, 3.5, '2023-07-05 20:12:57'),
(1777, 168, 15, 5, '2023-07-05 20:12:57'),
(1778, 169, 15, 4, '2023-07-05 20:12:57'),
(1779, 170, 15, 5, '2023-07-05 20:12:57'),
(1780, 171, 15, 4, '2023-07-05 20:12:57'),
(1781, 172, 15, 4, '2023-07-05 20:12:57'),
(1782, 173, 15, 5, '2023-07-05 20:12:57'),
(1783, 174, 15, 4.5, '2023-07-05 20:12:57'),
(1784, 175, 15, 5, '2023-07-05 20:12:57'),
(1785, 176, 15, 4.5, '2023-07-05 20:12:57'),
(1786, 177, 15, 5, '2023-07-05 20:12:57'),
(1787, 178, 15, 4.5, '2023-07-05 20:12:57'),
(1788, 179, 15, 4, '2023-07-05 20:12:57'),
(1789, 180, 15, 4.5, '2023-07-05 20:12:57'),
(1790, 181, 15, 5, '2023-07-05 20:12:57'),
(1791, 182, 15, 3.5, '2023-07-05 20:12:57'),
(1792, 183, 15, 5, '2023-07-05 20:12:57'),
(1793, 184, 15, 4, '2023-07-05 20:12:57'),
(1794, 185, 15, 4.5, '2023-07-05 20:12:57'),
(1795, 186, 15, 4.5, '2023-07-05 20:12:57'),
(1796, 187, 15, 3.5, '2023-07-05 20:12:57'),
(1797, 188, 15, 4, '2023-07-05 20:12:57'),
(1798, 189, 15, 4, '2023-07-05 20:12:57'),
(1799, 190, 15, 3.5, '2023-07-05 20:12:57'),
(1800, 191, 15, 5, '2023-07-05 20:12:57'),
(1801, 192, 15, 5, '2023-07-05 20:12:57'),
(1802, 193, 15, 5, '2023-07-05 20:12:57'),
(1803, 194, 15, 5, '2023-07-05 20:12:57'),
(1804, 195, 15, 4, '2023-07-05 20:12:57'),
(1805, 196, 15, 4, '2023-07-05 20:12:57'),
(1806, 197, 15, 4.5, '2023-07-05 20:12:57'),
(1807, 198, 15, 4.5, '2023-07-05 20:12:57'),
(1808, 199, 15, 4, '2023-07-05 20:12:57'),
(1809, 200, 15, 4, '2023-07-05 20:12:57'),
(1810, 201, 15, 4, '2023-07-05 20:12:57'),
(1811, 202, 15, 3.5, '2023-07-05 20:12:57'),
(1812, 203, 15, 4.5, '2023-07-05 20:12:57'),
(1813, 204, 15, 4, '2023-07-05 20:12:57'),
(1814, 205, 15, 3.5, '2023-07-05 20:12:57'),
(1815, 206, 15, 5, '2023-07-05 20:12:57'),
(1816, 207, 15, 3.5, '2023-07-05 20:12:57'),
(1817, 208, 15, 5, '2023-07-05 20:12:57'),
(1818, 209, 15, 3.5, '2023-07-05 20:12:57'),
(1819, 210, 15, 5, '2023-07-05 20:12:57'),
(1820, 211, 15, 5, '2023-07-05 20:12:57'),
(1821, 212, 15, 4.5, '2023-07-05 20:12:57'),
(1822, 213, 15, 4, '2023-07-05 20:12:57'),
(1823, 214, 15, 3.5, '2023-07-05 20:12:57'),
(1824, 215, 15, 5, '2023-07-05 20:12:57'),
(1825, 216, 15, 5, '2023-07-05 20:12:57'),
(1826, 217, 15, 5, '2023-07-05 20:12:57'),
(1827, 218, 15, 4.5, '2023-07-05 20:12:57'),
(1828, 219, 15, 3.5, '2023-07-05 20:12:57'),
(1829, 220, 15, 4.5, '2023-07-05 20:12:57'),
(1830, 221, 15, 5, '2023-07-05 20:12:57'),
(1831, 222, 15, 4.5, '2023-07-05 20:12:57'),
(1832, 101, 16, 4, '2023-07-05 20:12:57'),
(1833, 102, 16, 4.5, '2023-07-05 20:12:57'),
(1834, 103, 16, 4.5, '2023-07-05 20:12:57'),
(1835, 104, 16, 4, '2023-07-05 20:12:57'),
(1836, 105, 16, 3.5, '2023-07-05 20:12:57'),
(1837, 106, 16, 3.5, '2023-07-05 20:12:57'),
(1838, 107, 16, 3.5, '2023-07-05 20:12:57'),
(1839, 108, 16, 4, '2023-07-05 20:12:57'),
(1840, 109, 16, 4.5, '2023-07-05 20:12:57'),
(1841, 110, 16, 5, '2023-07-05 20:12:57'),
(1842, 111, 16, 4.5, '2023-07-05 20:12:57'),
(1843, 112, 16, 3.5, '2023-07-05 20:12:57'),
(1844, 113, 16, 5, '2023-07-05 20:12:57'),
(1845, 114, 16, 4.5, '2023-07-05 20:12:57'),
(1846, 115, 16, 4, '2023-07-05 20:12:57'),
(1847, 116, 16, 3.5, '2023-07-05 20:12:57'),
(1848, 117, 16, 3.5, '2023-07-05 20:12:57'),
(1849, 118, 16, 4.5, '2023-07-05 20:12:57'),
(1850, 119, 16, 5, '2023-07-05 20:12:57'),
(1851, 120, 16, 5, '2023-07-05 20:12:57'),
(1852, 121, 16, 3.5, '2023-07-05 20:12:57'),
(1853, 122, 16, 4, '2023-07-05 20:12:57'),
(1854, 123, 16, 4.5, '2023-07-05 20:12:57'),
(1855, 124, 16, 4.5, '2023-07-05 20:12:57'),
(1856, 125, 16, 4.5, '2023-07-05 20:12:57'),
(1857, 126, 16, 4, '2023-07-05 20:12:57'),
(1858, 127, 16, 3.5, '2023-07-05 20:12:57'),
(1859, 128, 16, 5, '2023-07-05 20:12:57'),
(1860, 129, 16, 3.5, '2023-07-05 20:12:57'),
(1861, 130, 16, 3.5, '2023-07-05 20:12:57'),
(1862, 131, 16, 3.5, '2023-07-05 20:12:57'),
(1863, 132, 16, 4.5, '2023-07-05 20:12:57'),
(1864, 133, 16, 3.5, '2023-07-05 20:12:57'),
(1865, 134, 16, 4.5, '2023-07-05 20:12:57'),
(1866, 135, 16, 4, '2023-07-05 20:12:57'),
(1867, 136, 16, 3.5, '2023-07-05 20:12:57'),
(1868, 137, 16, 3.5, '2023-07-05 20:12:57'),
(1869, 138, 16, 4, '2023-07-05 20:12:57'),
(1870, 139, 16, 4.5, '2023-07-05 20:12:57'),
(1871, 140, 16, 4.5, '2023-07-05 20:12:57'),
(1872, 141, 16, 4, '2023-07-05 20:12:57'),
(1873, 142, 16, 3.5, '2023-07-05 20:12:57'),
(1874, 143, 16, 4.5, '2023-07-05 20:12:57'),
(1875, 144, 16, 5, '2023-07-05 20:12:57'),
(1876, 145, 16, 3.5, '2023-07-05 20:12:57'),
(1877, 146, 16, 4.5, '2023-07-05 20:12:57'),
(1878, 147, 16, 5, '2023-07-05 20:12:57'),
(1879, 148, 16, 3.5, '2023-07-05 20:12:57'),
(1880, 149, 16, 5, '2023-07-05 20:12:58'),
(1881, 150, 16, 4, '2023-07-05 20:12:58'),
(1882, 151, 16, 4.5, '2023-07-05 20:12:58'),
(1883, 152, 16, 4, '2023-07-05 20:12:58'),
(1884, 153, 16, 4, '2023-07-05 20:12:58'),
(1885, 154, 16, 4, '2023-07-05 20:12:58'),
(1886, 155, 16, 5, '2023-07-05 20:12:58'),
(1887, 156, 16, 4.5, '2023-07-05 20:12:58'),
(1888, 157, 16, 4.5, '2023-07-05 20:12:58'),
(1889, 158, 16, 5, '2023-07-05 20:12:58'),
(1890, 159, 16, 5, '2023-07-05 20:12:58'),
(1891, 160, 16, 5, '2023-07-05 20:12:58'),
(1892, 161, 16, 5, '2023-07-05 20:12:58'),
(1893, 162, 16, 5, '2023-07-05 20:12:58'),
(1894, 163, 16, 3.5, '2023-07-05 20:12:58'),
(1895, 164, 16, 3.5, '2023-07-05 20:12:58'),
(1896, 165, 16, 4, '2023-07-05 20:12:58'),
(1897, 166, 16, 4.5, '2023-07-05 20:12:58'),
(1898, 167, 16, 4.5, '2023-07-05 20:12:58'),
(1899, 168, 16, 4, '2023-07-05 20:12:58'),
(1900, 169, 16, 3.5, '2023-07-05 20:12:58'),
(1901, 170, 16, 4, '2023-07-05 20:12:58'),
(1902, 171, 16, 4, '2023-07-05 20:12:58'),
(1903, 172, 16, 3.5, '2023-07-05 20:12:58'),
(1904, 173, 16, 5, '2023-07-05 20:12:58'),
(1905, 174, 16, 4, '2023-07-05 20:12:58'),
(1906, 175, 16, 4.5, '2023-07-05 20:12:58'),
(1907, 176, 16, 5, '2023-07-05 20:12:58'),
(1908, 177, 16, 3.5, '2023-07-05 20:12:58'),
(1909, 178, 16, 4.5, '2023-07-05 20:12:58'),
(1910, 179, 16, 4.5, '2023-07-05 20:12:58'),
(1911, 180, 16, 3.5, '2023-07-05 20:12:58'),
(1912, 181, 16, 4, '2023-07-05 20:12:58'),
(1913, 182, 16, 4.5, '2023-07-05 20:12:58'),
(1914, 183, 16, 4, '2023-07-05 20:12:58'),
(1915, 184, 16, 3.5, '2023-07-05 20:12:58'),
(1916, 185, 16, 4, '2023-07-05 20:12:58'),
(1917, 186, 16, 4, '2023-07-05 20:12:58'),
(1918, 187, 16, 4.5, '2023-07-05 20:12:58'),
(1919, 188, 16, 4, '2023-07-05 20:12:58'),
(1920, 189, 16, 4.5, '2023-07-05 20:12:58'),
(1921, 190, 16, 5, '2023-07-05 20:12:58'),
(1922, 191, 16, 4.5, '2023-07-05 20:12:58'),
(1923, 192, 16, 3.5, '2023-07-05 20:12:58'),
(1924, 193, 16, 3.5, '2023-07-05 20:12:58'),
(1925, 194, 16, 4, '2023-07-05 20:12:58'),
(1926, 195, 16, 4.5, '2023-07-05 20:12:58'),
(1927, 196, 16, 5, '2023-07-05 20:12:58'),
(1928, 197, 16, 4.5, '2023-07-05 20:12:58'),
(1929, 198, 16, 3.5, '2023-07-05 20:12:58'),
(1930, 199, 16, 4.5, '2023-07-05 20:12:58'),
(1931, 200, 16, 4.5, '2023-07-05 20:12:58'),
(1932, 201, 16, 4, '2023-07-05 20:12:58'),
(1933, 202, 16, 4.5, '2023-07-05 20:12:58'),
(1934, 203, 16, 4.5, '2023-07-05 20:12:58'),
(1935, 204, 16, 4.5, '2023-07-05 20:12:58'),
(1936, 205, 16, 4.5, '2023-07-05 20:12:58'),
(1937, 206, 16, 4, '2023-07-05 20:12:58'),
(1938, 207, 16, 4, '2023-07-05 20:12:58'),
(1939, 208, 16, 3.5, '2023-07-05 20:12:58'),
(1940, 209, 16, 4, '2023-07-05 20:12:58'),
(1941, 210, 16, 4, '2023-07-05 20:12:58'),
(1942, 211, 16, 4.5, '2023-07-05 20:12:58'),
(1943, 212, 16, 3.5, '2023-07-05 20:12:58'),
(1944, 213, 16, 4, '2023-07-05 20:12:58'),
(1945, 214, 16, 4.5, '2023-07-05 20:12:58'),
(1946, 215, 16, 4, '2023-07-05 20:12:58'),
(1947, 216, 16, 4, '2023-07-05 20:12:58'),
(1948, 217, 16, 4.5, '2023-07-05 20:12:58'),
(1949, 218, 16, 3.5, '2023-07-05 20:12:58'),
(1950, 219, 16, 4.5, '2023-07-05 20:12:58'),
(1951, 220, 16, 5, '2023-07-05 20:12:58'),
(1952, 221, 16, 3.5, '2023-07-05 20:12:58'),
(1953, 222, 16, 3.5, '2023-07-05 20:12:58'),
(1954, 101, 17, 4.5, '2023-07-05 20:12:58'),
(1955, 102, 17, 4, '2023-07-05 20:12:58'),
(1956, 103, 17, 3.5, '2023-07-05 20:12:58'),
(1957, 104, 17, 3.5, '2023-07-05 20:12:58'),
(1958, 105, 17, 3.5, '2023-07-05 20:12:58'),
(1959, 106, 17, 5, '2023-07-05 20:12:58'),
(1960, 107, 17, 5, '2023-07-05 20:12:58'),
(1961, 108, 17, 3.5, '2023-07-05 20:12:58'),
(1962, 109, 17, 4, '2023-07-05 20:12:58'),
(1963, 110, 17, 4, '2023-07-05 20:12:58'),
(1964, 111, 17, 4, '2023-07-05 20:12:58'),
(1965, 112, 17, 5, '2023-07-05 20:12:58'),
(1966, 113, 17, 4.5, '2023-07-05 20:12:59'),
(1967, 114, 17, 3.5, '2023-07-05 20:12:59'),
(1968, 115, 17, 4, '2023-07-05 20:12:59'),
(1969, 116, 17, 4, '2023-07-05 20:12:59'),
(1970, 117, 17, 3.5, '2023-07-05 20:12:59'),
(1971, 118, 17, 4, '2023-07-05 20:12:59'),
(1972, 119, 17, 5, '2023-07-05 20:12:59'),
(1973, 120, 17, 4, '2023-07-05 20:12:59'),
(1974, 121, 17, 4.5, '2023-07-05 20:12:59'),
(1975, 122, 17, 3.5, '2023-07-05 20:12:59'),
(1976, 123, 17, 4, '2023-07-05 20:12:59'),
(1977, 124, 17, 4, '2023-07-05 20:12:59'),
(1978, 125, 17, 5, '2023-07-05 20:12:59'),
(1979, 126, 17, 4.5, '2023-07-05 20:12:59'),
(1980, 127, 17, 4, '2023-07-05 20:12:59'),
(1981, 128, 17, 5, '2023-07-05 20:12:59'),
(1982, 129, 17, 5, '2023-07-05 20:12:59'),
(1983, 130, 17, 4, '2023-07-05 20:12:59'),
(1984, 131, 17, 3.5, '2023-07-05 20:12:59'),
(1985, 132, 17, 4, '2023-07-05 20:12:59'),
(1986, 133, 17, 5, '2023-07-05 20:12:59'),
(1987, 134, 17, 4, '2023-07-05 20:12:59'),
(1988, 135, 17, 4, '2023-07-05 20:12:59'),
(1989, 136, 17, 3.5, '2023-07-05 20:12:59'),
(1990, 137, 17, 4, '2023-07-05 20:12:59'),
(1991, 138, 17, 4.5, '2023-07-05 20:12:59'),
(1992, 139, 17, 4.5, '2023-07-05 20:12:59'),
(1993, 140, 17, 5, '2023-07-05 20:12:59'),
(1994, 141, 17, 3.5, '2023-07-05 20:12:59'),
(1995, 142, 17, 5, '2023-07-05 20:12:59'),
(1996, 143, 17, 3.5, '2023-07-05 20:12:59'),
(1997, 144, 17, 5, '2023-07-05 20:12:59'),
(1998, 145, 17, 4, '2023-07-05 20:12:59'),
(1999, 146, 17, 5, '2023-07-05 20:12:59'),
(2000, 147, 17, 4, '2023-07-05 20:12:59'),
(2001, 148, 17, 3.5, '2023-07-05 20:12:59'),
(2002, 149, 17, 5, '2023-07-05 20:12:59'),
(2003, 150, 17, 4, '2023-07-05 20:12:59'),
(2004, 151, 17, 3.5, '2023-07-05 20:12:59'),
(2005, 152, 17, 3.5, '2023-07-05 20:12:59'),
(2006, 153, 17, 4, '2023-07-05 20:12:59'),
(2007, 154, 17, 5, '2023-07-05 20:12:59'),
(2008, 155, 17, 5, '2023-07-05 20:12:59'),
(2009, 156, 17, 4.5, '2023-07-05 20:12:59'),
(2010, 157, 17, 4, '2023-07-05 20:12:59'),
(2011, 158, 17, 4, '2023-07-05 20:12:59'),
(2012, 159, 17, 3.5, '2023-07-05 20:12:59'),
(2013, 160, 17, 4.5, '2023-07-05 20:12:59'),
(2014, 161, 17, 5, '2023-07-05 20:12:59'),
(2015, 162, 17, 4, '2023-07-05 20:12:59'),
(2016, 163, 17, 5, '2023-07-05 20:12:59'),
(2017, 164, 17, 5, '2023-07-05 20:12:59'),
(2018, 165, 17, 4, '2023-07-05 20:12:59'),
(2019, 166, 17, 5, '2023-07-05 20:12:59'),
(2020, 167, 17, 3.5, '2023-07-05 20:12:59'),
(2021, 168, 17, 4, '2023-07-05 20:12:59'),
(2022, 169, 17, 4.5, '2023-07-05 20:12:59'),
(2023, 170, 17, 5, '2023-07-05 20:12:59'),
(2024, 171, 17, 4.5, '2023-07-05 20:12:59'),
(2025, 172, 17, 3.5, '2023-07-05 20:12:59'),
(2026, 173, 17, 4, '2023-07-05 20:12:59'),
(2027, 174, 17, 5, '2023-07-05 20:12:59'),
(2028, 175, 17, 5, '2023-07-05 20:12:59'),
(2029, 176, 17, 4.5, '2023-07-05 20:12:59'),
(2030, 177, 17, 4.5, '2023-07-05 20:12:59'),
(2031, 178, 17, 3.5, '2023-07-05 20:12:59'),
(2032, 179, 17, 3.5, '2023-07-05 20:12:59'),
(2033, 180, 17, 4.5, '2023-07-05 20:12:59'),
(2034, 181, 17, 5, '2023-07-05 20:12:59'),
(2035, 182, 17, 4.5, '2023-07-05 20:12:59'),
(2036, 183, 17, 3.5, '2023-07-05 20:12:59'),
(2037, 184, 17, 4.5, '2023-07-05 20:12:59'),
(2038, 185, 17, 5, '2023-07-05 20:12:59'),
(2039, 186, 17, 4, '2023-07-05 20:12:59'),
(2040, 187, 17, 5, '2023-07-05 20:12:59'),
(2041, 188, 17, 4, '2023-07-05 20:12:59'),
(2042, 189, 17, 4, '2023-07-05 20:12:59'),
(2043, 190, 17, 4, '2023-07-05 20:12:59'),
(2044, 191, 17, 5, '2023-07-05 20:12:59'),
(2045, 192, 17, 5, '2023-07-05 20:12:59'),
(2046, 193, 17, 5, '2023-07-05 20:12:59'),
(2047, 194, 17, 3.5, '2023-07-05 20:12:59'),
(2048, 195, 17, 4.5, '2023-07-05 20:12:59'),
(2049, 196, 17, 4, '2023-07-05 20:12:59'),
(2050, 197, 17, 4.5, '2023-07-05 20:12:59'),
(2051, 198, 17, 4.5, '2023-07-05 20:12:59'),
(2052, 199, 17, 4.5, '2023-07-05 20:12:59'),
(2053, 200, 17, 5, '2023-07-05 20:12:59'),
(2054, 201, 17, 5, '2023-07-05 20:12:59'),
(2055, 202, 17, 4.5, '2023-07-05 20:12:59'),
(2056, 203, 17, 3.5, '2023-07-05 20:12:59'),
(2057, 204, 17, 4.5, '2023-07-05 20:12:59'),
(2058, 205, 17, 3.5, '2023-07-05 20:12:59'),
(2059, 206, 17, 4.5, '2023-07-05 20:12:59'),
(2060, 207, 17, 3.5, '2023-07-05 20:12:59'),
(2061, 208, 17, 4.5, '2023-07-05 20:12:59'),
(2062, 209, 17, 3.5, '2023-07-05 20:12:59'),
(2063, 210, 17, 5, '2023-07-05 20:12:59'),
(2064, 211, 17, 4, '2023-07-05 20:12:59'),
(2065, 212, 17, 3.5, '2023-07-05 20:12:59'),
(2066, 213, 17, 4.5, '2023-07-05 20:12:59'),
(2067, 214, 17, 3.5, '2023-07-05 20:12:59'),
(2068, 215, 17, 4.5, '2023-07-05 20:12:59'),
(2069, 216, 17, 4.5, '2023-07-05 20:12:59'),
(2070, 217, 17, 4, '2023-07-05 20:12:59'),
(2071, 218, 17, 4, '2023-07-05 20:12:59'),
(2072, 219, 17, 4, '2023-07-05 20:12:59'),
(2073, 220, 17, 4, '2023-07-05 20:13:00'),
(2074, 221, 17, 5, '2023-07-05 20:13:00'),
(2075, 222, 17, 5, '2023-07-05 20:13:00'),
(2076, 101, 18, 3.5, '2023-07-05 20:13:00'),
(2077, 102, 18, 4, '2023-07-05 20:13:00'),
(2078, 103, 18, 4.5, '2023-07-05 20:13:00'),
(2079, 104, 18, 5, '2023-07-05 20:13:00'),
(2080, 105, 18, 5, '2023-07-05 20:13:00'),
(2081, 106, 18, 4.5, '2023-07-05 20:13:00'),
(2082, 107, 18, 4.5, '2023-07-05 20:13:00'),
(2083, 108, 18, 5, '2023-07-05 20:13:00'),
(2084, 109, 18, 5, '2023-07-05 20:13:00'),
(2085, 110, 18, 3.5, '2023-07-05 20:13:00'),
(2086, 111, 18, 5, '2023-07-05 20:13:00'),
(2087, 112, 18, 4.5, '2023-07-05 20:13:00'),
(2088, 113, 18, 4.5, '2023-07-05 20:13:00'),
(2089, 114, 18, 3.5, '2023-07-05 20:13:00'),
(2090, 115, 18, 3.5, '2023-07-05 20:13:00'),
(2091, 116, 18, 4, '2023-07-05 20:13:00'),
(2092, 117, 18, 5, '2023-07-05 20:13:00'),
(2093, 118, 18, 4, '2023-07-05 20:13:00'),
(2094, 119, 18, 4.5, '2023-07-05 20:13:00'),
(2095, 120, 18, 5, '2023-07-05 20:13:00'),
(2096, 121, 18, 4, '2023-07-05 20:13:00'),
(2097, 122, 18, 3.5, '2023-07-05 20:13:00'),
(2098, 123, 18, 4, '2023-07-05 20:13:00'),
(2099, 124, 18, 5, '2023-07-05 20:13:00'),
(2100, 125, 18, 5, '2023-07-05 20:13:00'),
(2101, 126, 18, 5, '2023-07-05 20:13:00'),
(2102, 127, 18, 4.5, '2023-07-05 20:13:00'),
(2103, 128, 18, 4.5, '2023-07-05 20:13:00'),
(2104, 129, 18, 3.5, '2023-07-05 20:13:00'),
(2105, 130, 18, 5, '2023-07-05 20:13:00'),
(2106, 131, 18, 4.5, '2023-07-05 20:13:00'),
(2107, 132, 18, 4, '2023-07-05 20:13:00'),
(2108, 133, 18, 4.5, '2023-07-05 20:13:00'),
(2109, 134, 18, 5, '2023-07-05 20:13:00'),
(2110, 135, 18, 3.5, '2023-07-05 20:13:00'),
(2111, 136, 18, 4.5, '2023-07-05 20:13:00'),
(2112, 137, 18, 4, '2023-07-05 20:13:00'),
(2113, 138, 18, 4, '2023-07-05 20:13:00'),
(2114, 139, 18, 3.5, '2023-07-05 20:13:00'),
(2115, 140, 18, 5, '2023-07-05 20:13:00'),
(2116, 141, 18, 4.5, '2023-07-05 20:13:00'),
(2117, 142, 18, 5, '2023-07-05 20:13:00'),
(2118, 143, 18, 5, '2023-07-05 20:13:00'),
(2119, 144, 18, 4.5, '2023-07-05 20:13:00'),
(2120, 145, 18, 5, '2023-07-05 20:13:00'),
(2121, 146, 18, 5, '2023-07-05 20:13:00'),
(2122, 147, 18, 4.5, '2023-07-05 20:13:00'),
(2123, 148, 18, 4.5, '2023-07-05 20:13:00'),
(2124, 149, 18, 3.5, '2023-07-05 20:13:00'),
(2125, 150, 18, 3.5, '2023-07-05 20:13:00'),
(2126, 151, 18, 5, '2023-07-05 20:13:00'),
(2127, 152, 18, 4.5, '2023-07-05 20:13:00'),
(2128, 153, 18, 3.5, '2023-07-05 20:13:00'),
(2129, 154, 18, 3.5, '2023-07-05 20:13:00'),
(2130, 155, 18, 4.5, '2023-07-05 20:13:00'),
(2131, 156, 18, 5, '2023-07-05 20:13:00'),
(2132, 157, 18, 5, '2023-07-05 20:13:00'),
(2133, 158, 18, 3.5, '2023-07-05 20:13:00'),
(2134, 159, 18, 4.5, '2023-07-05 20:13:00'),
(2135, 160, 18, 3.5, '2023-07-05 20:13:00'),
(2136, 161, 18, 3.5, '2023-07-05 20:13:00'),
(2137, 162, 18, 4, '2023-07-05 20:13:00'),
(2138, 163, 18, 4.5, '2023-07-05 20:13:00'),
(2139, 164, 18, 5, '2023-07-05 20:13:00'),
(2140, 165, 18, 4.5, '2023-07-05 20:13:00'),
(2141, 166, 18, 3.5, '2023-07-05 20:13:00'),
(2142, 167, 18, 4, '2023-07-05 20:13:00'),
(2143, 168, 18, 4, '2023-07-05 20:13:00'),
(2144, 169, 18, 5, '2023-07-05 20:13:00'),
(2145, 170, 18, 4.5, '2023-07-05 20:13:00'),
(2146, 171, 18, 5, '2023-07-05 20:13:00'),
(2147, 172, 18, 3.5, '2023-07-05 20:13:00'),
(2148, 173, 18, 5, '2023-07-05 20:13:00'),
(2149, 174, 18, 5, '2023-07-05 20:13:00'),
(2150, 175, 18, 5, '2023-07-05 20:13:00'),
(2151, 176, 18, 5, '2023-07-05 20:13:00'),
(2152, 177, 18, 5, '2023-07-05 20:13:00'),
(2153, 178, 18, 5, '2023-07-05 20:13:00'),
(2154, 179, 18, 4, '2023-07-05 20:13:00'),
(2155, 180, 18, 4, '2023-07-05 20:13:00'),
(2156, 181, 18, 5, '2023-07-05 20:13:00'),
(2157, 182, 18, 3.5, '2023-07-05 20:13:00'),
(2158, 183, 18, 4.5, '2023-07-05 20:13:00'),
(2159, 184, 18, 5, '2023-07-05 20:13:00'),
(2160, 185, 18, 4, '2023-07-05 20:13:00'),
(2161, 186, 18, 4.5, '2023-07-05 20:13:00'),
(2162, 187, 18, 4, '2023-07-05 20:13:00'),
(2163, 188, 18, 4, '2023-07-05 20:13:00'),
(2164, 189, 18, 3.5, '2023-07-05 20:13:00'),
(2165, 190, 18, 4.5, '2023-07-05 20:13:00'),
(2166, 191, 18, 3.5, '2023-07-05 20:13:00'),
(2167, 192, 18, 3.5, '2023-07-05 20:13:00'),
(2168, 193, 18, 4, '2023-07-05 20:13:00'),
(2169, 194, 18, 5, '2023-07-05 20:13:00'),
(2170, 195, 18, 3.5, '2023-07-05 20:13:00'),
(2171, 196, 18, 3.5, '2023-07-05 20:13:00'),
(2172, 197, 18, 3.5, '2023-07-05 20:13:00'),
(2173, 198, 18, 4, '2023-07-05 20:13:00'),
(2174, 199, 18, 5, '2023-07-05 20:13:00'),
(2175, 200, 18, 3.5, '2023-07-05 20:13:00'),
(2176, 201, 18, 4, '2023-07-05 20:13:00'),
(2177, 202, 18, 4, '2023-07-05 20:13:00'),
(2178, 203, 18, 4.5, '2023-07-05 20:13:00'),
(2179, 204, 18, 5, '2023-07-05 20:13:00'),
(2180, 205, 18, 3.5, '2023-07-05 20:13:00'),
(2181, 206, 18, 5, '2023-07-05 20:13:00'),
(2182, 207, 18, 5, '2023-07-05 20:13:00'),
(2183, 208, 18, 5, '2023-07-05 20:13:00'),
(2184, 209, 18, 3.5, '2023-07-05 20:13:00'),
(2185, 210, 18, 3.5, '2023-07-05 20:13:00'),
(2186, 211, 18, 5, '2023-07-05 20:13:00'),
(2187, 212, 18, 5, '2023-07-05 20:13:01'),
(2188, 213, 18, 4, '2023-07-05 20:13:01'),
(2189, 214, 18, 4.5, '2023-07-05 20:13:01'),
(2190, 215, 18, 3.5, '2023-07-05 20:13:01'),
(2191, 216, 18, 4, '2023-07-05 20:13:01'),
(2192, 217, 18, 5, '2023-07-05 20:13:01'),
(2193, 218, 18, 3.5, '2023-07-05 20:13:01'),
(2194, 219, 18, 4.5, '2023-07-05 20:13:01'),
(2195, 220, 18, 4, '2023-07-05 20:13:01'),
(2196, 221, 18, 5, '2023-07-05 20:13:01'),
(2197, 222, 18, 5, '2023-07-05 20:13:01'),
(2198, 101, 19, 5, '2023-07-05 20:13:01'),
(2199, 102, 19, 4, '2023-07-05 20:13:01'),
(2200, 103, 19, 5, '2023-07-05 20:13:01'),
(2201, 104, 19, 4.5, '2023-07-05 20:13:01'),
(2202, 105, 19, 5, '2023-07-05 20:13:01'),
(2203, 106, 19, 3.5, '2023-07-05 20:13:01'),
(2204, 107, 19, 5, '2023-07-05 20:13:01'),
(2205, 108, 19, 4.5, '2023-07-05 20:13:01'),
(2206, 109, 19, 3.5, '2023-07-05 20:13:01'),
(2207, 110, 19, 4, '2023-07-05 20:13:01'),
(2208, 111, 19, 3.5, '2023-07-05 20:13:01'),
(2209, 112, 19, 4, '2023-07-05 20:13:01'),
(2210, 113, 19, 5, '2023-07-05 20:13:01'),
(2211, 114, 19, 4.5, '2023-07-05 20:13:01'),
(2212, 115, 19, 3.5, '2023-07-05 20:13:01'),
(2213, 116, 19, 5, '2023-07-05 20:13:01'),
(2214, 117, 19, 5, '2023-07-05 20:13:01'),
(2215, 118, 19, 3.5, '2023-07-05 20:13:01'),
(2216, 119, 19, 4, '2023-07-05 20:13:01'),
(2217, 120, 19, 3.5, '2023-07-05 20:13:01'),
(2218, 121, 19, 4, '2023-07-05 20:13:01'),
(2219, 122, 19, 3.5, '2023-07-05 20:13:01'),
(2220, 123, 19, 5, '2023-07-05 20:13:01'),
(2221, 124, 19, 4, '2023-07-05 20:13:01'),
(2222, 125, 19, 4, '2023-07-05 20:13:01'),
(2223, 126, 19, 3.5, '2023-07-05 20:13:01'),
(2224, 127, 19, 4.5, '2023-07-05 20:13:01'),
(2225, 128, 19, 4, '2023-07-05 20:13:01'),
(2226, 129, 19, 3.5, '2023-07-05 20:13:01'),
(2227, 130, 19, 4, '2023-07-05 20:13:01'),
(2228, 131, 19, 4.5, '2023-07-05 20:13:01'),
(2229, 132, 19, 4.5, '2023-07-05 20:13:01'),
(2230, 133, 19, 4.5, '2023-07-05 20:13:01'),
(2231, 134, 19, 4.5, '2023-07-05 20:13:01'),
(2232, 135, 19, 3.5, '2023-07-05 20:13:01'),
(2233, 136, 19, 3.5, '2023-07-05 20:13:01'),
(2234, 137, 19, 4, '2023-07-05 20:13:01'),
(2235, 138, 19, 4.5, '2023-07-05 20:13:01'),
(2236, 139, 19, 5, '2023-07-05 20:13:01'),
(2237, 140, 19, 3.5, '2023-07-05 20:13:01'),
(2238, 141, 19, 5, '2023-07-05 20:13:01'),
(2239, 142, 19, 5, '2023-07-05 20:13:01'),
(2240, 143, 19, 4, '2023-07-05 20:13:01'),
(2241, 144, 19, 3.5, '2023-07-05 20:13:01'),
(2242, 145, 19, 4, '2023-07-05 20:13:01'),
(2243, 146, 19, 3.5, '2023-07-05 20:13:01'),
(2244, 147, 19, 4.5, '2023-07-05 20:13:01'),
(2245, 148, 19, 4.5, '2023-07-05 20:13:01'),
(2246, 149, 19, 4, '2023-07-05 20:13:01'),
(2247, 150, 19, 4.5, '2023-07-05 20:13:01'),
(2248, 151, 19, 4.5, '2023-07-05 20:13:01'),
(2249, 152, 19, 4.5, '2023-07-05 20:13:01'),
(2250, 153, 19, 4.5, '2023-07-05 20:13:01'),
(2251, 154, 19, 4, '2023-07-05 20:13:01'),
(2252, 155, 19, 4, '2023-07-05 20:13:01'),
(2253, 156, 19, 4.5, '2023-07-05 20:13:01'),
(2254, 157, 19, 4.5, '2023-07-05 20:13:01'),
(2255, 158, 19, 4.5, '2023-07-05 20:13:01'),
(2256, 159, 19, 5, '2023-07-05 20:13:01'),
(2257, 160, 19, 5, '2023-07-05 20:13:01'),
(2258, 161, 19, 5, '2023-07-05 20:13:01'),
(2259, 162, 19, 4, '2023-07-05 20:13:01'),
(2260, 163, 19, 4.5, '2023-07-05 20:13:01'),
(2261, 164, 19, 4, '2023-07-05 20:13:01'),
(2262, 165, 19, 3.5, '2023-07-05 20:13:01'),
(2263, 166, 19, 4.5, '2023-07-05 20:13:01'),
(2264, 167, 19, 5, '2023-07-05 20:13:01'),
(2265, 168, 19, 5, '2023-07-05 20:13:01'),
(2266, 169, 19, 4.5, '2023-07-05 20:13:01'),
(2267, 170, 19, 5, '2023-07-05 20:13:01'),
(2268, 171, 19, 5, '2023-07-05 20:13:01'),
(2269, 172, 19, 4, '2023-07-05 20:13:01'),
(2270, 173, 19, 5, '2023-07-05 20:13:01'),
(2271, 174, 19, 4.5, '2023-07-05 20:13:01'),
(2272, 175, 19, 3.5, '2023-07-05 20:13:01'),
(2273, 176, 19, 5, '2023-07-05 20:13:01'),
(2274, 177, 19, 3.5, '2023-07-05 20:13:01'),
(2275, 178, 19, 4.5, '2023-07-05 20:13:01'),
(2276, 179, 19, 5, '2023-07-05 20:13:01'),
(2277, 180, 19, 5, '2023-07-05 20:13:01'),
(2278, 181, 19, 4.5, '2023-07-05 20:13:01'),
(2279, 182, 19, 4.5, '2023-07-05 20:13:01'),
(2280, 183, 19, 5, '2023-07-05 20:13:01'),
(2281, 184, 19, 3.5, '2023-07-05 20:13:01'),
(2282, 185, 19, 3.5, '2023-07-05 20:13:01'),
(2283, 186, 19, 3.5, '2023-07-05 20:13:01'),
(2284, 187, 19, 4, '2023-07-05 20:13:01'),
(2285, 188, 19, 4, '2023-07-05 20:13:01'),
(2286, 189, 19, 5, '2023-07-05 20:13:01'),
(2287, 190, 19, 3.5, '2023-07-05 20:13:01'),
(2288, 191, 19, 4.5, '2023-07-05 20:13:01'),
(2289, 192, 19, 5, '2023-07-05 20:13:01'),
(2290, 193, 19, 4, '2023-07-05 20:13:01'),
(2291, 194, 19, 4, '2023-07-05 20:13:01'),
(2292, 195, 19, 4.5, '2023-07-05 20:13:01'),
(2293, 196, 19, 4, '2023-07-05 20:13:01'),
(2294, 197, 19, 4.5, '2023-07-05 20:13:01'),
(2295, 198, 19, 4.5, '2023-07-05 20:13:01'),
(2296, 199, 19, 3.5, '2023-07-05 20:13:01'),
(2297, 200, 19, 4.5, '2023-07-05 20:13:01'),
(2298, 201, 19, 4, '2023-07-05 20:13:01'),
(2299, 202, 19, 3.5, '2023-07-05 20:13:01'),
(2300, 203, 19, 5, '2023-07-05 20:13:01'),
(2301, 204, 19, 3.5, '2023-07-05 20:13:01'),
(2302, 205, 19, 3.5, '2023-07-05 20:13:01'),
(2303, 206, 19, 4.5, '2023-07-05 20:13:01'),
(2304, 207, 19, 4.5, '2023-07-05 20:13:01'),
(2305, 208, 19, 4.5, '2023-07-05 20:13:01'),
(2306, 209, 19, 5, '2023-07-05 20:13:01'),
(2307, 210, 19, 5, '2023-07-05 20:13:01'),
(2308, 211, 19, 3.5, '2023-07-05 20:13:01'),
(2309, 212, 19, 5, '2023-07-05 20:13:01'),
(2310, 213, 19, 3.5, '2023-07-05 20:13:01'),
(2311, 214, 19, 4, '2023-07-05 20:13:01'),
(2312, 215, 19, 4, '2023-07-05 20:13:01'),
(2313, 216, 19, 4.5, '2023-07-05 20:13:01'),
(2314, 217, 19, 5, '2023-07-05 20:13:01'),
(2315, 218, 19, 4.5, '2023-07-05 20:13:01'),
(2316, 219, 19, 4, '2023-07-05 20:13:01'),
(2317, 220, 19, 4.5, '2023-07-05 20:13:01'),
(2318, 221, 19, 4.5, '2023-07-05 20:13:01'),
(2319, 222, 19, 4, '2023-07-05 20:13:01'),
(2320, 101, 20, 5, '2023-07-05 20:13:01'),
(2321, 102, 20, 3.5, '2023-07-05 20:13:01'),
(2322, 103, 20, 4.5, '2023-07-05 20:13:01'),
(2323, 104, 20, 4, '2023-07-05 20:13:01'),
(2324, 105, 20, 4.5, '2023-07-05 20:13:01'),
(2325, 106, 20, 3.5, '2023-07-05 20:13:01'),
(2326, 107, 20, 5, '2023-07-05 20:13:01'),
(2327, 108, 20, 3.5, '2023-07-05 20:13:01'),
(2328, 109, 20, 3.5, '2023-07-05 20:13:01'),
(2329, 110, 20, 4.5, '2023-07-05 20:13:01'),
(2330, 111, 20, 4, '2023-07-05 20:13:01'),
(2331, 112, 20, 3.5, '2023-07-05 20:13:01'),
(2332, 113, 20, 4.5, '2023-07-05 20:13:01'),
(2333, 114, 20, 4.5, '2023-07-05 20:13:01'),
(2334, 115, 20, 3.5, '2023-07-05 20:13:01'),
(2335, 116, 20, 4.5, '2023-07-05 20:13:01'),
(2336, 117, 20, 4, '2023-07-05 20:13:01'),
(2337, 118, 20, 4.5, '2023-07-05 20:13:01'),
(2338, 119, 20, 4, '2023-07-05 20:13:01'),
(2339, 120, 20, 4.5, '2023-07-05 20:13:01'),
(2340, 121, 20, 3.5, '2023-07-05 20:13:01'),
(2341, 122, 20, 4.5, '2023-07-05 20:13:01'),
(2342, 123, 20, 3.5, '2023-07-05 20:13:01'),
(2343, 124, 20, 5, '2023-07-05 20:13:01'),
(2344, 125, 20, 4, '2023-07-05 20:13:01'),
(2345, 126, 20, 4, '2023-07-05 20:13:01'),
(2346, 127, 20, 5, '2023-07-05 20:13:01'),
(2347, 128, 20, 4, '2023-07-05 20:13:01'),
(2348, 129, 20, 4, '2023-07-05 20:13:01'),
(2349, 130, 20, 4.5, '2023-07-05 20:13:02'),
(2350, 131, 20, 3.5, '2023-07-05 20:13:02'),
(2351, 132, 20, 4.5, '2023-07-05 20:13:02'),
(2352, 133, 20, 3.5, '2023-07-05 20:13:02'),
(2353, 134, 20, 4.5, '2023-07-05 20:13:02'),
(2354, 135, 20, 3.5, '2023-07-05 20:13:02'),
(2355, 136, 20, 5, '2023-07-05 20:13:02'),
(2356, 137, 20, 3.5, '2023-07-05 20:13:02'),
(2357, 138, 20, 4, '2023-07-05 20:13:02'),
(2358, 139, 20, 5, '2023-07-05 20:13:02'),
(2359, 140, 20, 3.5, '2023-07-05 20:13:02'),
(2360, 141, 20, 3.5, '2023-07-05 20:13:02'),
(2361, 142, 20, 4.5, '2023-07-05 20:13:02'),
(2362, 143, 20, 4, '2023-07-05 20:13:02'),
(2363, 144, 20, 5, '2023-07-05 20:13:02'),
(2364, 145, 20, 4.5, '2023-07-05 20:13:02'),
(2365, 146, 20, 4.5, '2023-07-05 20:13:02'),
(2366, 147, 20, 3.5, '2023-07-05 20:13:02'),
(2367, 148, 20, 3.5, '2023-07-05 20:13:02'),
(2368, 149, 20, 5, '2023-07-05 20:13:02'),
(2369, 150, 20, 5, '2023-07-05 20:13:02'),
(2370, 151, 20, 5, '2023-07-05 20:13:02'),
(2371, 152, 20, 4, '2023-07-05 20:13:02'),
(2372, 153, 20, 3.5, '2023-07-05 20:13:02'),
(2373, 154, 20, 4.5, '2023-07-05 20:13:02'),
(2374, 155, 20, 4.5, '2023-07-05 20:13:02'),
(2375, 156, 20, 4, '2023-07-05 20:13:02'),
(2376, 157, 20, 4.5, '2023-07-05 20:13:02'),
(2377, 158, 20, 4, '2023-07-05 20:13:02'),
(2378, 159, 20, 4, '2023-07-05 20:13:02'),
(2379, 160, 20, 4.5, '2023-07-05 20:13:02'),
(2380, 161, 20, 5, '2023-07-05 20:13:02'),
(2381, 162, 20, 4, '2023-07-05 20:13:02'),
(2382, 163, 20, 4.5, '2023-07-05 20:13:02'),
(2383, 164, 20, 4.5, '2023-07-05 20:13:02'),
(2384, 165, 20, 3.5, '2023-07-05 20:13:02'),
(2385, 166, 20, 5, '2023-07-05 20:13:02'),
(2386, 167, 20, 4, '2023-07-05 20:13:02'),
(2387, 168, 20, 4.5, '2023-07-05 20:13:02'),
(2388, 169, 20, 4, '2023-07-05 20:13:02'),
(2389, 170, 20, 5, '2023-07-05 20:13:02'),
(2390, 171, 20, 3.5, '2023-07-05 20:13:02'),
(2391, 172, 20, 4.5, '2023-07-05 20:13:02'),
(2392, 173, 20, 4, '2023-07-05 20:13:02'),
(2393, 174, 20, 3.5, '2023-07-05 20:13:02'),
(2394, 175, 20, 4, '2023-07-05 20:13:02'),
(2395, 176, 20, 3.5, '2023-07-05 20:13:02'),
(2396, 177, 20, 4, '2023-07-05 20:13:02'),
(2397, 178, 20, 3.5, '2023-07-05 20:13:02'),
(2398, 179, 20, 4, '2023-07-05 20:13:02'),
(2399, 180, 20, 3.5, '2023-07-05 20:13:02'),
(2400, 181, 20, 5, '2023-07-05 20:13:02'),
(2401, 182, 20, 5, '2023-07-05 20:13:02'),
(2402, 183, 20, 4.5, '2023-07-05 20:13:02'),
(2403, 184, 20, 3.5, '2023-07-05 20:13:02'),
(2404, 185, 20, 4, '2023-07-05 20:13:02'),
(2405, 186, 20, 4.5, '2023-07-05 20:13:02'),
(2406, 187, 20, 4.5, '2023-07-05 20:13:02'),
(2407, 188, 20, 3.5, '2023-07-05 20:13:02'),
(2408, 189, 20, 4.5, '2023-07-05 20:13:02'),
(2409, 190, 20, 4, '2023-07-05 20:13:02'),
(2410, 191, 20, 4.5, '2023-07-05 20:13:02'),
(2411, 192, 20, 5, '2023-07-05 20:13:02'),
(2412, 193, 20, 3.5, '2023-07-05 20:13:02'),
(2413, 194, 20, 3.5, '2023-07-05 20:13:02'),
(2414, 195, 20, 4, '2023-07-05 20:13:02'),
(2415, 196, 20, 4.5, '2023-07-05 20:13:02'),
(2416, 197, 20, 4.5, '2023-07-05 20:13:02'),
(2417, 198, 20, 5, '2023-07-05 20:13:02'),
(2418, 199, 20, 4.5, '2023-07-05 20:13:02'),
(2419, 200, 20, 5, '2023-07-05 20:13:02'),
(2420, 201, 20, 5, '2023-07-05 20:13:02'),
(2421, 202, 20, 4, '2023-07-05 20:13:02'),
(2422, 203, 20, 3.5, '2023-07-05 20:13:02'),
(2423, 204, 20, 4, '2023-07-05 20:13:02'),
(2424, 205, 20, 4, '2023-07-05 20:13:02'),
(2425, 206, 20, 5, '2023-07-05 20:13:02'),
(2426, 207, 20, 5, '2023-07-05 20:13:02'),
(2427, 208, 20, 5, '2023-07-05 20:13:02'),
(2428, 209, 20, 5, '2023-07-05 20:13:02'),
(2429, 210, 20, 4, '2023-07-05 20:13:02');
INSERT INTO `rates` (`id_rate`, `id_product`, `id_user`, `point`, `updated_at`) VALUES
(2430, 211, 20, 4.5, '2023-07-05 20:13:02'),
(2431, 212, 20, 3.5, '2023-07-05 20:13:02'),
(2432, 213, 20, 4.5, '2023-07-05 20:13:02'),
(2433, 214, 20, 3.5, '2023-07-05 20:13:02'),
(2434, 215, 20, 3.5, '2023-07-05 20:13:02'),
(2435, 216, 20, 5, '2023-07-05 20:13:02'),
(2436, 217, 20, 4, '2023-07-05 20:13:02'),
(2437, 218, 20, 5, '2023-07-05 20:13:02'),
(2438, 219, 20, 4.5, '2023-07-05 20:13:02'),
(2439, 220, 20, 5, '2023-07-05 20:13:02'),
(2440, 221, 20, 5, '2023-07-05 20:13:02'),
(2441, 222, 20, 4.5, '2023-07-05 20:13:02'),
(2442, 101, 21, 3.5, '2023-07-05 20:13:02'),
(2443, 102, 21, 3.5, '2023-07-05 20:13:02'),
(2444, 103, 21, 3.5, '2023-07-05 20:13:02'),
(2445, 104, 21, 5, '2023-07-05 20:13:02'),
(2446, 105, 21, 4, '2023-07-05 20:13:02'),
(2447, 106, 21, 4.5, '2023-07-05 20:13:02'),
(2448, 107, 21, 4.5, '2023-07-05 20:13:02'),
(2449, 108, 21, 4.5, '2023-07-05 20:13:02'),
(2450, 109, 21, 4.5, '2023-07-05 20:13:02'),
(2451, 110, 21, 4.5, '2023-07-05 20:13:02'),
(2452, 111, 21, 3.5, '2023-07-05 20:13:02'),
(2453, 112, 21, 5, '2023-07-05 20:13:02'),
(2454, 113, 21, 5, '2023-07-05 20:13:02'),
(2455, 114, 21, 4, '2023-07-05 20:13:02'),
(2456, 115, 21, 4.5, '2023-07-05 20:13:02'),
(2457, 116, 21, 3.5, '2023-07-05 20:13:02'),
(2458, 117, 21, 3.5, '2023-07-05 20:13:02'),
(2459, 118, 21, 4.5, '2023-07-05 20:13:02'),
(2460, 119, 21, 3.5, '2023-07-05 20:13:02'),
(2461, 120, 21, 3.5, '2023-07-05 20:13:02'),
(2462, 121, 21, 4, '2023-07-05 20:13:02'),
(2463, 122, 21, 4.5, '2023-07-05 20:13:02'),
(2464, 123, 21, 3.5, '2023-07-05 20:13:02'),
(2465, 124, 21, 3.5, '2023-07-05 20:13:02'),
(2466, 125, 21, 3.5, '2023-07-05 20:13:02'),
(2467, 126, 21, 3.5, '2023-07-05 20:13:02'),
(2468, 127, 21, 4, '2023-07-05 20:13:02'),
(2469, 128, 21, 4, '2023-07-05 20:13:02'),
(2470, 129, 21, 4.5, '2023-07-05 20:13:02'),
(2471, 130, 21, 3.5, '2023-07-05 20:13:02'),
(2472, 131, 21, 4.5, '2023-07-05 20:13:03'),
(2473, 132, 21, 5, '2023-07-05 20:13:03'),
(2474, 133, 21, 4.5, '2023-07-05 20:13:03'),
(2475, 134, 21, 4, '2023-07-05 20:13:03'),
(2476, 135, 21, 4.5, '2023-07-05 20:13:03'),
(2477, 136, 21, 3.5, '2023-07-05 20:13:03'),
(2478, 137, 21, 3.5, '2023-07-05 20:13:03'),
(2479, 138, 21, 3.5, '2023-07-05 20:13:03'),
(2480, 139, 21, 4.5, '2023-07-05 20:13:03'),
(2481, 140, 21, 5, '2023-07-05 20:13:03'),
(2482, 141, 21, 3.5, '2023-07-05 20:13:03'),
(2483, 142, 21, 4, '2023-07-05 20:13:03'),
(2484, 143, 21, 4.5, '2023-07-05 20:13:03'),
(2485, 144, 21, 4.5, '2023-07-05 20:13:03'),
(2486, 145, 21, 4.5, '2023-07-05 20:13:03'),
(2487, 146, 21, 4, '2023-07-05 20:13:03'),
(2488, 147, 21, 3.5, '2023-07-05 20:13:03'),
(2489, 148, 21, 3.5, '2023-07-05 20:13:03'),
(2490, 149, 21, 5, '2023-07-05 20:13:03'),
(2491, 150, 21, 3.5, '2023-07-05 20:13:03'),
(2492, 151, 21, 4, '2023-07-05 20:13:03'),
(2493, 152, 21, 4.5, '2023-07-05 20:13:03'),
(2494, 153, 21, 3.5, '2023-07-05 20:13:03'),
(2495, 154, 21, 4.5, '2023-07-05 20:13:03'),
(2496, 155, 21, 4.5, '2023-07-05 20:13:03'),
(2497, 156, 21, 3.5, '2023-07-05 20:13:03'),
(2498, 157, 21, 5, '2023-07-05 20:13:03'),
(2499, 158, 21, 4.5, '2023-07-05 20:13:03'),
(2500, 159, 21, 4.5, '2023-07-05 20:13:03'),
(2501, 160, 21, 4, '2023-07-05 20:13:03'),
(2502, 161, 21, 3.5, '2023-07-05 20:13:03'),
(2503, 162, 21, 4.5, '2023-07-05 20:13:03'),
(2504, 163, 21, 4, '2023-07-05 20:13:03'),
(2505, 164, 21, 4, '2023-07-05 20:13:03'),
(2506, 165, 21, 4.5, '2023-07-05 20:13:03'),
(2507, 166, 21, 5, '2023-07-05 20:13:03'),
(2508, 167, 21, 4.5, '2023-07-05 20:13:03'),
(2509, 168, 21, 4, '2023-07-05 20:13:03'),
(2510, 169, 21, 4, '2023-07-05 20:13:03'),
(2511, 170, 21, 3.5, '2023-07-05 20:13:03'),
(2512, 171, 21, 5, '2023-07-05 20:13:03'),
(2513, 172, 21, 5, '2023-07-05 20:13:03'),
(2514, 173, 21, 3.5, '2023-07-05 20:13:03'),
(2515, 174, 21, 4, '2023-07-05 20:13:03'),
(2516, 175, 21, 5, '2023-07-05 20:13:03'),
(2517, 176, 21, 4, '2023-07-05 20:13:03'),
(2518, 177, 21, 5, '2023-07-05 20:13:03'),
(2519, 178, 21, 3.5, '2023-07-05 20:13:03'),
(2520, 179, 21, 4, '2023-07-05 20:13:03'),
(2521, 180, 21, 4, '2023-07-05 20:13:03'),
(2522, 181, 21, 5, '2023-07-05 20:13:03'),
(2523, 182, 21, 3.5, '2023-07-05 20:13:03'),
(2524, 183, 21, 4, '2023-07-05 20:13:03'),
(2525, 184, 21, 3.5, '2023-07-05 20:13:03'),
(2526, 185, 21, 5, '2023-07-05 20:13:03'),
(2527, 186, 21, 5, '2023-07-05 20:13:03'),
(2528, 187, 21, 4, '2023-07-05 20:13:03'),
(2529, 188, 21, 4, '2023-07-05 20:13:03'),
(2530, 189, 21, 5, '2023-07-05 20:13:03'),
(2531, 190, 21, 5, '2023-07-05 20:13:03'),
(2532, 191, 21, 3.5, '2023-07-05 20:13:03'),
(2533, 192, 21, 4.5, '2023-07-05 20:13:03'),
(2534, 193, 21, 4, '2023-07-05 20:13:03'),
(2535, 194, 21, 3.5, '2023-07-05 20:13:03'),
(2536, 195, 21, 5, '2023-07-05 20:13:03'),
(2537, 196, 21, 4, '2023-07-05 20:13:03'),
(2538, 197, 21, 3.5, '2023-07-05 20:13:03'),
(2539, 198, 21, 5, '2023-07-05 20:13:03'),
(2540, 199, 21, 4.5, '2023-07-05 20:13:03'),
(2541, 200, 21, 5, '2023-07-05 20:13:03'),
(2542, 201, 21, 3.5, '2023-07-05 20:13:03'),
(2543, 202, 21, 4.5, '2023-07-05 20:13:03'),
(2544, 203, 21, 4, '2023-07-05 20:13:03'),
(2545, 204, 21, 4.5, '2023-07-05 20:13:03'),
(2546, 205, 21, 4, '2023-07-05 20:13:03'),
(2547, 206, 21, 5, '2023-07-05 20:13:03'),
(2548, 207, 21, 4.5, '2023-07-05 20:13:03'),
(2549, 208, 21, 4, '2023-07-05 20:13:03'),
(2550, 209, 21, 4.5, '2023-07-05 20:13:03'),
(2551, 210, 21, 5, '2023-07-05 20:13:03'),
(2552, 211, 21, 4.5, '2023-07-05 20:13:03'),
(2553, 212, 21, 3.5, '2023-07-05 20:13:03'),
(2554, 213, 21, 3.5, '2023-07-05 20:13:03'),
(2555, 214, 21, 4.5, '2023-07-05 20:13:03'),
(2556, 215, 21, 4.5, '2023-07-05 20:13:03'),
(2557, 216, 21, 5, '2023-07-05 20:13:03'),
(2558, 217, 21, 5, '2023-07-05 20:13:03'),
(2559, 218, 21, 5, '2023-07-05 20:13:03'),
(2560, 219, 21, 5, '2023-07-05 20:13:03'),
(2561, 220, 21, 4.5, '2023-07-05 20:13:03'),
(2562, 221, 21, 4, '2023-07-05 20:13:03'),
(2563, 222, 21, 4.5, '2023-07-05 20:13:03'),
(2564, 101, 22, 4.5, '2023-07-05 20:13:03'),
(2565, 102, 22, 4, '2023-07-05 20:13:03'),
(2566, 103, 22, 4, '2023-07-05 20:13:03'),
(2567, 104, 22, 4.5, '2023-07-05 20:13:03'),
(2568, 105, 22, 3.5, '2023-07-05 20:13:03'),
(2569, 106, 22, 4.5, '2023-07-05 20:13:03'),
(2570, 107, 22, 4, '2023-07-05 20:13:03'),
(2571, 108, 22, 5, '2023-07-05 20:13:03'),
(2572, 109, 22, 4.5, '2023-07-05 20:13:03'),
(2573, 110, 22, 3.5, '2023-07-05 20:13:03'),
(2574, 111, 22, 5, '2023-07-05 20:13:03'),
(2575, 112, 22, 4.5, '2023-07-05 20:13:03'),
(2576, 113, 22, 4.5, '2023-07-05 20:13:03'),
(2577, 114, 22, 5, '2023-07-05 20:13:03'),
(2578, 115, 22, 5, '2023-07-05 20:13:03'),
(2579, 116, 22, 4, '2023-07-05 20:13:03'),
(2580, 117, 22, 4, '2023-07-05 20:13:03'),
(2581, 118, 22, 4.5, '2023-07-05 20:13:03'),
(2582, 119, 22, 4.5, '2023-07-05 20:13:03'),
(2583, 120, 22, 4.5, '2023-07-05 20:13:03'),
(2584, 121, 22, 4, '2023-07-05 20:13:03'),
(2585, 122, 22, 3.5, '2023-07-05 20:13:03'),
(2586, 123, 22, 3.5, '2023-07-05 20:13:03'),
(2587, 124, 22, 3.5, '2023-07-05 20:13:03'),
(2588, 125, 22, 4.5, '2023-07-05 20:13:03'),
(2589, 126, 22, 4, '2023-07-05 20:13:03'),
(2590, 127, 22, 3.5, '2023-07-05 20:13:03'),
(2591, 128, 22, 4, '2023-07-05 20:13:03'),
(2592, 129, 22, 4.5, '2023-07-05 20:13:03'),
(2593, 130, 22, 4, '2023-07-05 20:13:03'),
(2594, 131, 22, 3.5, '2023-07-05 20:13:03'),
(2595, 132, 22, 5, '2023-07-05 20:13:03'),
(2596, 133, 22, 4, '2023-07-05 20:13:03'),
(2597, 134, 22, 3.5, '2023-07-05 20:13:03'),
(2598, 135, 22, 4.5, '2023-07-05 20:13:03'),
(2599, 136, 22, 5, '2023-07-05 20:13:03'),
(2600, 137, 22, 3.5, '2023-07-05 20:13:03'),
(2601, 138, 22, 5, '2023-07-05 20:13:03'),
(2602, 139, 22, 4.5, '2023-07-05 20:13:03'),
(2603, 140, 22, 4, '2023-07-05 20:13:03'),
(2604, 141, 22, 4, '2023-07-05 20:13:03'),
(2605, 142, 22, 3.5, '2023-07-05 20:13:03'),
(2606, 143, 22, 5, '2023-07-05 20:13:03'),
(2607, 144, 22, 5, '2023-07-05 20:13:03'),
(2608, 145, 22, 5, '2023-07-05 20:13:03'),
(2609, 146, 22, 4, '2023-07-05 20:13:03'),
(2610, 147, 22, 4.5, '2023-07-05 20:13:03'),
(2611, 148, 22, 4.5, '2023-07-05 20:13:03'),
(2612, 149, 22, 4, '2023-07-05 20:13:03'),
(2613, 150, 22, 5, '2023-07-05 20:13:03'),
(2614, 151, 22, 3.5, '2023-07-05 20:13:03'),
(2615, 152, 22, 4, '2023-07-05 20:13:03'),
(2616, 153, 22, 4.5, '2023-07-05 20:13:04'),
(2617, 154, 22, 3.5, '2023-07-05 20:13:04'),
(2618, 155, 22, 4.5, '2023-07-05 20:13:04'),
(2619, 156, 22, 4.5, '2023-07-05 20:13:04'),
(2620, 157, 22, 5, '2023-07-05 20:13:04'),
(2621, 158, 22, 4.5, '2023-07-05 20:13:04'),
(2622, 159, 22, 4, '2023-07-05 20:13:04'),
(2623, 160, 22, 4, '2023-07-05 20:13:04'),
(2624, 161, 22, 5, '2023-07-05 20:13:04'),
(2625, 162, 22, 4.5, '2023-07-05 20:13:04'),
(2626, 163, 22, 5, '2023-07-05 20:13:04'),
(2627, 164, 22, 4.5, '2023-07-05 20:13:04'),
(2628, 165, 22, 4.5, '2023-07-05 20:13:04'),
(2629, 166, 22, 4, '2023-07-05 20:13:04'),
(2630, 167, 22, 5, '2023-07-05 20:13:04'),
(2631, 168, 22, 3.5, '2023-07-05 20:13:04'),
(2632, 169, 22, 4.5, '2023-07-05 20:13:04'),
(2633, 170, 22, 4, '2023-07-05 20:13:04'),
(2634, 171, 22, 4, '2023-07-05 20:13:04'),
(2635, 172, 22, 3.5, '2023-07-05 20:13:04'),
(2636, 173, 22, 4.5, '2023-07-05 20:13:04'),
(2637, 174, 22, 4.5, '2023-07-05 20:13:04'),
(2638, 175, 22, 4.5, '2023-07-05 20:13:04'),
(2639, 176, 22, 3.5, '2023-07-05 20:13:04'),
(2640, 177, 22, 3.5, '2023-07-05 20:13:04'),
(2641, 178, 22, 3.5, '2023-07-05 20:13:04'),
(2642, 179, 22, 4, '2023-07-05 20:13:04'),
(2643, 180, 22, 4, '2023-07-05 20:13:04'),
(2644, 181, 22, 4, '2023-07-05 20:13:04'),
(2645, 182, 22, 5, '2023-07-05 20:13:04'),
(2646, 183, 22, 4, '2023-07-05 20:13:04'),
(2647, 184, 22, 3.5, '2023-07-05 20:13:04'),
(2648, 185, 22, 3.5, '2023-07-05 20:13:04'),
(2649, 186, 22, 4, '2023-07-05 20:13:04'),
(2650, 187, 22, 4, '2023-07-05 20:13:04'),
(2651, 188, 22, 3.5, '2023-07-05 20:13:04'),
(2652, 189, 22, 5, '2023-07-05 20:13:04'),
(2653, 190, 22, 4, '2023-07-05 20:13:04'),
(2654, 191, 22, 4.5, '2023-07-05 20:13:04'),
(2655, 192, 22, 4.5, '2023-07-05 20:13:04'),
(2656, 193, 22, 5, '2023-07-05 20:13:04'),
(2657, 194, 22, 4, '2023-07-05 20:13:04'),
(2658, 195, 22, 3.5, '2023-07-05 20:13:04'),
(2659, 196, 22, 5, '2023-07-05 20:13:04'),
(2660, 197, 22, 3.5, '2023-07-05 20:13:04'),
(2661, 198, 22, 3.5, '2023-07-05 20:13:04'),
(2662, 199, 22, 4, '2023-07-05 20:13:04'),
(2663, 200, 22, 4, '2023-07-05 20:13:04'),
(2664, 201, 22, 4.5, '2023-07-05 20:13:04'),
(2665, 202, 22, 5, '2023-07-05 20:13:04'),
(2666, 203, 22, 4, '2023-07-05 20:13:04'),
(2667, 204, 22, 4.5, '2023-07-05 20:13:04'),
(2668, 205, 22, 4, '2023-07-05 20:13:04'),
(2669, 206, 22, 3.5, '2023-07-05 20:13:04'),
(2670, 207, 22, 3.5, '2023-07-05 20:13:04'),
(2671, 208, 22, 4.5, '2023-07-05 20:13:04'),
(2672, 209, 22, 3.5, '2023-07-05 20:13:04'),
(2673, 210, 22, 4.5, '2023-07-05 20:13:04'),
(2674, 211, 22, 5, '2023-07-05 20:13:04'),
(2675, 212, 22, 3.5, '2023-07-05 20:13:04'),
(2676, 213, 22, 3.5, '2023-07-05 20:13:04'),
(2677, 214, 22, 4, '2023-07-05 20:13:04'),
(2678, 215, 22, 3.5, '2023-07-05 20:13:04'),
(2679, 216, 22, 3.5, '2023-07-05 20:13:04'),
(2680, 217, 22, 5, '2023-07-05 20:13:04'),
(2681, 218, 22, 5, '2023-07-05 20:13:04'),
(2682, 219, 22, 5, '2023-07-05 20:13:04'),
(2683, 220, 22, 3.5, '2023-07-05 20:13:04'),
(2684, 221, 22, 4, '2023-07-05 20:13:04'),
(2685, 222, 22, 3.5, '2023-07-05 20:13:04'),
(2686, 101, 23, 5, '2023-07-05 20:13:04'),
(2687, 102, 23, 5, '2023-07-05 20:13:04'),
(2688, 103, 23, 3.5, '2023-07-05 20:13:04'),
(2689, 104, 23, 3.5, '2023-07-05 20:13:04'),
(2690, 105, 23, 4, '2023-07-05 20:13:04'),
(2691, 106, 23, 4, '2023-07-05 20:13:04'),
(2692, 107, 23, 4, '2023-07-05 20:13:04'),
(2693, 108, 23, 3.5, '2023-07-05 20:13:04'),
(2694, 109, 23, 4, '2023-07-05 20:13:04'),
(2695, 110, 23, 3.5, '2023-07-05 20:13:04'),
(2696, 111, 23, 5, '2023-07-05 20:13:04'),
(2697, 112, 23, 4, '2023-07-05 20:13:04'),
(2698, 113, 23, 4, '2023-07-05 20:13:04'),
(2699, 114, 23, 4.5, '2023-07-05 20:13:04'),
(2700, 115, 23, 4.5, '2023-07-05 20:13:04'),
(2701, 116, 23, 4.5, '2023-07-05 20:13:04'),
(2702, 117, 23, 4.5, '2023-07-05 20:13:04'),
(2703, 118, 23, 4.5, '2023-07-05 20:13:04'),
(2704, 119, 23, 4, '2023-07-05 20:13:04'),
(2705, 120, 23, 5, '2023-07-05 20:13:04'),
(2706, 121, 23, 5, '2023-07-05 20:13:04'),
(2707, 122, 23, 4.5, '2023-07-05 20:13:04'),
(2708, 123, 23, 4.5, '2023-07-05 20:13:04'),
(2709, 124, 23, 5, '2023-07-05 20:13:04'),
(2710, 125, 23, 5, '2023-07-05 20:13:04'),
(2711, 126, 23, 5, '2023-07-05 20:13:04'),
(2712, 127, 23, 4, '2023-07-05 20:13:04'),
(2713, 128, 23, 3.5, '2023-07-05 20:13:04'),
(2714, 129, 23, 3.5, '2023-07-05 20:13:04'),
(2715, 130, 23, 4.5, '2023-07-05 20:13:04'),
(2716, 131, 23, 5, '2023-07-05 20:13:04'),
(2717, 132, 23, 4, '2023-07-05 20:13:04'),
(2718, 133, 23, 4, '2023-07-05 20:13:04'),
(2719, 134, 23, 4.5, '2023-07-05 20:13:04'),
(2720, 135, 23, 3.5, '2023-07-05 20:13:04'),
(2721, 136, 23, 4.5, '2023-07-05 20:13:04'),
(2722, 137, 23, 4.5, '2023-07-05 20:13:04'),
(2723, 138, 23, 3.5, '2023-07-05 20:13:04'),
(2724, 139, 23, 4, '2023-07-05 20:13:04'),
(2725, 140, 23, 5, '2023-07-05 20:13:04'),
(2726, 141, 23, 4.5, '2023-07-05 20:13:04'),
(2727, 142, 23, 5, '2023-07-05 20:13:04'),
(2728, 143, 23, 3.5, '2023-07-05 20:13:04'),
(2729, 144, 23, 5, '2023-07-05 20:13:04'),
(2730, 145, 23, 3.5, '2023-07-05 20:13:04'),
(2731, 146, 23, 4, '2023-07-05 20:13:04'),
(2732, 147, 23, 3.5, '2023-07-05 20:13:05'),
(2733, 148, 23, 4, '2023-07-05 20:13:05'),
(2734, 149, 23, 4, '2023-07-05 20:13:05'),
(2735, 150, 23, 5, '2023-07-05 20:13:05'),
(2736, 151, 23, 3.5, '2023-07-05 20:13:05'),
(2737, 152, 23, 5, '2023-07-05 20:13:05'),
(2738, 153, 23, 3.5, '2023-07-05 20:13:05'),
(2739, 154, 23, 5, '2023-07-05 20:13:05'),
(2740, 155, 23, 4.5, '2023-07-05 20:13:05'),
(2741, 156, 23, 4, '2023-07-05 20:13:05'),
(2742, 157, 23, 5, '2023-07-05 20:13:05'),
(2743, 158, 23, 4.5, '2023-07-05 20:13:05'),
(2744, 159, 23, 5, '2023-07-05 20:13:05'),
(2745, 160, 23, 4, '2023-07-05 20:13:05'),
(2746, 161, 23, 5, '2023-07-05 20:13:05'),
(2747, 162, 23, 4, '2023-07-05 20:13:05'),
(2748, 163, 23, 4, '2023-07-05 20:13:05'),
(2749, 164, 23, 3.5, '2023-07-05 20:13:05'),
(2750, 165, 23, 4, '2023-07-05 20:13:05'),
(2751, 166, 23, 4.5, '2023-07-05 20:13:05'),
(2752, 167, 23, 4.5, '2023-07-05 20:13:05'),
(2753, 168, 23, 5, '2023-07-05 20:13:05'),
(2754, 169, 23, 3.5, '2023-07-05 20:13:05'),
(2755, 170, 23, 4, '2023-07-05 20:13:05'),
(2756, 171, 23, 4.5, '2023-07-05 20:13:05'),
(2757, 172, 23, 5, '2023-07-05 20:13:05'),
(2758, 173, 23, 4.5, '2023-07-05 20:13:05'),
(2759, 174, 23, 5, '2023-07-05 20:13:05'),
(2760, 175, 23, 5, '2023-07-05 20:13:05'),
(2761, 176, 23, 5, '2023-07-05 20:13:05'),
(2762, 177, 23, 4, '2023-07-05 20:13:05'),
(2763, 178, 23, 4, '2023-07-05 20:13:05'),
(2764, 179, 23, 5, '2023-07-05 20:13:05'),
(2765, 180, 23, 3.5, '2023-07-05 20:13:05'),
(2766, 181, 23, 3.5, '2023-07-05 20:13:05'),
(2767, 182, 23, 4.5, '2023-07-05 20:13:05'),
(2768, 183, 23, 5, '2023-07-05 20:13:05'),
(2769, 184, 23, 3.5, '2023-07-05 20:13:05'),
(2770, 185, 23, 4.5, '2023-07-05 20:13:05'),
(2771, 186, 23, 4, '2023-07-05 20:13:05'),
(2772, 187, 23, 4, '2023-07-05 20:13:05'),
(2773, 188, 23, 3.5, '2023-07-05 20:13:05'),
(2774, 189, 23, 4.5, '2023-07-05 20:13:05'),
(2775, 190, 23, 5, '2023-07-05 20:13:05'),
(2776, 191, 23, 4, '2023-07-05 20:13:05'),
(2777, 192, 23, 5, '2023-07-05 20:13:05'),
(2778, 193, 23, 4.5, '2023-07-05 20:13:05'),
(2779, 194, 23, 3.5, '2023-07-05 20:13:05'),
(2780, 195, 23, 5, '2023-07-05 20:13:05'),
(2781, 196, 23, 5, '2023-07-05 20:13:05'),
(2782, 197, 23, 4.5, '2023-07-05 20:13:05'),
(2783, 198, 23, 4.5, '2023-07-05 20:13:05'),
(2784, 199, 23, 4.5, '2023-07-05 20:13:05'),
(2785, 200, 23, 3.5, '2023-07-05 20:13:05'),
(2786, 201, 23, 4, '2023-07-05 20:13:05'),
(2787, 202, 23, 4.5, '2023-07-05 20:13:05'),
(2788, 203, 23, 4, '2023-07-05 20:13:05'),
(2789, 204, 23, 4.5, '2023-07-05 20:13:05'),
(2790, 205, 23, 3.5, '2023-07-05 20:13:05'),
(2791, 206, 23, 5, '2023-07-05 20:13:05'),
(2792, 207, 23, 4, '2023-07-05 20:13:05'),
(2793, 208, 23, 4, '2023-07-05 20:13:05'),
(2794, 209, 23, 3.5, '2023-07-05 20:13:05'),
(2795, 210, 23, 5, '2023-07-05 20:13:05'),
(2796, 211, 23, 4, '2023-07-05 20:13:05'),
(2797, 212, 23, 5, '2023-07-05 20:13:05'),
(2798, 213, 23, 3.5, '2023-07-05 20:13:05'),
(2799, 214, 23, 5, '2023-07-05 20:13:05'),
(2800, 215, 23, 4.5, '2023-07-05 20:13:05'),
(2801, 216, 23, 5, '2023-07-05 20:13:05'),
(2802, 217, 23, 3.5, '2023-07-05 20:13:05'),
(2803, 218, 23, 5, '2023-07-05 20:13:05'),
(2804, 219, 23, 4, '2023-07-05 20:13:05'),
(2805, 220, 23, 4, '2023-07-05 20:13:05'),
(2806, 221, 23, 5, '2023-07-05 20:13:05'),
(2807, 222, 23, 5, '2023-07-05 20:13:05'),
(2808, 101, 24, 3.5, '2023-07-05 20:13:05'),
(2809, 102, 24, 3.5, '2023-07-05 20:13:05'),
(2810, 103, 24, 4, '2023-07-05 20:13:05'),
(2811, 104, 24, 3.5, '2023-07-05 20:13:05'),
(2812, 105, 24, 5, '2023-07-05 20:13:05'),
(2813, 106, 24, 5, '2023-07-05 20:13:05'),
(2814, 107, 24, 4, '2023-07-05 20:13:05'),
(2815, 108, 24, 4, '2023-07-05 20:13:05'),
(2816, 109, 24, 4.5, '2023-07-05 20:13:05'),
(2817, 110, 24, 4, '2023-07-05 20:13:05'),
(2818, 111, 24, 5, '2023-07-05 20:13:05'),
(2819, 112, 24, 4.5, '2023-07-05 20:13:05'),
(2820, 113, 24, 5, '2023-07-05 20:13:05'),
(2821, 114, 24, 3.5, '2023-07-05 20:13:05'),
(2822, 115, 24, 4.5, '2023-07-05 20:13:05'),
(2823, 116, 24, 4.5, '2023-07-05 20:13:05'),
(2824, 117, 24, 5, '2023-07-05 20:13:05'),
(2825, 118, 24, 5, '2023-07-05 20:13:05'),
(2826, 119, 24, 3.5, '2023-07-05 20:13:05'),
(2827, 120, 24, 4.5, '2023-07-05 20:13:05'),
(2828, 121, 24, 3.5, '2023-07-05 20:13:05'),
(2829, 122, 24, 4.5, '2023-07-05 20:13:05'),
(2830, 123, 24, 5, '2023-07-05 20:13:05'),
(2831, 124, 24, 5, '2023-07-05 20:13:05'),
(2832, 125, 24, 4.5, '2023-07-05 20:13:05'),
(2833, 126, 24, 5, '2023-07-05 20:13:05'),
(2834, 127, 24, 4.5, '2023-07-05 20:13:05'),
(2835, 128, 24, 5, '2023-07-05 20:13:05'),
(2836, 129, 24, 4.5, '2023-07-05 20:13:05'),
(2837, 130, 24, 4.5, '2023-07-05 20:13:05'),
(2838, 131, 24, 4, '2023-07-05 20:13:05'),
(2839, 132, 24, 3.5, '2023-07-05 20:13:06'),
(2840, 133, 24, 3.5, '2023-07-05 20:13:06'),
(2841, 134, 24, 5, '2023-07-05 20:13:06'),
(2842, 135, 24, 4.5, '2023-07-05 20:13:06'),
(2843, 136, 24, 4, '2023-07-05 20:13:06'),
(2844, 137, 24, 4.5, '2023-07-05 20:13:06'),
(2845, 138, 24, 4.5, '2023-07-05 20:13:06'),
(2846, 139, 24, 4, '2023-07-05 20:13:06'),
(2847, 140, 24, 4, '2023-07-05 20:13:06'),
(2848, 141, 24, 3.5, '2023-07-05 20:13:06'),
(2849, 142, 24, 5, '2023-07-05 20:13:06'),
(2850, 143, 24, 4, '2023-07-05 20:13:06'),
(2851, 144, 24, 4.5, '2023-07-05 20:13:06'),
(2852, 145, 24, 5, '2023-07-05 20:13:06'),
(2853, 146, 24, 3.5, '2023-07-05 20:13:06'),
(2854, 147, 24, 5, '2023-07-05 20:13:06'),
(2855, 148, 24, 4, '2023-07-05 20:13:06'),
(2856, 149, 24, 5, '2023-07-05 20:13:06'),
(2857, 150, 24, 3.5, '2023-07-05 20:13:06'),
(2858, 151, 24, 4, '2023-07-05 20:13:06'),
(2859, 152, 24, 4, '2023-07-05 20:13:06'),
(2860, 153, 24, 5, '2023-07-05 20:13:06'),
(2861, 154, 24, 3.5, '2023-07-05 20:13:06'),
(2862, 155, 24, 4, '2023-07-05 20:13:06'),
(2863, 156, 24, 3.5, '2023-07-05 20:13:06'),
(2864, 157, 24, 4, '2023-07-05 20:13:06'),
(2865, 158, 24, 4, '2023-07-05 20:13:06'),
(2866, 159, 24, 4.5, '2023-07-05 20:13:06'),
(2867, 160, 24, 4, '2023-07-05 20:13:06'),
(2868, 161, 24, 5, '2023-07-05 20:13:06'),
(2869, 162, 24, 5, '2023-07-05 20:13:06'),
(2870, 163, 24, 5, '2023-07-05 20:13:06'),
(2871, 164, 24, 5, '2023-07-05 20:13:06'),
(2872, 165, 24, 3.5, '2023-07-05 20:13:06'),
(2873, 166, 24, 4, '2023-07-05 20:13:06'),
(2874, 167, 24, 3.5, '2023-07-05 20:13:06'),
(2875, 168, 24, 3.5, '2023-07-05 20:13:06'),
(2876, 169, 24, 4, '2023-07-05 20:13:06'),
(2877, 170, 24, 5, '2023-07-05 20:13:06'),
(2878, 171, 24, 3.5, '2023-07-05 20:13:06'),
(2879, 172, 24, 3.5, '2023-07-05 20:13:06'),
(2880, 173, 24, 4, '2023-07-05 20:13:06'),
(2881, 174, 24, 3.5, '2023-07-05 20:13:06'),
(2882, 175, 24, 5, '2023-07-05 20:13:06'),
(2883, 176, 24, 5, '2023-07-05 20:13:06'),
(2884, 177, 24, 4.5, '2023-07-05 20:13:06'),
(2885, 178, 24, 5, '2023-07-05 20:13:06'),
(2886, 179, 24, 3.5, '2023-07-05 20:13:06'),
(2887, 180, 24, 4.5, '2023-07-05 20:13:06'),
(2888, 181, 24, 3.5, '2023-07-05 20:13:06'),
(2889, 182, 24, 3.5, '2023-07-05 20:13:06'),
(2890, 183, 24, 4.5, '2023-07-05 20:13:06'),
(2891, 184, 24, 4, '2023-07-05 20:13:06'),
(2892, 185, 24, 5, '2023-07-05 20:13:06'),
(2893, 186, 24, 4.5, '2023-07-05 20:13:06'),
(2894, 187, 24, 5, '2023-07-05 20:13:06'),
(2895, 188, 24, 4, '2023-07-05 20:13:06'),
(2896, 189, 24, 5, '2023-07-05 20:13:06'),
(2897, 190, 24, 4.5, '2023-07-05 20:13:06'),
(2898, 191, 24, 4, '2023-07-05 20:13:06'),
(2899, 192, 24, 4, '2023-07-05 20:13:06'),
(2900, 193, 24, 4.5, '2023-07-05 20:13:06'),
(2901, 194, 24, 4, '2023-07-05 20:13:06'),
(2902, 195, 24, 4.5, '2023-07-05 20:13:06'),
(2903, 196, 24, 5, '2023-07-05 20:13:06'),
(2904, 197, 24, 4, '2023-07-05 20:13:06'),
(2905, 198, 24, 4.5, '2023-07-05 20:13:06'),
(2906, 199, 24, 4.5, '2023-07-05 20:13:06'),
(2907, 200, 24, 3.5, '2023-07-05 20:13:06'),
(2908, 201, 24, 5, '2023-07-05 20:13:06'),
(2909, 202, 24, 4.5, '2023-07-05 20:13:06'),
(2910, 203, 24, 3.5, '2023-07-05 20:13:06'),
(2911, 204, 24, 5, '2023-07-05 20:13:06'),
(2912, 205, 24, 4.5, '2023-07-05 20:13:06'),
(2913, 206, 24, 4, '2023-07-05 20:13:06'),
(2914, 207, 24, 4.5, '2023-07-05 20:13:06'),
(2915, 208, 24, 3.5, '2023-07-05 20:13:06'),
(2916, 209, 24, 5, '2023-07-05 20:13:06'),
(2917, 210, 24, 3.5, '2023-07-05 20:13:06'),
(2918, 211, 24, 4.5, '2023-07-05 20:13:06'),
(2919, 212, 24, 3.5, '2023-07-05 20:13:06'),
(2920, 213, 24, 4.5, '2023-07-05 20:13:06'),
(2921, 214, 24, 3.5, '2023-07-05 20:13:06'),
(2922, 215, 24, 3.5, '2023-07-05 20:13:06'),
(2923, 216, 24, 5, '2023-07-05 20:13:06'),
(2924, 217, 24, 4.5, '2023-07-05 20:13:06'),
(2925, 218, 24, 4, '2023-07-05 20:13:06'),
(2926, 219, 24, 4, '2023-07-05 20:13:06'),
(2927, 220, 24, 4, '2023-07-05 20:13:06'),
(2928, 221, 24, 4, '2023-07-05 20:13:06'),
(2929, 222, 24, 4, '2023-07-05 20:13:06'),
(2930, 101, 25, 4.5, '2023-07-05 20:13:06'),
(2931, 102, 25, 4, '2023-07-05 20:13:06'),
(2932, 103, 25, 5, '2023-07-05 20:13:06'),
(2933, 104, 25, 3.5, '2023-07-05 20:13:06'),
(2934, 105, 25, 4, '2023-07-05 20:13:06'),
(2935, 106, 25, 3.5, '2023-07-05 20:13:06'),
(2936, 107, 25, 3.5, '2023-07-05 20:13:06'),
(2937, 108, 25, 5, '2023-07-05 20:13:06'),
(2938, 109, 25, 4.5, '2023-07-05 20:13:06'),
(2939, 110, 25, 4, '2023-07-05 20:13:06'),
(2940, 111, 25, 3.5, '2023-07-05 20:13:06'),
(2941, 112, 25, 5, '2023-07-05 20:13:06'),
(2942, 113, 25, 3.5, '2023-07-05 20:13:06'),
(2943, 114, 25, 3.5, '2023-07-05 20:13:06'),
(2944, 115, 25, 4.5, '2023-07-05 20:13:06'),
(2945, 116, 25, 5, '2023-07-05 20:13:06'),
(2946, 117, 25, 3.5, '2023-07-05 20:13:06'),
(2947, 118, 25, 4.5, '2023-07-05 20:13:06'),
(2948, 119, 25, 4.5, '2023-07-05 20:13:06'),
(2949, 120, 25, 3.5, '2023-07-05 20:13:06'),
(2950, 121, 25, 5, '2023-07-05 20:13:06'),
(2951, 122, 25, 4.5, '2023-07-05 20:13:06'),
(2952, 123, 25, 3.5, '2023-07-05 20:13:06'),
(2953, 124, 25, 4, '2023-07-05 20:13:06'),
(2954, 125, 25, 5, '2023-07-05 20:13:06'),
(2955, 126, 25, 5, '2023-07-05 20:13:06'),
(2956, 127, 25, 4.5, '2023-07-05 20:13:06'),
(2957, 128, 25, 4.5, '2023-07-05 20:13:06'),
(2958, 129, 25, 4, '2023-07-05 20:13:06'),
(2959, 130, 25, 4.5, '2023-07-05 20:13:06'),
(2960, 131, 25, 4, '2023-07-05 20:13:06'),
(2961, 132, 25, 4.5, '2023-07-05 20:13:06'),
(2962, 133, 25, 5, '2023-07-05 20:13:06'),
(2963, 134, 25, 3.5, '2023-07-05 20:13:06'),
(2964, 135, 25, 4.5, '2023-07-05 20:13:06'),
(2965, 136, 25, 3.5, '2023-07-05 20:13:06'),
(2966, 137, 25, 4.5, '2023-07-05 20:13:07'),
(2967, 138, 25, 4.5, '2023-07-05 20:13:07'),
(2968, 139, 25, 5, '2023-07-05 20:13:07'),
(2969, 140, 25, 4, '2023-07-05 20:13:07'),
(2970, 141, 25, 3.5, '2023-07-05 20:13:07'),
(2971, 142, 25, 5, '2023-07-05 20:13:07'),
(2972, 143, 25, 4.5, '2023-07-05 20:13:07'),
(2973, 144, 25, 5, '2023-07-05 20:13:07'),
(2974, 145, 25, 5, '2023-07-05 20:13:07'),
(2975, 146, 25, 3.5, '2023-07-05 20:13:07'),
(2976, 147, 25, 3.5, '2023-07-05 20:13:07'),
(2977, 148, 25, 4.5, '2023-07-05 20:13:07'),
(2978, 149, 25, 4.5, '2023-07-05 20:13:07'),
(2979, 150, 25, 5, '2023-07-05 20:13:07'),
(2980, 151, 25, 4, '2023-07-05 20:13:07'),
(2981, 152, 25, 4.5, '2023-07-05 20:13:07'),
(2982, 153, 25, 4.5, '2023-07-05 20:13:07'),
(2983, 154, 25, 4, '2023-07-05 20:13:07'),
(2984, 155, 25, 4.5, '2023-07-05 20:13:07'),
(2985, 156, 25, 4, '2023-07-05 20:13:07'),
(2986, 157, 25, 5, '2023-07-05 20:13:07'),
(2987, 158, 25, 3.5, '2023-07-05 20:13:07'),
(2988, 159, 25, 5, '2023-07-05 20:13:07'),
(2989, 160, 25, 4, '2023-07-05 20:13:07'),
(2990, 161, 25, 4.5, '2023-07-05 20:13:07'),
(2991, 162, 25, 4.5, '2023-07-05 20:13:07'),
(2992, 163, 25, 5, '2023-07-05 20:13:07'),
(2993, 164, 25, 5, '2023-07-05 20:13:07'),
(2994, 165, 25, 3.5, '2023-07-05 20:13:07'),
(2995, 166, 25, 5, '2023-07-05 20:13:07'),
(2996, 167, 25, 4, '2023-07-05 20:13:07'),
(2997, 168, 25, 4.5, '2023-07-05 20:13:07'),
(2998, 169, 25, 3.5, '2023-07-05 20:13:07'),
(2999, 170, 25, 4.5, '2023-07-05 20:13:07'),
(3000, 171, 25, 4, '2023-07-05 20:13:07'),
(3001, 172, 25, 5, '2023-07-05 20:13:07'),
(3002, 173, 25, 5, '2023-07-05 20:13:07'),
(3003, 174, 25, 5, '2023-07-05 20:13:07'),
(3004, 175, 25, 4, '2023-07-05 20:13:07'),
(3005, 176, 25, 5, '2023-07-05 20:13:07'),
(3006, 177, 25, 5, '2023-07-05 20:13:07'),
(3007, 178, 25, 4.5, '2023-07-05 20:13:07'),
(3008, 179, 25, 3.5, '2023-07-05 20:13:07'),
(3009, 180, 25, 5, '2023-07-05 20:13:07'),
(3010, 181, 25, 3.5, '2023-07-05 20:13:07'),
(3011, 182, 25, 4, '2023-07-05 20:13:07'),
(3012, 183, 25, 5, '2023-07-05 20:13:07'),
(3013, 184, 25, 5, '2023-07-05 20:13:07'),
(3014, 185, 25, 3.5, '2023-07-05 20:13:07'),
(3015, 186, 25, 5, '2023-07-05 20:13:07'),
(3016, 187, 25, 3.5, '2023-07-05 20:13:07'),
(3017, 188, 25, 4, '2023-07-05 20:13:07'),
(3018, 189, 25, 4, '2023-07-05 20:13:07'),
(3019, 190, 25, 3.5, '2023-07-05 20:13:07'),
(3020, 191, 25, 5, '2023-07-05 20:13:07'),
(3021, 192, 25, 3.5, '2023-07-05 20:13:07'),
(3022, 193, 25, 5, '2023-07-05 20:13:07'),
(3023, 194, 25, 5, '2023-07-05 20:13:07'),
(3024, 195, 25, 3.5, '2023-07-05 20:13:07'),
(3025, 196, 25, 4.5, '2023-07-05 20:13:07'),
(3026, 197, 25, 5, '2023-07-05 20:13:07'),
(3027, 198, 25, 3.5, '2023-07-05 20:13:07'),
(3028, 199, 25, 5, '2023-07-05 20:13:07'),
(3029, 200, 25, 4.5, '2023-07-05 20:13:07'),
(3030, 201, 25, 5, '2023-07-05 20:13:07'),
(3031, 202, 25, 3.5, '2023-07-05 20:13:07'),
(3032, 203, 25, 4, '2023-07-05 20:13:07'),
(3033, 204, 25, 3.5, '2023-07-05 20:13:07'),
(3034, 205, 25, 4.5, '2023-07-05 20:13:07'),
(3035, 206, 25, 4.5, '2023-07-05 20:13:07'),
(3036, 207, 25, 3.5, '2023-07-05 20:13:07'),
(3037, 208, 25, 5, '2023-07-05 20:13:07'),
(3038, 209, 25, 4.5, '2023-07-05 20:13:07'),
(3039, 210, 25, 4.5, '2023-07-05 20:13:07'),
(3040, 211, 25, 5, '2023-07-05 20:13:07'),
(3041, 212, 25, 3.5, '2023-07-05 20:13:07'),
(3042, 213, 25, 4, '2023-07-05 20:13:07'),
(3043, 214, 25, 3.5, '2023-07-05 20:13:07'),
(3044, 215, 25, 4, '2023-07-05 20:13:07'),
(3045, 216, 25, 4.5, '2023-07-05 20:13:07'),
(3046, 217, 25, 5, '2023-07-05 20:13:07'),
(3047, 218, 25, 4, '2023-07-05 20:13:07'),
(3048, 219, 25, 3.5, '2023-07-05 20:13:07'),
(3049, 220, 25, 4.5, '2023-07-05 20:13:07'),
(3050, 221, 25, 5, '2023-07-05 20:13:07'),
(3051, 222, 25, 5, '2023-07-05 20:13:07'),
(3052, 101, 26, 4, '2023-07-05 20:13:07'),
(3053, 102, 26, 5, '2023-07-05 20:13:07'),
(3054, 103, 26, 4, '2023-07-05 20:13:07'),
(3055, 104, 26, 4.5, '2023-07-05 20:13:07'),
(3056, 105, 26, 4, '2023-07-05 20:13:07'),
(3057, 106, 26, 4.5, '2023-07-05 20:13:07'),
(3058, 107, 26, 4, '2023-07-05 20:13:07'),
(3059, 108, 26, 3.5, '2023-07-05 20:13:07'),
(3060, 109, 26, 3.5, '2023-07-05 20:13:07'),
(3061, 110, 26, 5, '2023-07-05 20:13:07'),
(3062, 111, 26, 3.5, '2023-07-05 20:13:07'),
(3063, 112, 26, 5, '2023-07-05 20:13:07'),
(3064, 113, 26, 4.5, '2023-07-05 20:13:07'),
(3065, 114, 26, 4, '2023-07-05 20:13:07'),
(3066, 115, 26, 5, '2023-07-05 20:13:07'),
(3067, 116, 26, 4, '2023-07-05 20:13:07'),
(3068, 117, 26, 5, '2023-07-05 20:13:07'),
(3069, 118, 26, 5, '2023-07-05 20:13:07'),
(3070, 119, 26, 5, '2023-07-05 20:13:07'),
(3071, 120, 26, 4, '2023-07-05 20:13:07'),
(3072, 121, 26, 3.5, '2023-07-05 20:13:07'),
(3073, 122, 26, 3.5, '2023-07-05 20:13:07'),
(3074, 123, 26, 4, '2023-07-05 20:13:07'),
(3075, 124, 26, 4.5, '2023-07-05 20:13:07'),
(3076, 125, 26, 5, '2023-07-05 20:13:07'),
(3077, 126, 26, 5, '2023-07-05 20:13:07'),
(3078, 127, 26, 3.5, '2023-07-05 20:13:07'),
(3079, 128, 26, 4, '2023-07-05 20:13:07'),
(3080, 129, 26, 4.5, '2023-07-05 20:13:07'),
(3081, 130, 26, 3.5, '2023-07-05 20:13:07'),
(3082, 131, 26, 4.5, '2023-07-05 20:13:07'),
(3083, 132, 26, 4, '2023-07-05 20:13:07'),
(3084, 133, 26, 3.5, '2023-07-05 20:13:07'),
(3085, 134, 26, 4.5, '2023-07-05 20:13:07'),
(3086, 135, 26, 3.5, '2023-07-05 20:13:07'),
(3087, 136, 26, 3.5, '2023-07-05 20:13:07'),
(3088, 137, 26, 5, '2023-07-05 20:13:07'),
(3089, 138, 26, 5, '2023-07-05 20:13:07'),
(3090, 139, 26, 5, '2023-07-05 20:13:07'),
(3091, 140, 26, 4.5, '2023-07-05 20:13:07'),
(3092, 141, 26, 4, '2023-07-05 20:13:07'),
(3093, 142, 26, 5, '2023-07-05 20:13:07'),
(3094, 143, 26, 3.5, '2023-07-05 20:13:07'),
(3095, 144, 26, 3.5, '2023-07-05 20:13:07'),
(3096, 145, 26, 5, '2023-07-05 20:13:07'),
(3097, 146, 26, 5, '2023-07-05 20:13:07'),
(3098, 147, 26, 4.5, '2023-07-05 20:13:07'),
(3099, 148, 26, 5, '2023-07-05 20:13:07'),
(3100, 149, 26, 5, '2023-07-05 20:13:07'),
(3101, 150, 26, 4.5, '2023-07-05 20:13:07'),
(3102, 151, 26, 4.5, '2023-07-05 20:13:07'),
(3103, 152, 26, 5, '2023-07-05 20:13:07'),
(3104, 153, 26, 5, '2023-07-05 20:13:07'),
(3105, 154, 26, 4, '2023-07-05 20:13:07'),
(3106, 155, 26, 4, '2023-07-05 20:13:07'),
(3107, 156, 26, 4, '2023-07-05 20:13:07'),
(3108, 157, 26, 5, '2023-07-05 20:13:07'),
(3109, 158, 26, 4, '2023-07-05 20:13:07'),
(3110, 159, 26, 4.5, '2023-07-05 20:13:07'),
(3111, 160, 26, 5, '2023-07-05 20:13:08'),
(3112, 161, 26, 5, '2023-07-05 20:13:08'),
(3113, 162, 26, 4.5, '2023-07-05 20:13:08'),
(3114, 163, 26, 4.5, '2023-07-05 20:13:08'),
(3115, 164, 26, 3.5, '2023-07-05 20:13:08'),
(3116, 165, 26, 3.5, '2023-07-05 20:13:08'),
(3117, 166, 26, 4, '2023-07-05 20:13:08'),
(3118, 167, 26, 4, '2023-07-05 20:13:08'),
(3119, 168, 26, 5, '2023-07-05 20:13:08'),
(3120, 169, 26, 4, '2023-07-05 20:13:08'),
(3121, 170, 26, 4.5, '2023-07-05 20:13:08'),
(3122, 171, 26, 4.5, '2023-07-05 20:13:08'),
(3123, 172, 26, 5, '2023-07-05 20:13:08'),
(3124, 173, 26, 4.5, '2023-07-05 20:13:08'),
(3125, 174, 26, 5, '2023-07-05 20:13:08'),
(3126, 175, 26, 3.5, '2023-07-05 20:13:08'),
(3127, 176, 26, 3.5, '2023-07-05 20:13:08'),
(3128, 177, 26, 3.5, '2023-07-05 20:13:08'),
(3129, 178, 26, 3.5, '2023-07-05 20:13:08'),
(3130, 179, 26, 4.5, '2023-07-05 20:13:08'),
(3131, 180, 26, 5, '2023-07-05 20:13:08'),
(3132, 181, 26, 3.5, '2023-07-05 20:13:08'),
(3133, 182, 26, 5, '2023-07-05 20:13:08'),
(3134, 183, 26, 3.5, '2023-07-05 20:13:08'),
(3135, 184, 26, 5, '2023-07-05 20:13:08'),
(3136, 185, 26, 4, '2023-07-05 20:13:08'),
(3137, 186, 26, 5, '2023-07-05 20:13:08'),
(3138, 187, 26, 4, '2023-07-05 20:13:08'),
(3139, 188, 26, 3.5, '2023-07-05 20:13:08'),
(3140, 189, 26, 4.5, '2023-07-05 20:13:08'),
(3141, 190, 26, 4, '2023-07-05 20:13:08'),
(3142, 191, 26, 4.5, '2023-07-05 20:13:08'),
(3143, 192, 26, 4.5, '2023-07-05 20:13:08'),
(3144, 193, 26, 3.5, '2023-07-05 20:13:08'),
(3145, 194, 26, 3.5, '2023-07-05 20:13:08'),
(3146, 195, 26, 4.5, '2023-07-05 20:13:08'),
(3147, 196, 26, 3.5, '2023-07-05 20:13:08'),
(3148, 197, 26, 4.5, '2023-07-05 20:13:08'),
(3149, 198, 26, 4.5, '2023-07-05 20:13:08'),
(3150, 199, 26, 5, '2023-07-05 20:13:08'),
(3151, 200, 26, 3.5, '2023-07-05 20:13:08'),
(3152, 201, 26, 5, '2023-07-05 20:13:08'),
(3153, 202, 26, 5, '2023-07-05 20:13:08'),
(3154, 203, 26, 3.5, '2023-07-05 20:13:08'),
(3155, 204, 26, 5, '2023-07-05 20:13:08'),
(3156, 205, 26, 3.5, '2023-07-05 20:13:08'),
(3157, 206, 26, 4, '2023-07-05 20:13:08'),
(3158, 207, 26, 4.5, '2023-07-05 20:13:08'),
(3159, 208, 26, 3.5, '2023-07-05 20:13:08'),
(3160, 209, 26, 5, '2023-07-05 20:13:08'),
(3161, 210, 26, 3.5, '2023-07-05 20:13:08'),
(3162, 211, 26, 3.5, '2023-07-05 20:13:08'),
(3163, 212, 26, 4.5, '2023-07-05 20:13:08'),
(3164, 213, 26, 5, '2023-07-05 20:13:08'),
(3165, 214, 26, 3.5, '2023-07-05 20:13:08'),
(3166, 215, 26, 5, '2023-07-05 20:13:08'),
(3167, 216, 26, 4, '2023-07-05 20:13:08'),
(3168, 217, 26, 3.5, '2023-07-05 20:13:08'),
(3169, 218, 26, 3.5, '2023-07-05 20:13:08'),
(3170, 219, 26, 4, '2023-07-05 20:13:08'),
(3171, 220, 26, 4.5, '2023-07-05 20:13:08'),
(3172, 221, 26, 3.5, '2023-07-05 20:13:08'),
(3173, 222, 26, 4.5, '2023-07-05 20:13:08'),
(3174, 101, 27, 3.5, '2023-07-05 20:13:08'),
(3175, 102, 27, 5, '2023-07-05 20:13:08'),
(3176, 103, 27, 5, '2023-07-05 20:13:08'),
(3177, 104, 27, 3.5, '2023-07-05 20:13:08'),
(3178, 105, 27, 3.5, '2023-07-05 20:13:08'),
(3179, 106, 27, 4, '2023-07-05 20:13:08'),
(3180, 107, 27, 5, '2023-07-05 20:13:08'),
(3181, 108, 27, 4.5, '2023-07-05 20:13:08'),
(3182, 109, 27, 3.5, '2023-07-05 20:13:08'),
(3183, 110, 27, 4, '2023-07-05 20:13:08'),
(3184, 111, 27, 4.5, '2023-07-05 20:13:08'),
(3185, 112, 27, 3.5, '2023-07-05 20:13:08'),
(3186, 113, 27, 4.5, '2023-07-05 20:13:08'),
(3187, 114, 27, 3.5, '2023-07-05 20:13:08'),
(3188, 115, 27, 4, '2023-07-05 20:13:08'),
(3189, 116, 27, 4.5, '2023-07-05 20:13:08'),
(3190, 117, 27, 5, '2023-07-05 20:13:08'),
(3191, 118, 27, 5, '2023-07-05 20:13:08'),
(3192, 119, 27, 5, '2023-07-05 20:13:08'),
(3193, 120, 27, 3.5, '2023-07-05 20:13:08'),
(3194, 121, 27, 5, '2023-07-05 20:13:08'),
(3195, 122, 27, 5, '2023-07-05 20:13:08'),
(3196, 123, 27, 3.5, '2023-07-05 20:13:08'),
(3197, 124, 27, 4.5, '2023-07-05 20:13:08'),
(3198, 125, 27, 5, '2023-07-05 20:13:08'),
(3199, 126, 27, 4.5, '2023-07-05 20:13:08'),
(3200, 127, 27, 3.5, '2023-07-05 20:13:08'),
(3201, 128, 27, 5, '2023-07-05 20:13:08'),
(3202, 129, 27, 4, '2023-07-05 20:13:08'),
(3203, 130, 27, 3.5, '2023-07-05 20:13:08'),
(3204, 131, 27, 3.5, '2023-07-05 20:13:08'),
(3205, 132, 27, 5, '2023-07-05 20:13:08'),
(3206, 133, 27, 4.5, '2023-07-05 20:13:08'),
(3207, 134, 27, 5, '2023-07-05 20:13:08'),
(3208, 135, 27, 3.5, '2023-07-05 20:13:08'),
(3209, 136, 27, 4, '2023-07-05 20:13:08'),
(3210, 137, 27, 5, '2023-07-05 20:13:08'),
(3211, 138, 27, 4, '2023-07-05 20:13:08'),
(3212, 139, 27, 4, '2023-07-05 20:13:08'),
(3213, 140, 27, 5, '2023-07-05 20:13:08'),
(3214, 141, 27, 3.5, '2023-07-05 20:13:08'),
(3215, 142, 27, 4, '2023-07-05 20:13:08'),
(3216, 143, 27, 4, '2023-07-05 20:13:08'),
(3217, 144, 27, 4.5, '2023-07-05 20:13:08'),
(3218, 145, 27, 4, '2023-07-05 20:13:08'),
(3219, 146, 27, 3.5, '2023-07-05 20:13:08'),
(3220, 147, 27, 4, '2023-07-05 20:13:08'),
(3221, 148, 27, 5, '2023-07-05 20:13:08'),
(3222, 149, 27, 3.5, '2023-07-05 20:13:08'),
(3223, 150, 27, 5, '2023-07-05 20:13:08'),
(3224, 151, 27, 4, '2023-07-05 20:13:08'),
(3225, 152, 27, 4, '2023-07-05 20:13:08'),
(3226, 153, 27, 5, '2023-07-05 20:13:08'),
(3227, 154, 27, 5, '2023-07-05 20:13:08'),
(3228, 155, 27, 4.5, '2023-07-05 20:13:08'),
(3229, 156, 27, 3.5, '2023-07-05 20:13:08'),
(3230, 157, 27, 3.5, '2023-07-05 20:13:08'),
(3231, 158, 27, 4, '2023-07-05 20:13:08'),
(3232, 159, 27, 3.5, '2023-07-05 20:13:08'),
(3233, 160, 27, 3.5, '2023-07-05 20:13:08'),
(3234, 161, 27, 5, '2023-07-05 20:13:08'),
(3235, 162, 27, 4, '2023-07-05 20:13:08'),
(3236, 163, 27, 3.5, '2023-07-05 20:13:08'),
(3237, 164, 27, 4.5, '2023-07-05 20:13:08'),
(3238, 165, 27, 4.5, '2023-07-05 20:13:08'),
(3239, 166, 27, 4.5, '2023-07-05 20:13:08'),
(3240, 167, 27, 5, '2023-07-05 20:13:08'),
(3241, 168, 27, 3.5, '2023-07-05 20:13:08'),
(3242, 169, 27, 3.5, '2023-07-05 20:13:08'),
(3243, 170, 27, 4, '2023-07-05 20:13:08'),
(3244, 171, 27, 4.5, '2023-07-05 20:13:08'),
(3245, 172, 27, 4.5, '2023-07-05 20:13:08'),
(3246, 173, 27, 4.5, '2023-07-05 20:13:08'),
(3247, 174, 27, 3.5, '2023-07-05 20:13:08'),
(3248, 175, 27, 3.5, '2023-07-05 20:13:08'),
(3249, 176, 27, 3.5, '2023-07-05 20:13:08'),
(3250, 177, 27, 4, '2023-07-05 20:13:08'),
(3251, 178, 27, 5, '2023-07-05 20:13:08'),
(3252, 179, 27, 5, '2023-07-05 20:13:08'),
(3253, 180, 27, 3.5, '2023-07-05 20:13:08'),
(3254, 181, 27, 5, '2023-07-05 20:13:08'),
(3255, 182, 27, 4, '2023-07-05 20:13:08'),
(3256, 183, 27, 4.5, '2023-07-05 20:13:08'),
(3257, 184, 27, 4, '2023-07-05 20:13:08'),
(3258, 185, 27, 3.5, '2023-07-05 20:13:08'),
(3259, 186, 27, 3.5, '2023-07-05 20:13:08'),
(3260, 187, 27, 5, '2023-07-05 20:13:08'),
(3261, 188, 27, 3.5, '2023-07-05 20:13:08'),
(3262, 189, 27, 4, '2023-07-05 20:13:08'),
(3263, 190, 27, 3.5, '2023-07-05 20:13:08'),
(3264, 191, 27, 4, '2023-07-05 20:13:08'),
(3265, 192, 27, 4, '2023-07-05 20:13:08'),
(3266, 193, 27, 3.5, '2023-07-05 20:13:08'),
(3267, 194, 27, 4.5, '2023-07-05 20:13:08'),
(3268, 195, 27, 3.5, '2023-07-05 20:13:08'),
(3269, 196, 27, 5, '2023-07-05 20:13:08'),
(3270, 197, 27, 5, '2023-07-05 20:13:08'),
(3271, 198, 27, 5, '2023-07-05 20:13:08'),
(3272, 199, 27, 5, '2023-07-05 20:13:08'),
(3273, 200, 27, 4.5, '2023-07-05 20:13:08'),
(3274, 201, 27, 5, '2023-07-05 20:13:08'),
(3275, 202, 27, 4.5, '2023-07-05 20:13:08'),
(3276, 203, 27, 5, '2023-07-05 20:13:08'),
(3277, 204, 27, 4, '2023-07-05 20:13:08'),
(3278, 205, 27, 4, '2023-07-05 20:13:08'),
(3279, 206, 27, 3.5, '2023-07-05 20:13:08'),
(3280, 207, 27, 4, '2023-07-05 20:13:08'),
(3281, 208, 27, 4, '2023-07-05 20:13:08'),
(3282, 209, 27, 4, '2023-07-05 20:13:08'),
(3283, 210, 27, 4, '2023-07-05 20:13:08'),
(3284, 211, 27, 4.5, '2023-07-05 20:13:08'),
(3285, 212, 27, 5, '2023-07-05 20:13:08'),
(3286, 213, 27, 4.5, '2023-07-05 20:13:09'),
(3287, 214, 27, 3.5, '2023-07-05 20:13:09'),
(3288, 215, 27, 5, '2023-07-05 20:13:09'),
(3289, 216, 27, 4, '2023-07-05 20:13:09'),
(3290, 217, 27, 4, '2023-07-05 20:13:09'),
(3291, 218, 27, 4, '2023-07-05 20:13:09'),
(3292, 219, 27, 5, '2023-07-05 20:13:09'),
(3293, 220, 27, 5, '2023-07-05 20:13:09'),
(3294, 221, 27, 3.5, '2023-07-05 20:13:09'),
(3295, 222, 27, 5, '2023-07-05 20:13:09'),
(3296, 101, 28, 3.5, '2023-07-05 20:13:09'),
(3297, 102, 28, 4, '2023-07-05 20:13:09'),
(3298, 103, 28, 5, '2023-07-05 20:13:09'),
(3299, 104, 28, 5, '2023-07-05 20:13:09'),
(3300, 105, 28, 3.5, '2023-07-05 20:13:09'),
(3301, 106, 28, 3.5, '2023-07-05 20:13:09'),
(3302, 107, 28, 4, '2023-07-05 20:13:09'),
(3303, 108, 28, 3.5, '2023-07-05 20:13:09'),
(3304, 109, 28, 5, '2023-07-05 20:13:09'),
(3305, 110, 28, 4, '2023-07-05 20:13:09'),
(3306, 111, 28, 5, '2023-07-05 20:13:09'),
(3307, 112, 28, 4.5, '2023-07-05 20:13:09'),
(3308, 113, 28, 3.5, '2023-07-05 20:13:09'),
(3309, 114, 28, 4, '2023-07-05 20:13:09'),
(3310, 115, 28, 3.5, '2023-07-05 20:13:09'),
(3311, 116, 28, 4.5, '2023-07-05 20:13:09'),
(3312, 117, 28, 5, '2023-07-05 20:13:09'),
(3313, 118, 28, 5, '2023-07-05 20:13:09'),
(3314, 119, 28, 4, '2023-07-05 20:13:09'),
(3315, 120, 28, 4.5, '2023-07-05 20:13:09'),
(3316, 121, 28, 4.5, '2023-07-05 20:13:09'),
(3317, 122, 28, 5, '2023-07-05 20:13:09'),
(3318, 123, 28, 3.5, '2023-07-05 20:13:09'),
(3319, 124, 28, 3.5, '2023-07-05 20:13:09'),
(3320, 125, 28, 3.5, '2023-07-05 20:13:09'),
(3321, 126, 28, 4, '2023-07-05 20:13:09'),
(3322, 127, 28, 4.5, '2023-07-05 20:13:09'),
(3323, 128, 28, 4.5, '2023-07-05 20:13:09'),
(3324, 129, 28, 3.5, '2023-07-05 20:13:09'),
(3325, 130, 28, 4, '2023-07-05 20:13:09'),
(3326, 131, 28, 3.5, '2023-07-05 20:13:09'),
(3327, 132, 28, 4, '2023-07-05 20:13:09'),
(3328, 133, 28, 4, '2023-07-05 20:13:09'),
(3329, 134, 28, 4, '2023-07-05 20:13:09'),
(3330, 135, 28, 3.5, '2023-07-05 20:13:09'),
(3331, 136, 28, 4, '2023-07-05 20:13:09'),
(3332, 137, 28, 3.5, '2023-07-05 20:13:09'),
(3333, 138, 28, 5, '2023-07-05 20:13:09'),
(3334, 139, 28, 4.5, '2023-07-05 20:13:09'),
(3335, 140, 28, 5, '2023-07-05 20:13:09'),
(3336, 141, 28, 3.5, '2023-07-05 20:13:09'),
(3337, 142, 28, 3.5, '2023-07-05 20:13:09'),
(3338, 143, 28, 4, '2023-07-05 20:13:09'),
(3339, 144, 28, 3.5, '2023-07-05 20:13:09'),
(3340, 145, 28, 4.5, '2023-07-05 20:13:09'),
(3341, 146, 28, 4, '2023-07-05 20:13:09'),
(3342, 147, 28, 4, '2023-07-05 20:13:09'),
(3343, 148, 28, 4.5, '2023-07-05 20:13:09'),
(3344, 149, 28, 5, '2023-07-05 20:13:09'),
(3345, 150, 28, 5, '2023-07-05 20:13:09'),
(3346, 151, 28, 3.5, '2023-07-05 20:13:09'),
(3347, 152, 28, 3.5, '2023-07-05 20:13:09'),
(3348, 153, 28, 5, '2023-07-05 20:13:09'),
(3349, 154, 28, 4, '2023-07-05 20:13:09'),
(3350, 155, 28, 3.5, '2023-07-05 20:13:09'),
(3351, 156, 28, 4, '2023-07-05 20:13:09'),
(3352, 157, 28, 5, '2023-07-05 20:13:09'),
(3353, 158, 28, 4, '2023-07-05 20:13:09'),
(3354, 159, 28, 3.5, '2023-07-05 20:13:09'),
(3355, 160, 28, 4.5, '2023-07-05 20:13:09'),
(3356, 161, 28, 3.5, '2023-07-05 20:13:09'),
(3357, 162, 28, 4, '2023-07-05 20:13:09'),
(3358, 163, 28, 4.5, '2023-07-05 20:13:09'),
(3359, 164, 28, 5, '2023-07-05 20:13:09'),
(3360, 165, 28, 3.5, '2023-07-05 20:13:09'),
(3361, 166, 28, 4.5, '2023-07-05 20:13:09'),
(3362, 167, 28, 4.5, '2023-07-05 20:13:09'),
(3363, 168, 28, 4, '2023-07-05 20:13:09'),
(3364, 169, 28, 4.5, '2023-07-05 20:13:09'),
(3365, 170, 28, 4.5, '2023-07-05 20:13:09'),
(3366, 171, 28, 3.5, '2023-07-05 20:13:09'),
(3367, 172, 28, 3.5, '2023-07-05 20:13:09'),
(3368, 173, 28, 4.5, '2023-07-05 20:13:09'),
(3369, 174, 28, 5, '2023-07-05 20:13:09'),
(3370, 175, 28, 3.5, '2023-07-05 20:13:09'),
(3371, 176, 28, 4, '2023-07-05 20:13:09'),
(3372, 177, 28, 4.5, '2023-07-05 20:13:09'),
(3373, 178, 28, 3.5, '2023-07-05 20:13:09'),
(3374, 179, 28, 4.5, '2023-07-05 20:13:09'),
(3375, 180, 28, 4.5, '2023-07-05 20:13:09'),
(3376, 181, 28, 5, '2023-07-05 20:13:09'),
(3377, 182, 28, 4, '2023-07-05 20:13:09'),
(3378, 183, 28, 4.5, '2023-07-05 20:13:09'),
(3379, 184, 28, 3.5, '2023-07-05 20:13:09'),
(3380, 185, 28, 4, '2023-07-05 20:13:09'),
(3381, 186, 28, 4, '2023-07-05 20:13:09'),
(3382, 187, 28, 5, '2023-07-05 20:13:09'),
(3383, 188, 28, 4, '2023-07-05 20:13:09'),
(3384, 189, 28, 5, '2023-07-05 20:13:09'),
(3385, 190, 28, 4.5, '2023-07-05 20:13:09'),
(3386, 191, 28, 3.5, '2023-07-05 20:13:09'),
(3387, 192, 28, 4, '2023-07-05 20:13:09'),
(3388, 193, 28, 5, '2023-07-05 20:13:09'),
(3389, 194, 28, 3.5, '2023-07-05 20:13:09'),
(3390, 195, 28, 5, '2023-07-05 20:13:09'),
(3391, 196, 28, 3.5, '2023-07-05 20:13:09'),
(3392, 197, 28, 4.5, '2023-07-05 20:13:09'),
(3393, 198, 28, 4, '2023-07-05 20:13:10'),
(3394, 199, 28, 3.5, '2023-07-05 20:13:10'),
(3395, 200, 28, 5, '2023-07-05 20:13:10'),
(3396, 201, 28, 4.5, '2023-07-05 20:13:10'),
(3397, 202, 28, 4, '2023-07-05 20:13:10'),
(3398, 203, 28, 3.5, '2023-07-05 20:13:10'),
(3399, 204, 28, 4.5, '2023-07-05 20:13:10'),
(3400, 205, 28, 4.5, '2023-07-05 20:13:10'),
(3401, 206, 28, 5, '2023-07-05 20:13:10'),
(3402, 207, 28, 4, '2023-07-05 20:13:10'),
(3403, 208, 28, 5, '2023-07-05 20:13:10'),
(3404, 209, 28, 4.5, '2023-07-05 20:13:10'),
(3405, 210, 28, 5, '2023-07-05 20:13:10'),
(3406, 211, 28, 3.5, '2023-07-05 20:13:10'),
(3407, 212, 28, 5, '2023-07-05 20:13:10'),
(3408, 213, 28, 4, '2023-07-05 20:13:10'),
(3409, 214, 28, 3.5, '2023-07-05 20:13:10'),
(3410, 215, 28, 5, '2023-07-05 20:13:10'),
(3411, 216, 28, 4, '2023-07-05 20:13:10'),
(3412, 217, 28, 4.5, '2023-07-05 20:13:10'),
(3413, 218, 28, 4, '2023-07-05 20:13:10'),
(3414, 219, 28, 3.5, '2023-07-05 20:13:10'),
(3415, 220, 28, 5, '2023-07-05 20:13:10'),
(3416, 221, 28, 5, '2023-07-05 20:13:10'),
(3417, 222, 28, 4.5, '2023-07-05 20:13:10'),
(3418, 101, 29, 4, '2023-07-05 20:13:10'),
(3419, 102, 29, 4, '2023-07-05 20:13:10'),
(3420, 103, 29, 4.5, '2023-07-05 20:13:10'),
(3421, 104, 29, 3.5, '2023-07-05 20:13:10'),
(3422, 105, 29, 3.5, '2023-07-05 20:13:10'),
(3423, 106, 29, 3.5, '2023-07-05 20:13:10'),
(3424, 107, 29, 4.5, '2023-07-05 20:13:10'),
(3425, 108, 29, 5, '2023-07-05 20:13:10'),
(3426, 109, 29, 3.5, '2023-07-05 20:13:10'),
(3427, 110, 29, 4.5, '2023-07-05 20:13:10'),
(3428, 111, 29, 3.5, '2023-07-05 20:13:10'),
(3429, 112, 29, 4.5, '2023-07-05 20:13:10'),
(3430, 113, 29, 5, '2023-07-05 20:13:10'),
(3431, 114, 29, 3.5, '2023-07-05 20:13:10'),
(3432, 115, 29, 4, '2023-07-05 20:13:10'),
(3433, 116, 29, 4.5, '2023-07-05 20:13:10'),
(3434, 117, 29, 3.5, '2023-07-05 20:13:10'),
(3435, 118, 29, 5, '2023-07-05 20:13:10'),
(3436, 119, 29, 4.5, '2023-07-05 20:13:10'),
(3437, 120, 29, 4, '2023-07-05 20:13:10'),
(3438, 121, 29, 4, '2023-07-05 20:13:10'),
(3439, 122, 29, 3.5, '2023-07-05 20:13:10'),
(3440, 123, 29, 4, '2023-07-05 20:13:10'),
(3441, 124, 29, 3.5, '2023-07-05 20:13:10'),
(3442, 125, 29, 4.5, '2023-07-05 20:13:10'),
(3443, 126, 29, 5, '2023-07-05 20:13:10'),
(3444, 127, 29, 4, '2023-07-05 20:13:10'),
(3445, 128, 29, 4, '2023-07-05 20:13:10'),
(3446, 129, 29, 3.5, '2023-07-05 20:13:10'),
(3447, 130, 29, 5, '2023-07-05 20:13:10'),
(3448, 131, 29, 5, '2023-07-05 20:13:10'),
(3449, 132, 29, 5, '2023-07-05 20:13:10'),
(3450, 133, 29, 4.5, '2023-07-05 20:13:10'),
(3451, 134, 29, 3.5, '2023-07-05 20:13:10'),
(3452, 135, 29, 4, '2023-07-05 20:13:10'),
(3453, 136, 29, 3.5, '2023-07-05 20:13:10'),
(3454, 137, 29, 4, '2023-07-05 20:13:10'),
(3455, 138, 29, 3.5, '2023-07-05 20:13:10'),
(3456, 139, 29, 5, '2023-07-05 20:13:10'),
(3457, 140, 29, 5, '2023-07-05 20:13:10'),
(3458, 141, 29, 4.5, '2023-07-05 20:13:10'),
(3459, 142, 29, 5, '2023-07-05 20:13:10'),
(3460, 143, 29, 3.5, '2023-07-05 20:13:10'),
(3461, 144, 29, 4, '2023-07-05 20:13:10'),
(3462, 145, 29, 5, '2023-07-05 20:13:10'),
(3463, 146, 29, 4.5, '2023-07-05 20:13:10'),
(3464, 147, 29, 3.5, '2023-07-05 20:13:10'),
(3465, 148, 29, 5, '2023-07-05 20:13:10'),
(3466, 149, 29, 4.5, '2023-07-05 20:13:10'),
(3467, 150, 29, 5, '2023-07-05 20:13:10'),
(3468, 151, 29, 4, '2023-07-05 20:13:10'),
(3469, 152, 29, 5, '2023-07-05 20:13:10'),
(3470, 153, 29, 4, '2023-07-05 20:13:10'),
(3471, 154, 29, 4.5, '2023-07-05 20:13:10'),
(3472, 155, 29, 3.5, '2023-07-05 20:13:10'),
(3473, 156, 29, 3.5, '2023-07-05 20:13:10'),
(3474, 157, 29, 4, '2023-07-05 20:13:10'),
(3475, 158, 29, 4, '2023-07-05 20:13:10'),
(3476, 159, 29, 4, '2023-07-05 20:13:10'),
(3477, 160, 29, 4, '2023-07-05 20:13:10'),
(3478, 161, 29, 3.5, '2023-07-05 20:13:10'),
(3479, 162, 29, 4.5, '2023-07-05 20:13:10'),
(3480, 163, 29, 4, '2023-07-05 20:13:10'),
(3481, 164, 29, 5, '2023-07-05 20:13:10'),
(3482, 165, 29, 4.5, '2023-07-05 20:13:10'),
(3483, 166, 29, 5, '2023-07-05 20:13:10'),
(3484, 167, 29, 5, '2023-07-05 20:13:10'),
(3485, 168, 29, 3.5, '2023-07-05 20:13:10'),
(3486, 169, 29, 3.5, '2023-07-05 20:13:10'),
(3487, 170, 29, 3.5, '2023-07-05 20:13:10'),
(3488, 171, 29, 5, '2023-07-05 20:13:10'),
(3489, 172, 29, 5, '2023-07-05 20:13:10'),
(3490, 173, 29, 3.5, '2023-07-05 20:13:10'),
(3491, 174, 29, 4.5, '2023-07-05 20:13:10'),
(3492, 175, 29, 4, '2023-07-05 20:13:10'),
(3493, 176, 29, 5, '2023-07-05 20:13:10'),
(3494, 177, 29, 5, '2023-07-05 20:13:10'),
(3495, 178, 29, 4, '2023-07-05 20:13:10'),
(3496, 179, 29, 3.5, '2023-07-05 20:13:10'),
(3497, 180, 29, 4, '2023-07-05 20:13:10'),
(3498, 181, 29, 4.5, '2023-07-05 20:13:10'),
(3499, 182, 29, 3.5, '2023-07-05 20:13:10'),
(3500, 183, 29, 4, '2023-07-05 20:13:10'),
(3501, 184, 29, 5, '2023-07-05 20:13:10'),
(3502, 185, 29, 4.5, '2023-07-05 20:13:10'),
(3503, 186, 29, 3.5, '2023-07-05 20:13:10'),
(3504, 187, 29, 4.5, '2023-07-05 20:13:10'),
(3505, 188, 29, 4, '2023-07-05 20:13:10'),
(3506, 189, 29, 4.5, '2023-07-05 20:13:10'),
(3507, 190, 29, 4, '2023-07-05 20:13:10'),
(3508, 191, 29, 4.5, '2023-07-05 20:13:10'),
(3509, 192, 29, 3.5, '2023-07-05 20:13:10'),
(3510, 193, 29, 4.5, '2023-07-05 20:13:10'),
(3511, 194, 29, 5, '2023-07-05 20:13:10'),
(3512, 195, 29, 5, '2023-07-05 20:13:10'),
(3513, 196, 29, 4, '2023-07-05 20:13:10'),
(3514, 197, 29, 5, '2023-07-05 20:13:10'),
(3515, 198, 29, 4.5, '2023-07-05 20:13:10'),
(3516, 199, 29, 5, '2023-07-05 20:13:10'),
(3517, 200, 29, 4.5, '2023-07-05 20:13:10'),
(3518, 201, 29, 3.5, '2023-07-05 20:13:10'),
(3519, 202, 29, 5, '2023-07-05 20:13:10'),
(3520, 203, 29, 3.5, '2023-07-05 20:13:10'),
(3521, 204, 29, 4, '2023-07-05 20:13:11'),
(3522, 205, 29, 5, '2023-07-05 20:13:11'),
(3523, 206, 29, 4.5, '2023-07-05 20:13:11'),
(3524, 207, 29, 4, '2023-07-05 20:13:11'),
(3525, 208, 29, 3.5, '2023-07-05 20:13:11'),
(3526, 209, 29, 5, '2023-07-05 20:13:11'),
(3527, 210, 29, 4.5, '2023-07-05 20:13:11'),
(3528, 211, 29, 5, '2023-07-05 20:13:11'),
(3529, 212, 29, 4, '2023-07-05 20:13:11'),
(3530, 213, 29, 4, '2023-07-05 20:13:11'),
(3531, 214, 29, 5, '2023-07-05 20:13:11'),
(3532, 215, 29, 5, '2023-07-05 20:13:11'),
(3533, 216, 29, 5, '2023-07-05 20:13:11'),
(3534, 217, 29, 5, '2023-07-05 20:13:11'),
(3535, 218, 29, 3.5, '2023-07-05 20:13:11'),
(3536, 219, 29, 3.5, '2023-07-05 20:13:11'),
(3537, 220, 29, 5, '2023-07-05 20:13:11'),
(3538, 221, 29, 5, '2023-07-05 20:13:11'),
(3539, 222, 29, 3.5, '2023-07-05 20:13:11'),
(3540, 101, 30, 4.5, '2023-07-05 20:13:11'),
(3541, 102, 30, 5, '2023-07-05 20:13:11'),
(3542, 103, 30, 3.5, '2023-07-05 20:13:11'),
(3543, 104, 30, 4.5, '2023-07-05 20:13:11'),
(3544, 105, 30, 5, '2023-07-05 20:13:11'),
(3545, 106, 30, 3.5, '2023-07-05 20:13:11'),
(3546, 107, 30, 4, '2023-07-05 20:13:11'),
(3547, 108, 30, 3.5, '2023-07-05 20:13:11'),
(3548, 109, 30, 3.5, '2023-07-05 20:13:11'),
(3549, 110, 30, 5, '2023-07-05 20:13:11'),
(3550, 111, 30, 5, '2023-07-05 20:13:11'),
(3551, 112, 30, 4.5, '2023-07-05 20:13:11'),
(3552, 113, 30, 4, '2023-07-05 20:13:11'),
(3553, 114, 30, 5, '2023-07-05 20:13:11'),
(3554, 115, 30, 4, '2023-07-05 20:13:11'),
(3555, 116, 30, 3.5, '2023-07-05 20:13:11'),
(3556, 117, 30, 5, '2023-07-05 20:13:11'),
(3557, 118, 30, 4, '2023-07-05 20:13:11'),
(3558, 119, 30, 4.5, '2023-07-05 20:13:11'),
(3559, 120, 30, 3.5, '2023-07-05 20:13:11'),
(3560, 121, 30, 4, '2023-07-05 20:13:11'),
(3561, 122, 30, 4.5, '2023-07-05 20:13:11'),
(3562, 123, 30, 4.5, '2023-07-05 20:13:11'),
(3563, 124, 30, 4, '2023-07-05 20:13:11'),
(3564, 125, 30, 5, '2023-07-05 20:13:11'),
(3565, 126, 30, 4.5, '2023-07-05 20:13:11'),
(3566, 127, 30, 5, '2023-07-05 20:13:11'),
(3567, 128, 30, 5, '2023-07-05 20:13:11'),
(3568, 129, 30, 4.5, '2023-07-05 20:13:11'),
(3569, 130, 30, 4, '2023-07-05 20:13:11'),
(3570, 131, 30, 4, '2023-07-05 20:13:11'),
(3571, 132, 30, 3.5, '2023-07-05 20:13:11'),
(3572, 133, 30, 4, '2023-07-05 20:13:11'),
(3573, 134, 30, 4.5, '2023-07-05 20:13:11'),
(3574, 135, 30, 4, '2023-07-05 20:13:11'),
(3575, 136, 30, 4, '2023-07-05 20:13:11'),
(3576, 137, 30, 4, '2023-07-05 20:13:11'),
(3577, 138, 30, 5, '2023-07-05 20:13:11'),
(3578, 139, 30, 5, '2023-07-05 20:13:11'),
(3579, 140, 30, 3.5, '2023-07-05 20:13:11'),
(3580, 141, 30, 5, '2023-07-05 20:13:11'),
(3581, 142, 30, 3.5, '2023-07-05 20:13:11'),
(3582, 143, 30, 4.5, '2023-07-05 20:13:11'),
(3583, 144, 30, 5, '2023-07-05 20:13:11'),
(3584, 145, 30, 4, '2023-07-05 20:13:11'),
(3585, 146, 30, 4.5, '2023-07-05 20:13:11'),
(3586, 147, 30, 4, '2023-07-05 20:13:11'),
(3587, 148, 30, 4.5, '2023-07-05 20:13:11'),
(3588, 149, 30, 4, '2023-07-05 20:13:11'),
(3589, 150, 30, 4.5, '2023-07-05 20:13:11'),
(3590, 151, 30, 4, '2023-07-05 20:13:11'),
(3591, 152, 30, 4, '2023-07-05 20:13:11'),
(3592, 153, 30, 4, '2023-07-05 20:13:11'),
(3593, 154, 30, 3.5, '2023-07-05 20:13:11'),
(3594, 155, 30, 3.5, '2023-07-05 20:13:11'),
(3595, 156, 30, 4, '2023-07-05 20:13:11'),
(3596, 157, 30, 5, '2023-07-05 20:13:11'),
(3597, 158, 30, 5, '2023-07-05 20:13:11'),
(3598, 159, 30, 4.5, '2023-07-05 20:13:11'),
(3599, 160, 30, 4.5, '2023-07-05 20:13:11'),
(3600, 161, 30, 4.5, '2023-07-05 20:13:11'),
(3601, 162, 30, 4.5, '2023-07-05 20:13:11'),
(3602, 163, 30, 4, '2023-07-05 20:13:11'),
(3603, 164, 30, 5, '2023-07-05 20:13:11'),
(3604, 165, 30, 4.5, '2023-07-05 20:13:11'),
(3605, 166, 30, 3.5, '2023-07-05 20:13:11'),
(3606, 167, 30, 4, '2023-07-05 20:13:11'),
(3607, 168, 30, 3.5, '2023-07-05 20:13:11'),
(3608, 169, 30, 4.5, '2023-07-05 20:13:11'),
(3609, 170, 30, 4, '2023-07-05 20:13:11'),
(3610, 171, 30, 4.5, '2023-07-05 20:13:11'),
(3611, 172, 30, 4.5, '2023-07-05 20:13:11'),
(3612, 173, 30, 3.5, '2023-07-05 20:13:11'),
(3613, 174, 30, 4, '2023-07-05 20:13:11'),
(3614, 175, 30, 4.5, '2023-07-05 20:13:11'),
(3615, 176, 30, 3.5, '2023-07-05 20:13:11'),
(3616, 177, 30, 4, '2023-07-05 20:13:11'),
(3617, 178, 30, 4, '2023-07-05 20:13:11');
INSERT INTO `rates` (`id_rate`, `id_product`, `id_user`, `point`, `updated_at`) VALUES
(3618, 179, 30, 5, '2023-07-05 20:13:11'),
(3619, 180, 30, 3.5, '2023-07-05 20:13:11'),
(3620, 181, 30, 3.5, '2023-07-05 20:13:11'),
(3621, 182, 30, 3.5, '2023-07-05 20:13:11'),
(3622, 183, 30, 4.5, '2023-07-05 20:13:11'),
(3623, 184, 30, 3.5, '2023-07-05 20:13:11'),
(3624, 185, 30, 4.5, '2023-07-05 20:13:11'),
(3625, 186, 30, 5, '2023-07-05 20:13:11'),
(3626, 187, 30, 3.5, '2023-07-05 20:13:11'),
(3627, 188, 30, 4, '2023-07-05 20:13:11'),
(3628, 189, 30, 4, '2023-07-05 20:13:11'),
(3629, 190, 30, 3.5, '2023-07-05 20:13:11'),
(3630, 191, 30, 5, '2023-07-05 20:13:11'),
(3631, 192, 30, 3.5, '2023-07-05 20:13:11'),
(3632, 193, 30, 3.5, '2023-07-05 20:13:11'),
(3633, 194, 30, 4, '2023-07-05 20:13:11'),
(3634, 195, 30, 4, '2023-07-05 20:13:11'),
(3635, 196, 30, 4, '2023-07-05 20:13:11'),
(3636, 197, 30, 3.5, '2023-07-05 20:13:11'),
(3637, 198, 30, 3.5, '2023-07-05 20:13:11'),
(3638, 199, 30, 4, '2023-07-05 20:13:12'),
(3639, 200, 30, 3.5, '2023-07-05 20:13:12'),
(3640, 201, 30, 5, '2023-07-05 20:13:12'),
(3641, 202, 30, 4, '2023-07-05 20:13:12'),
(3642, 203, 30, 5, '2023-07-05 20:13:12'),
(3643, 204, 30, 5, '2023-07-05 20:13:12'),
(3644, 205, 30, 4.5, '2023-07-05 20:13:12'),
(3645, 206, 30, 3.5, '2023-07-05 20:13:12'),
(3646, 207, 30, 4.5, '2023-07-05 20:13:12'),
(3647, 208, 30, 4.5, '2023-07-05 20:13:12'),
(3648, 209, 30, 3.5, '2023-07-05 20:13:12'),
(3649, 210, 30, 5, '2023-07-05 20:13:12'),
(3650, 211, 30, 4.5, '2023-07-05 20:13:12'),
(3651, 212, 30, 4.5, '2023-07-05 20:13:12'),
(3652, 213, 30, 4.5, '2023-07-05 20:13:12'),
(3653, 214, 30, 4.5, '2023-07-05 20:13:12'),
(3654, 215, 30, 4, '2023-07-05 20:13:12'),
(3655, 216, 30, 5, '2023-07-05 20:13:12'),
(3656, 217, 30, 3.5, '2023-07-05 20:13:12'),
(3657, 218, 30, 4.5, '2023-07-05 20:13:12'),
(3658, 219, 30, 5, '2023-07-05 20:13:12'),
(3659, 220, 30, 4, '2023-07-05 20:13:12'),
(3660, 221, 30, 4, '2023-07-05 20:13:12'),
(3661, 222, 30, 5, '2023-07-05 20:13:12'),
(3662, 101, 31, 5, '2023-07-05 20:13:12'),
(3663, 102, 31, 4, '2023-07-05 20:13:12'),
(3664, 103, 31, 4, '2023-07-05 20:13:12'),
(3665, 104, 31, 5, '2023-07-05 20:13:12'),
(3666, 105, 31, 5, '2023-07-05 20:13:12'),
(3667, 106, 31, 5, '2023-07-05 20:13:12'),
(3668, 107, 31, 4, '2023-07-05 20:13:12'),
(3669, 108, 31, 5, '2023-07-05 20:13:12'),
(3670, 109, 31, 4, '2023-07-05 20:13:12'),
(3671, 110, 31, 3.5, '2023-07-05 20:13:12'),
(3672, 111, 31, 3.5, '2023-07-05 20:13:12'),
(3673, 112, 31, 3.5, '2023-07-05 20:13:12'),
(3674, 113, 31, 3.5, '2023-07-05 20:13:12'),
(3675, 114, 31, 3.5, '2023-07-05 20:13:12'),
(3676, 115, 31, 4.5, '2023-07-05 20:13:12'),
(3677, 116, 31, 4, '2023-07-05 20:13:12'),
(3678, 117, 31, 5, '2023-07-05 20:13:12'),
(3679, 118, 31, 5, '2023-07-05 20:13:12'),
(3680, 119, 31, 3.5, '2023-07-05 20:13:12'),
(3681, 120, 31, 4, '2023-07-05 20:13:12'),
(3682, 121, 31, 5, '2023-07-05 20:13:12'),
(3683, 122, 31, 3.5, '2023-07-05 20:13:12'),
(3684, 123, 31, 5, '2023-07-05 20:13:12'),
(3685, 124, 31, 3.5, '2023-07-05 20:13:12'),
(3686, 125, 31, 4.5, '2023-07-05 20:13:12'),
(3687, 126, 31, 4, '2023-07-05 20:13:12'),
(3688, 127, 31, 3.5, '2023-07-05 20:13:12'),
(3689, 128, 31, 4.5, '2023-07-05 20:13:12'),
(3690, 129, 31, 3.5, '2023-07-05 20:13:12'),
(3691, 130, 31, 3.5, '2023-07-05 20:13:12'),
(3692, 131, 31, 3.5, '2023-07-05 20:13:12'),
(3693, 132, 31, 3.5, '2023-07-05 20:13:12'),
(3694, 133, 31, 5, '2023-07-05 20:13:12'),
(3695, 134, 31, 4, '2023-07-05 20:13:12'),
(3696, 135, 31, 4, '2023-07-05 20:13:12'),
(3697, 136, 31, 3.5, '2023-07-05 20:13:12'),
(3698, 137, 31, 4.5, '2023-07-05 20:13:12'),
(3699, 138, 31, 4.5, '2023-07-05 20:13:12'),
(3700, 139, 31, 4, '2023-07-05 20:13:12'),
(3701, 140, 31, 5, '2023-07-05 20:13:12'),
(3702, 141, 31, 5, '2023-07-05 20:13:12'),
(3703, 142, 31, 4, '2023-07-05 20:13:12'),
(3704, 143, 31, 3.5, '2023-07-05 20:13:12'),
(3705, 144, 31, 4, '2023-07-05 20:13:12'),
(3706, 145, 31, 3.5, '2023-07-05 20:13:12'),
(3707, 146, 31, 4, '2023-07-05 20:13:12'),
(3708, 147, 31, 3.5, '2023-07-05 20:13:12'),
(3709, 148, 31, 4, '2023-07-05 20:13:12'),
(3710, 149, 31, 5, '2023-07-05 20:13:12'),
(3711, 150, 31, 4.5, '2023-07-05 20:13:12'),
(3712, 151, 31, 4.5, '2023-07-05 20:13:12'),
(3713, 152, 31, 3.5, '2023-07-05 20:13:12'),
(3714, 153, 31, 3.5, '2023-07-05 20:13:12'),
(3715, 154, 31, 5, '2023-07-05 20:13:12'),
(3716, 155, 31, 4, '2023-07-05 20:13:12'),
(3717, 156, 31, 4, '2023-07-05 20:13:12'),
(3718, 157, 31, 5, '2023-07-05 20:13:12'),
(3719, 158, 31, 3.5, '2023-07-05 20:13:12'),
(3720, 159, 31, 4, '2023-07-05 20:13:12'),
(3721, 160, 31, 5, '2023-07-05 20:13:12'),
(3722, 161, 31, 5, '2023-07-05 20:13:12'),
(3723, 162, 31, 3.5, '2023-07-05 20:13:12'),
(3724, 163, 31, 5, '2023-07-05 20:13:12'),
(3725, 164, 31, 5, '2023-07-05 20:13:12'),
(3726, 165, 31, 4.5, '2023-07-05 20:13:12'),
(3727, 166, 31, 5, '2023-07-05 20:13:12'),
(3728, 167, 31, 4.5, '2023-07-05 20:13:12'),
(3729, 168, 31, 5, '2023-07-05 20:13:12'),
(3730, 169, 31, 4, '2023-07-05 20:13:12'),
(3731, 170, 31, 5, '2023-07-05 20:13:12'),
(3732, 171, 31, 3.5, '2023-07-05 20:13:12'),
(3733, 172, 31, 3.5, '2023-07-05 20:13:12'),
(3734, 173, 31, 5, '2023-07-05 20:13:12'),
(3735, 174, 31, 3.5, '2023-07-05 20:13:12'),
(3736, 175, 31, 4, '2023-07-05 20:13:12'),
(3737, 176, 31, 4.5, '2023-07-05 20:13:12'),
(3738, 177, 31, 4.5, '2023-07-05 20:13:12'),
(3739, 178, 31, 5, '2023-07-05 20:13:12'),
(3740, 179, 31, 5, '2023-07-05 20:13:12'),
(3741, 180, 31, 3.5, '2023-07-05 20:13:12'),
(3742, 181, 31, 4, '2023-07-05 20:13:12'),
(3743, 182, 31, 4, '2023-07-05 20:13:12'),
(3744, 183, 31, 4, '2023-07-05 20:13:12'),
(3745, 184, 31, 5, '2023-07-05 20:13:12'),
(3746, 185, 31, 3.5, '2023-07-05 20:13:12'),
(3747, 186, 31, 4.5, '2023-07-05 20:13:12'),
(3748, 187, 31, 4.5, '2023-07-05 20:13:12'),
(3749, 188, 31, 5, '2023-07-05 20:13:12'),
(3750, 189, 31, 3.5, '2023-07-05 20:13:12'),
(3751, 190, 31, 4.5, '2023-07-05 20:13:12'),
(3752, 191, 31, 5, '2023-07-05 20:13:12'),
(3753, 192, 31, 4, '2023-07-05 20:13:12'),
(3754, 193, 31, 4, '2023-07-05 20:13:12'),
(3755, 194, 31, 4.5, '2023-07-05 20:13:12'),
(3756, 195, 31, 3.5, '2023-07-05 20:13:12'),
(3757, 196, 31, 3.5, '2023-07-05 20:13:12'),
(3758, 197, 31, 5, '2023-07-05 20:13:12'),
(3759, 198, 31, 5, '2023-07-05 20:13:12'),
(3760, 199, 31, 4, '2023-07-05 20:13:12'),
(3761, 200, 31, 5, '2023-07-05 20:13:12'),
(3762, 201, 31, 5, '2023-07-05 20:13:12'),
(3763, 202, 31, 4.5, '2023-07-05 20:13:12'),
(3764, 203, 31, 5, '2023-07-05 20:13:12'),
(3765, 204, 31, 5, '2023-07-05 20:13:12'),
(3766, 205, 31, 4.5, '2023-07-05 20:13:12'),
(3767, 206, 31, 3.5, '2023-07-05 20:13:12'),
(3768, 207, 31, 5, '2023-07-05 20:13:13'),
(3769, 208, 31, 3.5, '2023-07-05 20:13:13'),
(3770, 209, 31, 3.5, '2023-07-05 20:13:13'),
(3771, 210, 31, 5, '2023-07-05 20:13:13'),
(3772, 211, 31, 3.5, '2023-07-05 20:13:13'),
(3773, 212, 31, 4.5, '2023-07-05 20:13:13'),
(3774, 213, 31, 4.5, '2023-07-05 20:13:13'),
(3775, 214, 31, 3.5, '2023-07-05 20:13:13'),
(3776, 215, 31, 4, '2023-07-05 20:13:13'),
(3777, 216, 31, 4, '2023-07-05 20:13:13'),
(3778, 217, 31, 3.5, '2023-07-05 20:13:13'),
(3779, 218, 31, 4, '2023-07-05 20:13:13'),
(3780, 219, 31, 5, '2023-07-05 20:13:13'),
(3781, 220, 31, 4, '2023-07-05 20:13:13'),
(3782, 221, 31, 4, '2023-07-05 20:13:13'),
(3783, 222, 31, 3.5, '2023-07-05 20:13:13'),
(3784, 101, 32, 5, '2023-07-05 20:13:13'),
(3785, 102, 32, 5, '2023-07-05 20:13:13'),
(3786, 103, 32, 3.5, '2023-07-05 20:13:13'),
(3787, 104, 32, 4.5, '2023-07-05 20:13:13'),
(3788, 105, 32, 4.5, '2023-07-05 20:13:13'),
(3789, 106, 32, 4.5, '2023-07-05 20:13:13'),
(3790, 107, 32, 5, '2023-07-05 20:13:13'),
(3791, 108, 32, 3.5, '2023-07-05 20:13:13'),
(3792, 109, 32, 5, '2023-07-05 20:13:13'),
(3793, 110, 32, 4, '2023-07-05 20:13:13'),
(3794, 111, 32, 4.5, '2023-07-05 20:13:13'),
(3795, 112, 32, 3.5, '2023-07-05 20:13:13'),
(3796, 113, 32, 5, '2023-07-05 20:13:13'),
(3797, 114, 32, 5, '2023-07-05 20:13:13'),
(3798, 115, 32, 4.5, '2023-07-05 20:13:13'),
(3799, 116, 32, 4.5, '2023-07-05 20:13:13'),
(3800, 117, 32, 5, '2023-07-05 20:13:13'),
(3801, 118, 32, 4.5, '2023-07-05 20:13:13'),
(3802, 119, 32, 5, '2023-07-05 20:13:13'),
(3803, 120, 32, 5, '2023-07-05 20:13:13'),
(3804, 121, 32, 4.5, '2023-07-05 20:13:13'),
(3805, 122, 32, 3.5, '2023-07-05 20:13:13'),
(3806, 123, 32, 3.5, '2023-07-05 20:13:13'),
(3807, 124, 32, 4.5, '2023-07-05 20:13:13'),
(3808, 125, 32, 4.5, '2023-07-05 20:13:13'),
(3809, 126, 32, 5, '2023-07-05 20:13:13'),
(3810, 127, 32, 4, '2023-07-05 20:13:13'),
(3811, 128, 32, 4, '2023-07-05 20:13:13'),
(3812, 129, 32, 5, '2023-07-05 20:13:13'),
(3813, 130, 32, 5, '2023-07-05 20:13:13'),
(3814, 131, 32, 4.5, '2023-07-05 20:13:13'),
(3815, 132, 32, 4.5, '2023-07-05 20:13:13'),
(3816, 133, 32, 5, '2023-07-05 20:13:13'),
(3817, 134, 32, 4.5, '2023-07-05 20:13:13'),
(3818, 135, 32, 4.5, '2023-07-05 20:13:13'),
(3819, 136, 32, 3.5, '2023-07-05 20:13:13'),
(3820, 137, 32, 3.5, '2023-07-05 20:13:13'),
(3821, 138, 32, 5, '2023-07-05 20:13:13'),
(3822, 139, 32, 5, '2023-07-05 20:13:13'),
(3823, 140, 32, 5, '2023-07-05 20:13:13'),
(3824, 141, 32, 3.5, '2023-07-05 20:13:13'),
(3825, 142, 32, 4.5, '2023-07-05 20:13:13'),
(3826, 143, 32, 4.5, '2023-07-05 20:13:13'),
(3827, 144, 32, 4, '2023-07-05 20:13:13'),
(3828, 145, 32, 4.5, '2023-07-05 20:13:13'),
(3829, 146, 32, 5, '2023-07-05 20:13:13'),
(3830, 147, 32, 4.5, '2023-07-05 20:13:13'),
(3831, 148, 32, 5, '2023-07-05 20:13:13'),
(3832, 149, 32, 3.5, '2023-07-05 20:13:13'),
(3833, 150, 32, 5, '2023-07-05 20:13:13'),
(3834, 151, 32, 5, '2023-07-05 20:13:13'),
(3835, 152, 32, 4.5, '2023-07-05 20:13:13'),
(3836, 153, 32, 5, '2023-07-05 20:13:13'),
(3837, 154, 32, 5, '2023-07-05 20:13:13'),
(3838, 155, 32, 4, '2023-07-05 20:13:13'),
(3839, 156, 32, 4.5, '2023-07-05 20:13:13'),
(3840, 157, 32, 3.5, '2023-07-05 20:13:13'),
(3841, 158, 32, 5, '2023-07-05 20:13:13'),
(3842, 159, 32, 4.5, '2023-07-05 20:13:13'),
(3843, 160, 32, 4.5, '2023-07-05 20:13:13'),
(3844, 161, 32, 4.5, '2023-07-05 20:13:13'),
(3845, 162, 32, 4, '2023-07-05 20:13:13'),
(3846, 163, 32, 4.5, '2023-07-05 20:13:13'),
(3847, 164, 32, 3.5, '2023-07-05 20:13:13'),
(3848, 165, 32, 3.5, '2023-07-05 20:13:13'),
(3849, 166, 32, 4.5, '2023-07-05 20:13:13'),
(3850, 167, 32, 4.5, '2023-07-05 20:13:13'),
(3851, 168, 32, 3.5, '2023-07-05 20:13:13'),
(3852, 169, 32, 5, '2023-07-05 20:13:13'),
(3853, 170, 32, 5, '2023-07-05 20:13:13'),
(3854, 171, 32, 4.5, '2023-07-05 20:13:13'),
(3855, 172, 32, 5, '2023-07-05 20:13:13'),
(3856, 173, 32, 4.5, '2023-07-05 20:13:13'),
(3857, 174, 32, 5, '2023-07-05 20:13:13'),
(3858, 175, 32, 4.5, '2023-07-05 20:13:13'),
(3859, 176, 32, 4, '2023-07-05 20:13:13'),
(3860, 177, 32, 4, '2023-07-05 20:13:13'),
(3861, 178, 32, 4, '2023-07-05 20:13:13'),
(3862, 179, 32, 5, '2023-07-05 20:13:13'),
(3863, 180, 32, 5, '2023-07-05 20:13:13'),
(3864, 181, 32, 3.5, '2023-07-05 20:13:13'),
(3865, 182, 32, 4, '2023-07-05 20:13:13'),
(3866, 183, 32, 3.5, '2023-07-05 20:13:13'),
(3867, 184, 32, 5, '2023-07-05 20:13:13'),
(3868, 185, 32, 4.5, '2023-07-05 20:13:13'),
(3869, 186, 32, 4, '2023-07-05 20:13:13'),
(3870, 187, 32, 4, '2023-07-05 20:13:13'),
(3871, 188, 32, 4.5, '2023-07-05 20:13:13'),
(3872, 189, 32, 5, '2023-07-05 20:13:13'),
(3873, 190, 32, 3.5, '2023-07-05 20:13:13'),
(3874, 191, 32, 5, '2023-07-05 20:13:13'),
(3875, 192, 32, 3.5, '2023-07-05 20:13:13'),
(3876, 193, 32, 4, '2023-07-05 20:13:13'),
(3877, 194, 32, 4.5, '2023-07-05 20:13:13'),
(3878, 195, 32, 4, '2023-07-05 20:13:13'),
(3879, 196, 32, 4, '2023-07-05 20:13:13'),
(3880, 197, 32, 5, '2023-07-05 20:13:13'),
(3881, 198, 32, 5, '2023-07-05 20:13:14'),
(3882, 199, 32, 3.5, '2023-07-05 20:13:14'),
(3883, 200, 32, 3.5, '2023-07-05 20:13:14'),
(3884, 201, 32, 4.5, '2023-07-05 20:13:14'),
(3885, 202, 32, 4, '2023-07-05 20:13:14'),
(3886, 203, 32, 3.5, '2023-07-05 20:13:14'),
(3887, 204, 32, 4, '2023-07-05 20:13:14'),
(3888, 205, 32, 3.5, '2023-07-05 20:13:14'),
(3889, 206, 32, 4, '2023-07-05 20:13:14'),
(3890, 207, 32, 5, '2023-07-05 20:13:14'),
(3891, 208, 32, 3.5, '2023-07-05 20:13:14'),
(3892, 209, 32, 3.5, '2023-07-05 20:13:14'),
(3893, 210, 32, 3.5, '2023-07-05 20:13:14'),
(3894, 211, 32, 4.5, '2023-07-05 20:13:14'),
(3895, 212, 32, 4, '2023-07-05 20:13:14'),
(3896, 213, 32, 4.5, '2023-07-05 20:13:14'),
(3897, 214, 32, 4, '2023-07-05 20:13:14'),
(3898, 215, 32, 5, '2023-07-05 20:13:14'),
(3899, 216, 32, 4.5, '2023-07-05 20:13:14'),
(3900, 217, 32, 3.5, '2023-07-05 20:13:14'),
(3901, 218, 32, 5, '2023-07-05 20:13:14'),
(3902, 219, 32, 4.5, '2023-07-05 20:13:14'),
(3903, 220, 32, 4.5, '2023-07-05 20:13:14'),
(3904, 221, 32, 4.5, '2023-07-05 20:13:14'),
(3905, 222, 32, 5, '2023-07-05 20:13:14'),
(3906, 101, 33, 5, '2023-07-05 20:13:14'),
(3907, 102, 33, 5, '2023-07-05 20:13:14'),
(3908, 103, 33, 3.5, '2023-07-05 20:13:14'),
(3909, 104, 33, 4.5, '2023-07-05 20:13:14'),
(3910, 105, 33, 5, '2023-07-05 20:13:14'),
(3911, 106, 33, 4, '2023-07-05 20:13:14'),
(3912, 107, 33, 3.5, '2023-07-05 20:13:14'),
(3913, 108, 33, 4, '2023-07-05 20:13:14'),
(3914, 109, 33, 4.5, '2023-07-05 20:13:14'),
(3915, 110, 33, 4.5, '2023-07-05 20:13:14'),
(3916, 111, 33, 3.5, '2023-07-05 20:13:14'),
(3917, 112, 33, 4.5, '2023-07-05 20:13:14'),
(3918, 113, 33, 4, '2023-07-05 20:13:14'),
(3919, 114, 33, 4, '2023-07-05 20:13:14'),
(3920, 115, 33, 4, '2023-07-05 20:13:14'),
(3921, 116, 33, 5, '2023-07-05 20:13:14'),
(3922, 117, 33, 4.5, '2023-07-05 20:13:14'),
(3923, 118, 33, 3.5, '2023-07-05 20:13:14'),
(3924, 119, 33, 3.5, '2023-07-05 20:13:14'),
(3925, 120, 33, 3.5, '2023-07-05 20:13:14'),
(3926, 121, 33, 3.5, '2023-07-05 20:13:14'),
(3927, 122, 33, 4, '2023-07-05 20:13:14'),
(3928, 123, 33, 5, '2023-07-05 20:13:14'),
(3929, 124, 33, 4, '2023-07-05 20:13:14'),
(3930, 125, 33, 3.5, '2023-07-05 20:13:14'),
(3931, 126, 33, 3.5, '2023-07-05 20:13:14'),
(3932, 127, 33, 4, '2023-07-05 20:13:14'),
(3933, 128, 33, 4.5, '2023-07-05 20:13:14'),
(3934, 129, 33, 3.5, '2023-07-05 20:13:14'),
(3935, 130, 33, 3.5, '2023-07-05 20:13:14'),
(3936, 131, 33, 4.5, '2023-07-05 20:13:14'),
(3937, 132, 33, 4.5, '2023-07-05 20:13:14'),
(3938, 133, 33, 5, '2023-07-05 20:13:14'),
(3939, 134, 33, 3.5, '2023-07-05 20:13:14'),
(3940, 135, 33, 3.5, '2023-07-05 20:13:14'),
(3941, 136, 33, 4, '2023-07-05 20:13:14'),
(3942, 137, 33, 3.5, '2023-07-05 20:13:14'),
(3943, 138, 33, 3.5, '2023-07-05 20:13:14'),
(3944, 139, 33, 4, '2023-07-05 20:13:14'),
(3945, 140, 33, 4, '2023-07-05 20:13:14'),
(3946, 141, 33, 4, '2023-07-05 20:13:14'),
(3947, 142, 33, 4.5, '2023-07-05 20:13:14'),
(3948, 143, 33, 4, '2023-07-05 20:13:14'),
(3949, 144, 33, 5, '2023-07-05 20:13:14'),
(3950, 145, 33, 4.5, '2023-07-05 20:13:14'),
(3951, 146, 33, 4.5, '2023-07-05 20:13:14'),
(3952, 147, 33, 3.5, '2023-07-05 20:13:14'),
(3953, 148, 33, 5, '2023-07-05 20:13:14'),
(3954, 149, 33, 5, '2023-07-05 20:13:14'),
(3955, 150, 33, 4.5, '2023-07-05 20:13:14'),
(3956, 151, 33, 4, '2023-07-05 20:13:14'),
(3957, 152, 33, 3.5, '2023-07-05 20:13:14'),
(3958, 153, 33, 5, '2023-07-05 20:13:14'),
(3959, 154, 33, 4.5, '2023-07-05 20:13:14'),
(3960, 155, 33, 5, '2023-07-05 20:13:14'),
(3961, 156, 33, 3.5, '2023-07-05 20:13:14'),
(3962, 157, 33, 5, '2023-07-05 20:13:14'),
(3963, 158, 33, 4.5, '2023-07-05 20:13:14'),
(3964, 159, 33, 3.5, '2023-07-05 20:13:14'),
(3965, 160, 33, 4, '2023-07-05 20:13:14'),
(3966, 161, 33, 5, '2023-07-05 20:13:14'),
(3967, 162, 33, 3.5, '2023-07-05 20:13:14'),
(3968, 163, 33, 4.5, '2023-07-05 20:13:14'),
(3969, 164, 33, 4, '2023-07-05 20:13:14'),
(3970, 165, 33, 5, '2023-07-05 20:13:14'),
(3971, 166, 33, 4.5, '2023-07-05 20:13:14'),
(3972, 167, 33, 4, '2023-07-05 20:13:14'),
(3973, 168, 33, 5, '2023-07-05 20:13:14'),
(3974, 169, 33, 4, '2023-07-05 20:13:14'),
(3975, 170, 33, 4, '2023-07-05 20:13:14'),
(3976, 171, 33, 5, '2023-07-05 20:13:14'),
(3977, 172, 33, 4, '2023-07-05 20:13:14'),
(3978, 173, 33, 3.5, '2023-07-05 20:13:14'),
(3979, 174, 33, 4, '2023-07-05 20:13:14'),
(3980, 175, 33, 3.5, '2023-07-05 20:13:14'),
(3981, 176, 33, 3.5, '2023-07-05 20:13:14'),
(3982, 177, 33, 4.5, '2023-07-05 20:13:14'),
(3983, 178, 33, 4.5, '2023-07-05 20:13:14'),
(3984, 179, 33, 4.5, '2023-07-05 20:13:14'),
(3985, 180, 33, 3.5, '2023-07-05 20:13:14'),
(3986, 181, 33, 4.5, '2023-07-05 20:13:14'),
(3987, 182, 33, 4, '2023-07-05 20:13:14'),
(3988, 183, 33, 3.5, '2023-07-05 20:13:14'),
(3989, 184, 33, 3.5, '2023-07-05 20:13:14'),
(3990, 185, 33, 4, '2023-07-05 20:13:14'),
(3991, 186, 33, 4.5, '2023-07-05 20:13:14'),
(3992, 187, 33, 3.5, '2023-07-05 20:13:14'),
(3993, 188, 33, 4.5, '2023-07-05 20:13:14'),
(3994, 189, 33, 4.5, '2023-07-05 20:13:14'),
(3995, 190, 33, 4.5, '2023-07-05 20:13:14'),
(3996, 191, 33, 5, '2023-07-05 20:13:14'),
(3997, 192, 33, 4, '2023-07-05 20:13:14'),
(3998, 193, 33, 5, '2023-07-05 20:13:14'),
(3999, 194, 33, 4.5, '2023-07-05 20:13:14'),
(4000, 195, 33, 4, '2023-07-05 20:13:14'),
(4001, 196, 33, 4.5, '2023-07-05 20:13:14'),
(4002, 197, 33, 5, '2023-07-05 20:13:14'),
(4003, 198, 33, 3.5, '2023-07-05 20:13:14'),
(4004, 199, 33, 3.5, '2023-07-05 20:13:15'),
(4005, 200, 33, 4.5, '2023-07-05 20:13:15'),
(4006, 201, 33, 3.5, '2023-07-05 20:13:15'),
(4007, 202, 33, 5, '2023-07-05 20:13:15'),
(4008, 203, 33, 5, '2023-07-05 20:13:15'),
(4009, 204, 33, 5, '2023-07-05 20:13:15'),
(4010, 205, 33, 4, '2023-07-05 20:13:15'),
(4011, 206, 33, 4.5, '2023-07-05 20:13:15'),
(4012, 207, 33, 4.5, '2023-07-05 20:13:15'),
(4013, 208, 33, 5, '2023-07-05 20:13:15'),
(4014, 209, 33, 3.5, '2023-07-05 20:13:15'),
(4015, 210, 33, 4, '2023-07-05 20:13:15'),
(4016, 211, 33, 5, '2023-07-05 20:13:15'),
(4017, 212, 33, 5, '2023-07-05 20:13:15'),
(4018, 213, 33, 4.5, '2023-07-05 20:13:15'),
(4019, 214, 33, 4.5, '2023-07-05 20:13:15'),
(4020, 215, 33, 4.5, '2023-07-05 20:13:15'),
(4021, 216, 33, 3.5, '2023-07-05 20:13:15'),
(4022, 217, 33, 4.5, '2023-07-05 20:13:15'),
(4023, 218, 33, 5, '2023-07-05 20:13:15'),
(4024, 219, 33, 3.5, '2023-07-05 20:13:15'),
(4025, 220, 33, 3.5, '2023-07-05 20:13:15'),
(4026, 221, 33, 4.5, '2023-07-05 20:13:15'),
(4027, 222, 33, 4.5, '2023-07-05 20:13:15'),
(4028, 101, 34, 5, '2023-07-05 20:13:15'),
(4029, 102, 34, 3.5, '2023-07-05 20:13:15'),
(4030, 103, 34, 4.5, '2023-07-05 20:13:15'),
(4031, 104, 34, 4.5, '2023-07-05 20:13:15'),
(4032, 105, 34, 4.5, '2023-07-05 20:13:15'),
(4033, 106, 34, 4, '2023-07-05 20:13:15'),
(4034, 107, 34, 3.5, '2023-07-05 20:13:15'),
(4035, 108, 34, 5, '2023-07-05 20:13:15'),
(4036, 109, 34, 4.5, '2023-07-05 20:13:15'),
(4037, 110, 34, 4.5, '2023-07-05 20:13:15'),
(4038, 111, 34, 3.5, '2023-07-05 20:13:15'),
(4039, 112, 34, 4, '2023-07-05 20:13:15'),
(4040, 113, 34, 4.5, '2023-07-05 20:13:15'),
(4041, 114, 34, 5, '2023-07-05 20:13:15'),
(4042, 115, 34, 3.5, '2023-07-05 20:13:15'),
(4043, 116, 34, 4, '2023-07-05 20:13:15'),
(4044, 117, 34, 4, '2023-07-05 20:13:15'),
(4045, 118, 34, 5, '2023-07-05 20:13:15'),
(4046, 119, 34, 4.5, '2023-07-05 20:13:15'),
(4047, 120, 34, 3.5, '2023-07-05 20:13:15'),
(4048, 121, 34, 5, '2023-07-05 20:13:15'),
(4049, 122, 34, 5, '2023-07-05 20:13:15'),
(4050, 123, 34, 3.5, '2023-07-05 20:13:15'),
(4051, 124, 34, 4, '2023-07-05 20:13:15'),
(4052, 125, 34, 4, '2023-07-05 20:13:15'),
(4053, 126, 34, 4.5, '2023-07-05 20:13:15'),
(4054, 127, 34, 5, '2023-07-05 20:13:15'),
(4055, 128, 34, 4, '2023-07-05 20:13:15'),
(4056, 129, 34, 4, '2023-07-05 20:13:15'),
(4057, 130, 34, 4, '2023-07-05 20:13:15'),
(4058, 131, 34, 3.5, '2023-07-05 20:13:15'),
(4059, 132, 34, 4, '2023-07-05 20:13:15'),
(4060, 133, 34, 3.5, '2023-07-05 20:13:15'),
(4061, 134, 34, 3.5, '2023-07-05 20:13:15'),
(4062, 135, 34, 3.5, '2023-07-05 20:13:15'),
(4063, 136, 34, 5, '2023-07-05 20:13:15'),
(4064, 137, 34, 3.5, '2023-07-05 20:13:15'),
(4065, 138, 34, 5, '2023-07-05 20:13:15'),
(4066, 139, 34, 3.5, '2023-07-05 20:13:15'),
(4067, 140, 34, 3.5, '2023-07-05 20:13:15'),
(4068, 141, 34, 4.5, '2023-07-05 20:13:15'),
(4069, 142, 34, 4, '2023-07-05 20:13:15'),
(4070, 143, 34, 3.5, '2023-07-05 20:13:15'),
(4071, 144, 34, 5, '2023-07-05 20:13:15'),
(4072, 145, 34, 4, '2023-07-05 20:13:15'),
(4073, 146, 34, 5, '2023-07-05 20:13:15'),
(4074, 147, 34, 5, '2023-07-05 20:13:15'),
(4075, 148, 34, 3.5, '2023-07-05 20:13:15'),
(4076, 149, 34, 3.5, '2023-07-05 20:13:15'),
(4077, 150, 34, 3.5, '2023-07-05 20:13:15'),
(4078, 151, 34, 5, '2023-07-05 20:13:15'),
(4079, 152, 34, 4, '2023-07-05 20:13:15'),
(4080, 153, 34, 4, '2023-07-05 20:13:15'),
(4081, 154, 34, 5, '2023-07-05 20:13:15'),
(4082, 155, 34, 3.5, '2023-07-05 20:13:15'),
(4083, 156, 34, 4, '2023-07-05 20:13:15'),
(4084, 157, 34, 5, '2023-07-05 20:13:15'),
(4085, 158, 34, 4, '2023-07-05 20:13:15'),
(4086, 159, 34, 4.5, '2023-07-05 20:13:15'),
(4087, 160, 34, 4, '2023-07-05 20:13:15'),
(4088, 161, 34, 5, '2023-07-05 20:13:15'),
(4089, 162, 34, 3.5, '2023-07-05 20:13:15'),
(4090, 163, 34, 5, '2023-07-05 20:13:15'),
(4091, 164, 34, 5, '2023-07-05 20:13:15'),
(4092, 165, 34, 4.5, '2023-07-05 20:13:15'),
(4093, 166, 34, 4.5, '2023-07-05 20:13:15'),
(4094, 167, 34, 4, '2023-07-05 20:13:15'),
(4095, 168, 34, 5, '2023-07-05 20:13:15'),
(4096, 169, 34, 3.5, '2023-07-05 20:13:15'),
(4097, 170, 34, 4.5, '2023-07-05 20:13:15'),
(4098, 171, 34, 4, '2023-07-05 20:13:15'),
(4099, 172, 34, 3.5, '2023-07-05 20:13:15'),
(4100, 173, 34, 4, '2023-07-05 20:13:15'),
(4101, 174, 34, 4.5, '2023-07-05 20:13:15'),
(4102, 175, 34, 4, '2023-07-05 20:13:15'),
(4103, 176, 34, 5, '2023-07-05 20:13:15'),
(4104, 177, 34, 4.5, '2023-07-05 20:13:15'),
(4105, 178, 34, 5, '2023-07-05 20:13:15'),
(4106, 179, 34, 4.5, '2023-07-05 20:13:15'),
(4107, 180, 34, 4, '2023-07-05 20:13:15'),
(4108, 181, 34, 3.5, '2023-07-05 20:13:15'),
(4109, 182, 34, 4, '2023-07-05 20:13:16'),
(4110, 183, 34, 3.5, '2023-07-05 20:13:16'),
(4111, 184, 34, 5, '2023-07-05 20:13:16'),
(4112, 185, 34, 4, '2023-07-05 20:13:16'),
(4113, 186, 34, 4, '2023-07-05 20:13:16'),
(4114, 187, 34, 4, '2023-07-05 20:13:16'),
(4115, 188, 34, 5, '2023-07-05 20:13:16'),
(4116, 189, 34, 3.5, '2023-07-05 20:13:16'),
(4117, 190, 34, 3.5, '2023-07-05 20:13:16'),
(4118, 191, 34, 3.5, '2023-07-05 20:13:16'),
(4119, 192, 34, 4.5, '2023-07-05 20:13:16'),
(4120, 193, 34, 4.5, '2023-07-05 20:13:16'),
(4121, 194, 34, 4, '2023-07-05 20:13:16'),
(4122, 195, 34, 5, '2023-07-05 20:13:16'),
(4123, 196, 34, 4.5, '2023-07-05 20:13:16'),
(4124, 197, 34, 4.5, '2023-07-05 20:13:16'),
(4125, 198, 34, 4, '2023-07-05 20:13:16'),
(4126, 199, 34, 3.5, '2023-07-05 20:13:16'),
(4127, 200, 34, 4.5, '2023-07-05 20:13:16'),
(4128, 201, 34, 5, '2023-07-05 20:13:16'),
(4129, 202, 34, 3.5, '2023-07-05 20:13:16'),
(4130, 203, 34, 3.5, '2023-07-05 20:13:16'),
(4131, 204, 34, 3.5, '2023-07-05 20:13:16'),
(4132, 205, 34, 3.5, '2023-07-05 20:13:16'),
(4133, 206, 34, 4.5, '2023-07-05 20:13:16'),
(4134, 207, 34, 4, '2023-07-05 20:13:16'),
(4135, 208, 34, 5, '2023-07-05 20:13:16'),
(4136, 209, 34, 4, '2023-07-05 20:13:16'),
(4137, 210, 34, 5, '2023-07-05 20:13:16'),
(4138, 211, 34, 5, '2023-07-05 20:13:16'),
(4139, 212, 34, 5, '2023-07-05 20:13:16'),
(4140, 213, 34, 5, '2023-07-05 20:13:16'),
(4141, 214, 34, 4, '2023-07-05 20:13:16'),
(4142, 215, 34, 4, '2023-07-05 20:13:16'),
(4143, 216, 34, 4.5, '2023-07-05 20:13:16'),
(4144, 217, 34, 4, '2023-07-05 20:13:16'),
(4145, 218, 34, 3.5, '2023-07-05 20:13:16'),
(4146, 219, 34, 3.5, '2023-07-05 20:13:16'),
(4147, 220, 34, 4.5, '2023-07-05 20:13:16'),
(4148, 221, 34, 5, '2023-07-05 20:13:16'),
(4149, 222, 34, 5, '2023-07-05 20:13:16'),
(4150, 101, 35, 4.5, '2023-07-05 20:13:16'),
(4151, 102, 35, 5, '2023-07-05 20:13:16'),
(4152, 103, 35, 5, '2023-07-05 20:13:16'),
(4153, 104, 35, 5, '2023-07-05 20:13:16'),
(4154, 105, 35, 4, '2023-07-05 20:13:16'),
(4155, 106, 35, 4.5, '2023-07-05 20:13:16'),
(4156, 107, 35, 3.5, '2023-07-05 20:13:16'),
(4157, 108, 35, 5, '2023-07-05 20:13:16'),
(4158, 109, 35, 5, '2023-07-05 20:13:16'),
(4159, 110, 35, 3.5, '2023-07-05 20:13:16'),
(4160, 111, 35, 3.5, '2023-07-05 20:13:16'),
(4161, 112, 35, 3.5, '2023-07-05 20:13:16'),
(4162, 113, 35, 4.5, '2023-07-05 20:13:16'),
(4163, 114, 35, 4, '2023-07-05 20:13:16'),
(4164, 115, 35, 3.5, '2023-07-05 20:13:16'),
(4165, 116, 35, 4, '2023-07-05 20:13:16'),
(4166, 117, 35, 3.5, '2023-07-05 20:13:16'),
(4167, 118, 35, 4, '2023-07-05 20:13:16'),
(4168, 119, 35, 4.5, '2023-07-05 20:13:16'),
(4169, 120, 35, 5, '2023-07-05 20:13:16'),
(4170, 121, 35, 4, '2023-07-05 20:13:16'),
(4171, 122, 35, 4, '2023-07-05 20:13:16'),
(4172, 123, 35, 4, '2023-07-05 20:13:16'),
(4173, 124, 35, 4.5, '2023-07-05 20:13:16'),
(4174, 125, 35, 5, '2023-07-05 20:13:16'),
(4175, 126, 35, 5, '2023-07-05 20:13:16'),
(4176, 127, 35, 5, '2023-07-05 20:13:16'),
(4177, 128, 35, 5, '2023-07-05 20:13:16'),
(4178, 129, 35, 4, '2023-07-05 20:13:16'),
(4179, 130, 35, 3.5, '2023-07-05 20:13:16'),
(4180, 131, 35, 3.5, '2023-07-05 20:13:16'),
(4181, 132, 35, 5, '2023-07-05 20:13:16'),
(4182, 133, 35, 3.5, '2023-07-05 20:13:16'),
(4183, 134, 35, 3.5, '2023-07-05 20:13:16'),
(4184, 135, 35, 4, '2023-07-05 20:13:16'),
(4185, 136, 35, 3.5, '2023-07-05 20:13:16'),
(4186, 137, 35, 4.5, '2023-07-05 20:13:16'),
(4187, 138, 35, 5, '2023-07-05 20:13:16'),
(4188, 139, 35, 3.5, '2023-07-05 20:13:16'),
(4189, 140, 35, 5, '2023-07-05 20:13:16'),
(4190, 141, 35, 3.5, '2023-07-05 20:13:16'),
(4191, 142, 35, 4, '2023-07-05 20:13:16'),
(4192, 143, 35, 5, '2023-07-05 20:13:16'),
(4193, 144, 35, 5, '2023-07-05 20:13:16'),
(4194, 145, 35, 3.5, '2023-07-05 20:13:16'),
(4195, 146, 35, 3.5, '2023-07-05 20:13:16'),
(4196, 147, 35, 4.5, '2023-07-05 20:13:16'),
(4197, 148, 35, 5, '2023-07-05 20:13:16'),
(4198, 149, 35, 5, '2023-07-05 20:13:16'),
(4199, 150, 35, 4, '2023-07-05 20:13:16'),
(4200, 151, 35, 3.5, '2023-07-05 20:13:16'),
(4201, 152, 35, 4.5, '2023-07-05 20:13:16'),
(4202, 153, 35, 3.5, '2023-07-05 20:13:16'),
(4203, 154, 35, 4, '2023-07-05 20:13:16'),
(4204, 155, 35, 4, '2023-07-05 20:13:16'),
(4205, 156, 35, 4.5, '2023-07-05 20:13:16'),
(4206, 157, 35, 3.5, '2023-07-05 20:13:16'),
(4207, 158, 35, 4, '2023-07-05 20:13:16'),
(4208, 159, 35, 4, '2023-07-05 20:13:16'),
(4209, 160, 35, 4, '2023-07-05 20:13:16'),
(4210, 161, 35, 5, '2023-07-05 20:13:16'),
(4211, 162, 35, 5, '2023-07-05 20:13:16'),
(4212, 163, 35, 5, '2023-07-05 20:13:16'),
(4213, 164, 35, 4.5, '2023-07-05 20:13:17'),
(4214, 165, 35, 5, '2023-07-05 20:13:17'),
(4215, 166, 35, 3.5, '2023-07-05 20:13:17'),
(4216, 167, 35, 3.5, '2023-07-05 20:13:17'),
(4217, 168, 35, 3.5, '2023-07-05 20:13:17'),
(4218, 169, 35, 5, '2023-07-05 20:13:17'),
(4219, 170, 35, 5, '2023-07-05 20:13:17'),
(4220, 171, 35, 4.5, '2023-07-05 20:13:17'),
(4221, 172, 35, 3.5, '2023-07-05 20:13:17'),
(4222, 173, 35, 5, '2023-07-05 20:13:17'),
(4223, 174, 35, 4, '2023-07-05 20:13:17'),
(4224, 175, 35, 5, '2023-07-05 20:13:17'),
(4225, 176, 35, 5, '2023-07-05 20:13:17'),
(4226, 177, 35, 3.5, '2023-07-05 20:13:17'),
(4227, 178, 35, 4, '2023-07-05 20:13:17'),
(4228, 179, 35, 4.5, '2023-07-05 20:13:17'),
(4229, 180, 35, 5, '2023-07-05 20:13:17'),
(4230, 181, 35, 4, '2023-07-05 20:13:17'),
(4231, 182, 35, 3.5, '2023-07-05 20:13:17'),
(4232, 183, 35, 3.5, '2023-07-05 20:13:17'),
(4233, 184, 35, 3.5, '2023-07-05 20:13:17'),
(4234, 185, 35, 4.5, '2023-07-05 20:13:17'),
(4235, 186, 35, 4.5, '2023-07-05 20:13:17'),
(4236, 187, 35, 3.5, '2023-07-05 20:13:17'),
(4237, 188, 35, 4.5, '2023-07-05 20:13:17'),
(4238, 189, 35, 4, '2023-07-05 20:13:17'),
(4239, 190, 35, 4, '2023-07-05 20:13:17'),
(4240, 191, 35, 4, '2023-07-05 20:13:17'),
(4241, 192, 35, 4.5, '2023-07-05 20:13:17'),
(4242, 193, 35, 3.5, '2023-07-05 20:13:17'),
(4243, 194, 35, 4, '2023-07-05 20:13:17'),
(4244, 195, 35, 3.5, '2023-07-05 20:13:17'),
(4245, 196, 35, 4.5, '2023-07-05 20:13:17'),
(4246, 197, 35, 4.5, '2023-07-05 20:13:17'),
(4247, 198, 35, 4, '2023-07-05 20:13:17'),
(4248, 199, 35, 4.5, '2023-07-05 20:13:17'),
(4249, 200, 35, 4.5, '2023-07-05 20:13:17'),
(4250, 201, 35, 4, '2023-07-05 20:13:17'),
(4251, 202, 35, 4, '2023-07-05 20:13:17'),
(4252, 203, 35, 4, '2023-07-05 20:13:17'),
(4253, 204, 35, 4.5, '2023-07-05 20:13:17'),
(4254, 205, 35, 4, '2023-07-05 20:13:17'),
(4255, 206, 35, 4, '2023-07-05 20:13:17'),
(4256, 207, 35, 4.5, '2023-07-05 20:13:17'),
(4257, 208, 35, 3.5, '2023-07-05 20:13:17'),
(4258, 209, 35, 5, '2023-07-05 20:13:17'),
(4259, 210, 35, 5, '2023-07-05 20:13:17'),
(4260, 211, 35, 5, '2023-07-05 20:13:17'),
(4261, 212, 35, 4, '2023-07-05 20:13:17'),
(4262, 213, 35, 4.5, '2023-07-05 20:13:17'),
(4263, 214, 35, 3.5, '2023-07-05 20:13:17'),
(4264, 215, 35, 5, '2023-07-05 20:13:17'),
(4265, 216, 35, 4.5, '2023-07-05 20:13:17'),
(4266, 217, 35, 3.5, '2023-07-05 20:13:17'),
(4267, 218, 35, 4.5, '2023-07-05 20:13:17'),
(4268, 219, 35, 3.5, '2023-07-05 20:13:17'),
(4269, 220, 35, 4, '2023-07-05 20:13:17'),
(4270, 221, 35, 4, '2023-07-05 20:13:17'),
(4271, 222, 35, 4.5, '2023-07-05 20:13:17'),
(4272, 101, 36, 4.5, '2023-07-05 20:13:17'),
(4273, 102, 36, 4.5, '2023-07-05 20:13:17'),
(4274, 103, 36, 4.5, '2023-07-05 20:13:17'),
(4275, 104, 36, 3.5, '2023-07-05 20:13:17'),
(4276, 105, 36, 4.5, '2023-07-05 20:13:17'),
(4277, 106, 36, 3.5, '2023-07-05 20:13:17'),
(4278, 107, 36, 4, '2023-07-05 20:13:17'),
(4279, 108, 36, 4, '2023-07-05 20:13:17'),
(4280, 109, 36, 3.5, '2023-07-05 20:13:17'),
(4281, 110, 36, 3.5, '2023-07-05 20:13:17'),
(4282, 111, 36, 5, '2023-07-05 20:13:17'),
(4283, 112, 36, 3.5, '2023-07-05 20:13:17'),
(4284, 113, 36, 3.5, '2023-07-05 20:13:17'),
(4285, 114, 36, 5, '2023-07-05 20:13:17'),
(4286, 115, 36, 4.5, '2023-07-05 20:13:17'),
(4287, 116, 36, 4.5, '2023-07-05 20:13:17'),
(4288, 117, 36, 4, '2023-07-05 20:13:17'),
(4289, 118, 36, 4, '2023-07-05 20:13:17'),
(4290, 119, 36, 4.5, '2023-07-05 20:13:17'),
(4291, 120, 36, 3.5, '2023-07-05 20:13:17'),
(4292, 121, 36, 4, '2023-07-05 20:13:17'),
(4293, 122, 36, 5, '2023-07-05 20:13:17'),
(4294, 123, 36, 4.5, '2023-07-05 20:13:17'),
(4295, 124, 36, 4.5, '2023-07-05 20:13:17'),
(4296, 125, 36, 4, '2023-07-05 20:13:17'),
(4297, 126, 36, 5, '2023-07-05 20:13:17'),
(4298, 127, 36, 4, '2023-07-05 20:13:17'),
(4299, 128, 36, 4, '2023-07-05 20:13:17'),
(4300, 129, 36, 4.5, '2023-07-05 20:13:17'),
(4301, 130, 36, 3.5, '2023-07-05 20:13:17'),
(4302, 131, 36, 4.5, '2023-07-05 20:13:17'),
(4303, 132, 36, 4, '2023-07-05 20:13:17'),
(4304, 133, 36, 5, '2023-07-05 20:13:17'),
(4305, 134, 36, 4.5, '2023-07-05 20:13:17'),
(4306, 135, 36, 4.5, '2023-07-05 20:13:17'),
(4307, 136, 36, 4.5, '2023-07-05 20:13:17'),
(4308, 137, 36, 4.5, '2023-07-05 20:13:17'),
(4309, 138, 36, 4.5, '2023-07-05 20:13:17'),
(4310, 139, 36, 4, '2023-07-05 20:13:17'),
(4311, 140, 36, 5, '2023-07-05 20:13:17'),
(4312, 141, 36, 4.5, '2023-07-05 20:13:17'),
(4313, 142, 36, 3.5, '2023-07-05 20:13:17'),
(4314, 143, 36, 5, '2023-07-05 20:13:17'),
(4315, 144, 36, 5, '2023-07-05 20:13:17'),
(4316, 145, 36, 4, '2023-07-05 20:13:18'),
(4317, 146, 36, 4.5, '2023-07-05 20:13:18'),
(4318, 147, 36, 3.5, '2023-07-05 20:13:18'),
(4319, 148, 36, 4.5, '2023-07-05 20:13:18'),
(4320, 149, 36, 3.5, '2023-07-05 20:13:18'),
(4321, 150, 36, 4, '2023-07-05 20:13:18'),
(4322, 151, 36, 4.5, '2023-07-05 20:13:18'),
(4323, 152, 36, 4.5, '2023-07-05 20:13:18'),
(4324, 153, 36, 4.5, '2023-07-05 20:13:18'),
(4325, 154, 36, 4, '2023-07-05 20:13:18'),
(4326, 155, 36, 5, '2023-07-05 20:13:18'),
(4327, 156, 36, 4, '2023-07-05 20:13:18'),
(4328, 157, 36, 5, '2023-07-05 20:13:18'),
(4329, 158, 36, 4.5, '2023-07-05 20:13:18'),
(4330, 159, 36, 3.5, '2023-07-05 20:13:18'),
(4331, 160, 36, 3.5, '2023-07-05 20:13:18'),
(4332, 161, 36, 3.5, '2023-07-05 20:13:18'),
(4333, 162, 36, 5, '2023-07-05 20:13:18'),
(4334, 163, 36, 3.5, '2023-07-05 20:13:18'),
(4335, 164, 36, 5, '2023-07-05 20:13:18'),
(4336, 165, 36, 3.5, '2023-07-05 20:13:18'),
(4337, 166, 36, 5, '2023-07-05 20:13:18'),
(4338, 167, 36, 5, '2023-07-05 20:13:18'),
(4339, 168, 36, 3.5, '2023-07-05 20:13:18'),
(4340, 169, 36, 4.5, '2023-07-05 20:13:18'),
(4341, 170, 36, 5, '2023-07-05 20:13:18'),
(4342, 171, 36, 4.5, '2023-07-05 20:13:18'),
(4343, 172, 36, 5, '2023-07-05 20:13:18'),
(4344, 173, 36, 4.5, '2023-07-05 20:13:18'),
(4345, 174, 36, 5, '2023-07-05 20:13:18'),
(4346, 175, 36, 3.5, '2023-07-05 20:13:18'),
(4347, 176, 36, 5, '2023-07-05 20:13:18'),
(4348, 177, 36, 3.5, '2023-07-05 20:13:18'),
(4349, 178, 36, 5, '2023-07-05 20:13:18'),
(4350, 179, 36, 4, '2023-07-05 20:13:18'),
(4351, 180, 36, 4.5, '2023-07-05 20:13:18'),
(4352, 181, 36, 5, '2023-07-05 20:13:18'),
(4353, 182, 36, 4, '2023-07-05 20:13:18'),
(4354, 183, 36, 3.5, '2023-07-05 20:13:18'),
(4355, 184, 36, 4, '2023-07-05 20:13:18'),
(4356, 185, 36, 5, '2023-07-05 20:13:18'),
(4357, 186, 36, 5, '2023-07-05 20:13:18'),
(4358, 187, 36, 5, '2023-07-05 20:13:18'),
(4359, 188, 36, 4.5, '2023-07-05 20:13:18'),
(4360, 189, 36, 4.5, '2023-07-05 20:13:18'),
(4361, 190, 36, 5, '2023-07-05 20:13:18'),
(4362, 191, 36, 4.5, '2023-07-05 20:13:18'),
(4363, 192, 36, 4, '2023-07-05 20:13:18'),
(4364, 193, 36, 3.5, '2023-07-05 20:13:18'),
(4365, 194, 36, 5, '2023-07-05 20:13:18'),
(4366, 195, 36, 4.5, '2023-07-05 20:13:18'),
(4367, 196, 36, 4, '2023-07-05 20:13:18'),
(4368, 197, 36, 4, '2023-07-05 20:13:18'),
(4369, 198, 36, 4.5, '2023-07-05 20:13:18'),
(4370, 199, 36, 4.5, '2023-07-05 20:13:18'),
(4371, 200, 36, 4, '2023-07-05 20:13:18'),
(4372, 201, 36, 4.5, '2023-07-05 20:13:18'),
(4373, 202, 36, 3.5, '2023-07-05 20:13:18'),
(4374, 203, 36, 5, '2023-07-05 20:13:18'),
(4375, 204, 36, 5, '2023-07-05 20:13:18'),
(4376, 205, 36, 4.5, '2023-07-05 20:13:18'),
(4377, 206, 36, 3.5, '2023-07-05 20:13:18'),
(4378, 207, 36, 4, '2023-07-05 20:13:18'),
(4379, 208, 36, 4, '2023-07-05 20:13:18'),
(4380, 209, 36, 5, '2023-07-05 20:13:18'),
(4381, 210, 36, 4, '2023-07-05 20:13:18'),
(4382, 211, 36, 4.5, '2023-07-05 20:13:18'),
(4383, 212, 36, 4, '2023-07-05 20:13:18'),
(4384, 213, 36, 4.5, '2023-07-05 20:13:18'),
(4385, 214, 36, 4.5, '2023-07-05 20:13:18'),
(4386, 215, 36, 3.5, '2023-07-05 20:13:18'),
(4387, 216, 36, 5, '2023-07-05 20:13:18'),
(4388, 217, 36, 4.5, '2023-07-05 20:13:18'),
(4389, 218, 36, 5, '2023-07-05 20:13:18'),
(4390, 219, 36, 3.5, '2023-07-05 20:13:18'),
(4391, 220, 36, 4.5, '2023-07-05 20:13:18'),
(4392, 221, 36, 4.5, '2023-07-05 20:13:18'),
(4393, 222, 36, 3.5, '2023-07-05 20:13:18'),
(4394, 101, 37, 3.5, '2023-07-05 20:13:18'),
(4395, 102, 37, 5, '2023-07-05 20:13:18'),
(4396, 103, 37, 5, '2023-07-05 20:13:18'),
(4397, 104, 37, 3.5, '2023-07-05 20:13:18'),
(4398, 105, 37, 4.5, '2023-07-05 20:13:18'),
(4399, 106, 37, 3.5, '2023-07-05 20:13:18'),
(4400, 107, 37, 4, '2023-07-05 20:13:18'),
(4401, 108, 37, 5, '2023-07-05 20:13:18'),
(4402, 109, 37, 4, '2023-07-05 20:13:18'),
(4403, 110, 37, 4, '2023-07-05 20:13:18'),
(4404, 111, 37, 5, '2023-07-05 20:13:18'),
(4405, 112, 37, 3.5, '2023-07-05 20:13:18'),
(4406, 113, 37, 3.5, '2023-07-05 20:13:18'),
(4407, 114, 37, 5, '2023-07-05 20:13:18'),
(4408, 115, 37, 4, '2023-07-05 20:13:18'),
(4409, 116, 37, 3.5, '2023-07-05 20:13:18'),
(4410, 117, 37, 4.5, '2023-07-05 20:13:18'),
(4411, 118, 37, 3.5, '2023-07-05 20:13:18'),
(4412, 119, 37, 5, '2023-07-05 20:13:18'),
(4413, 120, 37, 4, '2023-07-05 20:13:18'),
(4414, 121, 37, 4.5, '2023-07-05 20:13:18'),
(4415, 122, 37, 4.5, '2023-07-05 20:13:18'),
(4416, 123, 37, 3.5, '2023-07-05 20:13:18'),
(4417, 124, 37, 4.5, '2023-07-05 20:13:18'),
(4418, 125, 37, 4.5, '2023-07-05 20:13:18'),
(4419, 126, 37, 3.5, '2023-07-05 20:13:18'),
(4420, 127, 37, 4.5, '2023-07-05 20:13:18'),
(4421, 128, 37, 4, '2023-07-05 20:13:18'),
(4422, 129, 37, 3.5, '2023-07-05 20:13:18'),
(4423, 130, 37, 5, '2023-07-05 20:13:18'),
(4424, 131, 37, 4.5, '2023-07-05 20:13:18'),
(4425, 132, 37, 4.5, '2023-07-05 20:13:18'),
(4426, 133, 37, 5, '2023-07-05 20:13:18'),
(4427, 134, 37, 4.5, '2023-07-05 20:13:18'),
(4428, 135, 37, 3.5, '2023-07-05 20:13:18'),
(4429, 136, 37, 4, '2023-07-05 20:13:18'),
(4430, 137, 37, 4, '2023-07-05 20:13:18'),
(4431, 138, 37, 4.5, '2023-07-05 20:13:18'),
(4432, 139, 37, 3.5, '2023-07-05 20:13:18'),
(4433, 140, 37, 4.5, '2023-07-05 20:13:18'),
(4434, 141, 37, 4, '2023-07-05 20:13:18'),
(4435, 142, 37, 3.5, '2023-07-05 20:13:18'),
(4436, 143, 37, 4.5, '2023-07-05 20:13:18'),
(4437, 144, 37, 4, '2023-07-05 20:13:18'),
(4438, 145, 37, 3.5, '2023-07-05 20:13:18'),
(4439, 146, 37, 4.5, '2023-07-05 20:13:18'),
(4440, 147, 37, 4.5, '2023-07-05 20:13:18'),
(4441, 148, 37, 4.5, '2023-07-05 20:13:18'),
(4442, 149, 37, 5, '2023-07-05 20:13:18'),
(4443, 150, 37, 5, '2023-07-05 20:13:18'),
(4444, 151, 37, 4.5, '2023-07-05 20:13:18'),
(4445, 152, 37, 4.5, '2023-07-05 20:13:18'),
(4446, 153, 37, 5, '2023-07-05 20:13:18'),
(4447, 154, 37, 5, '2023-07-05 20:13:19'),
(4448, 155, 37, 5, '2023-07-05 20:13:19'),
(4449, 156, 37, 4.5, '2023-07-05 20:13:19'),
(4450, 157, 37, 4.5, '2023-07-05 20:13:19'),
(4451, 158, 37, 3.5, '2023-07-05 20:13:19'),
(4452, 159, 37, 4.5, '2023-07-05 20:13:19'),
(4453, 160, 37, 5, '2023-07-05 20:13:19'),
(4454, 161, 37, 3.5, '2023-07-05 20:13:19'),
(4455, 162, 37, 4, '2023-07-05 20:13:19'),
(4456, 163, 37, 3.5, '2023-07-05 20:13:19'),
(4457, 164, 37, 4, '2023-07-05 20:13:19'),
(4458, 165, 37, 4, '2023-07-05 20:13:19'),
(4459, 166, 37, 4.5, '2023-07-05 20:13:19'),
(4460, 167, 37, 4.5, '2023-07-05 20:13:19'),
(4461, 168, 37, 5, '2023-07-05 20:13:19'),
(4462, 169, 37, 3.5, '2023-07-05 20:13:19'),
(4463, 170, 37, 4, '2023-07-05 20:13:19'),
(4464, 171, 37, 4, '2023-07-05 20:13:19'),
(4465, 172, 37, 4.5, '2023-07-05 20:13:19'),
(4466, 173, 37, 5, '2023-07-05 20:13:19'),
(4467, 174, 37, 5, '2023-07-05 20:13:19'),
(4468, 175, 37, 3.5, '2023-07-05 20:13:19'),
(4469, 176, 37, 5, '2023-07-05 20:13:19'),
(4470, 177, 37, 5, '2023-07-05 20:13:19'),
(4471, 178, 37, 4.5, '2023-07-05 20:13:19'),
(4472, 179, 37, 5, '2023-07-05 20:13:19'),
(4473, 180, 37, 5, '2023-07-05 20:13:19'),
(4474, 181, 37, 4, '2023-07-05 20:13:19'),
(4475, 182, 37, 4.5, '2023-07-05 20:13:19'),
(4476, 183, 37, 3.5, '2023-07-05 20:13:19'),
(4477, 184, 37, 5, '2023-07-05 20:13:19'),
(4478, 185, 37, 5, '2023-07-05 20:13:19'),
(4479, 186, 37, 5, '2023-07-05 20:13:19'),
(4480, 187, 37, 3.5, '2023-07-05 20:13:19'),
(4481, 188, 37, 3.5, '2023-07-05 20:13:19'),
(4482, 189, 37, 3.5, '2023-07-05 20:13:19'),
(4483, 190, 37, 4.5, '2023-07-05 20:13:19'),
(4484, 191, 37, 4.5, '2023-07-05 20:13:19'),
(4485, 192, 37, 5, '2023-07-05 20:13:19'),
(4486, 193, 37, 5, '2023-07-05 20:13:19'),
(4487, 194, 37, 4.5, '2023-07-05 20:13:19'),
(4488, 195, 37, 3.5, '2023-07-05 20:13:19'),
(4489, 196, 37, 4, '2023-07-05 20:13:19'),
(4490, 197, 37, 3.5, '2023-07-05 20:13:19'),
(4491, 198, 37, 4.5, '2023-07-05 20:13:19'),
(4492, 199, 37, 4.5, '2023-07-05 20:13:19'),
(4493, 200, 37, 3.5, '2023-07-05 20:13:19'),
(4494, 201, 37, 3.5, '2023-07-05 20:13:19'),
(4495, 202, 37, 3.5, '2023-07-05 20:13:19'),
(4496, 203, 37, 3.5, '2023-07-05 20:13:19'),
(4497, 204, 37, 5, '2023-07-05 20:13:19'),
(4498, 205, 37, 4.5, '2023-07-05 20:13:19'),
(4499, 206, 37, 5, '2023-07-05 20:13:19'),
(4500, 207, 37, 4.5, '2023-07-05 20:13:19'),
(4501, 208, 37, 3.5, '2023-07-05 20:13:19'),
(4502, 209, 37, 3.5, '2023-07-05 20:13:19'),
(4503, 210, 37, 3.5, '2023-07-05 20:13:19'),
(4504, 211, 37, 5, '2023-07-05 20:13:19'),
(4505, 212, 37, 4.5, '2023-07-05 20:13:19'),
(4506, 213, 37, 4.5, '2023-07-05 20:13:19'),
(4507, 214, 37, 3.5, '2023-07-05 20:13:19'),
(4508, 215, 37, 4, '2023-07-05 20:13:19'),
(4509, 216, 37, 5, '2023-07-05 20:13:19'),
(4510, 217, 37, 5, '2023-07-05 20:13:19'),
(4511, 218, 37, 3.5, '2023-07-05 20:13:19'),
(4512, 219, 37, 4, '2023-07-05 20:13:19'),
(4513, 220, 37, 4, '2023-07-05 20:13:19'),
(4514, 221, 37, 4, '2023-07-05 20:13:19'),
(4515, 222, 37, 3.5, '2023-07-05 20:13:19'),
(4516, 101, 38, 5, '2023-07-05 20:13:19'),
(4517, 102, 38, 3.5, '2023-07-05 20:13:19'),
(4518, 103, 38, 4, '2023-07-05 20:13:19'),
(4519, 104, 38, 5, '2023-07-05 20:13:19'),
(4520, 105, 38, 4, '2023-07-05 20:13:19'),
(4521, 106, 38, 5, '2023-07-05 20:13:19'),
(4522, 107, 38, 3.5, '2023-07-05 20:13:19'),
(4523, 108, 38, 4.5, '2023-07-05 20:13:19'),
(4524, 109, 38, 3.5, '2023-07-05 20:13:19'),
(4525, 110, 38, 4, '2023-07-05 20:13:19'),
(4526, 111, 38, 3.5, '2023-07-05 20:13:19'),
(4527, 112, 38, 4.5, '2023-07-05 20:13:19'),
(4528, 113, 38, 5, '2023-07-05 20:13:19'),
(4529, 114, 38, 3.5, '2023-07-05 20:13:19'),
(4530, 115, 38, 3.5, '2023-07-05 20:13:19'),
(4531, 116, 38, 3.5, '2023-07-05 20:13:19'),
(4532, 117, 38, 5, '2023-07-05 20:13:19'),
(4533, 118, 38, 4.5, '2023-07-05 20:13:19'),
(4534, 119, 38, 4, '2023-07-05 20:13:19'),
(4535, 120, 38, 3.5, '2023-07-05 20:13:19'),
(4536, 121, 38, 4.5, '2023-07-05 20:13:19'),
(4537, 122, 38, 5, '2023-07-05 20:13:19'),
(4538, 123, 38, 3.5, '2023-07-05 20:13:19'),
(4539, 124, 38, 4.5, '2023-07-05 20:13:19'),
(4540, 125, 38, 4, '2023-07-05 20:13:19'),
(4541, 126, 38, 4.5, '2023-07-05 20:13:19'),
(4542, 127, 38, 4.5, '2023-07-05 20:13:19'),
(4543, 128, 38, 5, '2023-07-05 20:13:19'),
(4544, 129, 38, 4, '2023-07-05 20:13:19'),
(4545, 130, 38, 4, '2023-07-05 20:13:19'),
(4546, 131, 38, 4, '2023-07-05 20:13:19'),
(4547, 132, 38, 4, '2023-07-05 20:13:19'),
(4548, 133, 38, 5, '2023-07-05 20:13:19'),
(4549, 134, 38, 3.5, '2023-07-05 20:13:19'),
(4550, 135, 38, 3.5, '2023-07-05 20:13:19'),
(4551, 136, 38, 4, '2023-07-05 20:13:19'),
(4552, 137, 38, 4.5, '2023-07-05 20:13:19'),
(4553, 138, 38, 3.5, '2023-07-05 20:13:19'),
(4554, 139, 38, 5, '2023-07-05 20:13:19'),
(4555, 140, 38, 3.5, '2023-07-05 20:13:19'),
(4556, 141, 38, 4, '2023-07-05 20:13:19'),
(4557, 142, 38, 5, '2023-07-05 20:13:19'),
(4558, 143, 38, 4, '2023-07-05 20:13:19'),
(4559, 144, 38, 5, '2023-07-05 20:13:19'),
(4560, 145, 38, 5, '2023-07-05 20:13:19'),
(4561, 146, 38, 5, '2023-07-05 20:13:19'),
(4562, 147, 38, 3.5, '2023-07-05 20:13:19'),
(4563, 148, 38, 3.5, '2023-07-05 20:13:19'),
(4564, 149, 38, 5, '2023-07-05 20:13:19'),
(4565, 150, 38, 3.5, '2023-07-05 20:13:19'),
(4566, 151, 38, 3.5, '2023-07-05 20:13:19'),
(4567, 152, 38, 4.5, '2023-07-05 20:13:19'),
(4568, 153, 38, 5, '2023-07-05 20:13:19'),
(4569, 154, 38, 4.5, '2023-07-05 20:13:19'),
(4570, 155, 38, 4, '2023-07-05 20:13:20'),
(4571, 156, 38, 4.5, '2023-07-05 20:13:20'),
(4572, 157, 38, 4, '2023-07-05 20:13:20'),
(4573, 158, 38, 5, '2023-07-05 20:13:20'),
(4574, 159, 38, 4, '2023-07-05 20:13:20'),
(4575, 160, 38, 5, '2023-07-05 20:13:20'),
(4576, 161, 38, 4.5, '2023-07-05 20:13:20'),
(4577, 162, 38, 5, '2023-07-05 20:13:20'),
(4578, 163, 38, 4, '2023-07-05 20:13:20'),
(4579, 164, 38, 5, '2023-07-05 20:13:20'),
(4580, 165, 38, 3.5, '2023-07-05 20:13:20'),
(4581, 166, 38, 4, '2023-07-05 20:13:20'),
(4582, 167, 38, 3.5, '2023-07-05 20:13:20'),
(4583, 168, 38, 5, '2023-07-05 20:13:20'),
(4584, 169, 38, 5, '2023-07-05 20:13:20'),
(4585, 170, 38, 5, '2023-07-05 20:13:20'),
(4586, 171, 38, 4.5, '2023-07-05 20:13:20'),
(4587, 172, 38, 3.5, '2023-07-05 20:13:20'),
(4588, 173, 38, 4.5, '2023-07-05 20:13:20'),
(4589, 174, 38, 4.5, '2023-07-05 20:13:20'),
(4590, 175, 38, 4, '2023-07-05 20:13:20'),
(4591, 176, 38, 4, '2023-07-05 20:13:20'),
(4592, 177, 38, 5, '2023-07-05 20:13:20'),
(4593, 178, 38, 5, '2023-07-05 20:13:20'),
(4594, 179, 38, 5, '2023-07-05 20:13:20'),
(4595, 180, 38, 5, '2023-07-05 20:13:20'),
(4596, 181, 38, 4, '2023-07-05 20:13:20'),
(4597, 182, 38, 4, '2023-07-05 20:13:20'),
(4598, 183, 38, 5, '2023-07-05 20:13:20'),
(4599, 184, 38, 4, '2023-07-05 20:13:20'),
(4600, 185, 38, 3.5, '2023-07-05 20:13:20'),
(4601, 186, 38, 3.5, '2023-07-05 20:13:20'),
(4602, 187, 38, 4.5, '2023-07-05 20:13:20'),
(4603, 188, 38, 5, '2023-07-05 20:13:20'),
(4604, 189, 38, 4, '2023-07-05 20:13:20'),
(4605, 190, 38, 4, '2023-07-05 20:13:20'),
(4606, 191, 38, 5, '2023-07-05 20:13:20'),
(4607, 192, 38, 5, '2023-07-05 20:13:20'),
(4608, 193, 38, 4.5, '2023-07-05 20:13:20'),
(4609, 194, 38, 4.5, '2023-07-05 20:13:20'),
(4610, 195, 38, 4, '2023-07-05 20:13:20'),
(4611, 196, 38, 4, '2023-07-05 20:13:20'),
(4612, 197, 38, 4.5, '2023-07-05 20:13:20'),
(4613, 198, 38, 4.5, '2023-07-05 20:13:20'),
(4614, 199, 38, 3.5, '2023-07-05 20:13:20'),
(4615, 200, 38, 5, '2023-07-05 20:13:20'),
(4616, 201, 38, 4.5, '2023-07-05 20:13:20'),
(4617, 202, 38, 3.5, '2023-07-05 20:13:20'),
(4618, 203, 38, 4.5, '2023-07-05 20:13:20'),
(4619, 204, 38, 3.5, '2023-07-05 20:13:20'),
(4620, 205, 38, 4.5, '2023-07-05 20:13:20'),
(4621, 206, 38, 3.5, '2023-07-05 20:13:20'),
(4622, 207, 38, 4.5, '2023-07-05 20:13:20'),
(4623, 208, 38, 4.5, '2023-07-05 20:13:20'),
(4624, 209, 38, 3.5, '2023-07-05 20:13:20'),
(4625, 210, 38, 3.5, '2023-07-05 20:13:20'),
(4626, 211, 38, 3.5, '2023-07-05 20:13:20'),
(4627, 212, 38, 4, '2023-07-05 20:13:20'),
(4628, 213, 38, 3.5, '2023-07-05 20:13:20'),
(4629, 214, 38, 4, '2023-07-05 20:13:20'),
(4630, 215, 38, 3.5, '2023-07-05 20:13:20'),
(4631, 216, 38, 4.5, '2023-07-05 20:13:20'),
(4632, 217, 38, 4, '2023-07-05 20:13:20'),
(4633, 218, 38, 4.5, '2023-07-05 20:13:20'),
(4634, 219, 38, 4, '2023-07-05 20:13:20'),
(4635, 220, 38, 4.5, '2023-07-05 20:13:20'),
(4636, 221, 38, 4.5, '2023-07-05 20:13:20'),
(4637, 222, 38, 4.5, '2023-07-05 20:13:20'),
(4638, 101, 39, 4.5, '2023-07-05 20:13:20'),
(4639, 102, 39, 4.5, '2023-07-05 20:13:20'),
(4640, 103, 39, 5, '2023-07-05 20:13:20'),
(4641, 104, 39, 4, '2023-07-05 20:13:20'),
(4642, 105, 39, 3.5, '2023-07-05 20:13:20'),
(4643, 106, 39, 4, '2023-07-05 20:13:20'),
(4644, 107, 39, 4.5, '2023-07-05 20:13:20'),
(4645, 108, 39, 4.5, '2023-07-05 20:13:20'),
(4646, 109, 39, 4, '2023-07-05 20:13:20'),
(4647, 110, 39, 4, '2023-07-05 20:13:20'),
(4648, 111, 39, 5, '2023-07-05 20:13:20'),
(4649, 112, 39, 4, '2023-07-05 20:13:20'),
(4650, 113, 39, 3.5, '2023-07-05 20:13:20'),
(4651, 114, 39, 5, '2023-07-05 20:13:20'),
(4652, 115, 39, 3.5, '2023-07-05 20:13:20'),
(4653, 116, 39, 5, '2023-07-05 20:13:20'),
(4654, 117, 39, 4, '2023-07-05 20:13:20'),
(4655, 118, 39, 5, '2023-07-05 20:13:20'),
(4656, 119, 39, 4.5, '2023-07-05 20:13:20'),
(4657, 120, 39, 5, '2023-07-05 20:13:20'),
(4658, 121, 39, 3.5, '2023-07-05 20:13:20'),
(4659, 122, 39, 4.5, '2023-07-05 20:13:20'),
(4660, 123, 39, 4, '2023-07-05 20:13:20'),
(4661, 124, 39, 3.5, '2023-07-05 20:13:20'),
(4662, 125, 39, 4.5, '2023-07-05 20:13:20'),
(4663, 126, 39, 5, '2023-07-05 20:13:20'),
(4664, 127, 39, 3.5, '2023-07-05 20:13:20'),
(4665, 128, 39, 4, '2023-07-05 20:13:20'),
(4666, 129, 39, 3.5, '2023-07-05 20:13:20'),
(4667, 130, 39, 4.5, '2023-07-05 20:13:20'),
(4668, 131, 39, 5, '2023-07-05 20:13:20'),
(4669, 132, 39, 4, '2023-07-05 20:13:20'),
(4670, 133, 39, 4, '2023-07-05 20:13:20'),
(4671, 134, 39, 4, '2023-07-05 20:13:20'),
(4672, 135, 39, 4.5, '2023-07-05 20:13:20'),
(4673, 136, 39, 4.5, '2023-07-05 20:13:20'),
(4674, 137, 39, 5, '2023-07-05 20:13:20'),
(4675, 138, 39, 3.5, '2023-07-05 20:13:20'),
(4676, 139, 39, 3.5, '2023-07-05 20:13:20'),
(4677, 140, 39, 4.5, '2023-07-05 20:13:20'),
(4678, 141, 39, 4, '2023-07-05 20:13:20'),
(4679, 142, 39, 3.5, '2023-07-05 20:13:20'),
(4680, 143, 39, 3.5, '2023-07-05 20:13:20'),
(4681, 144, 39, 3.5, '2023-07-05 20:13:20'),
(4682, 145, 39, 3.5, '2023-07-05 20:13:20'),
(4683, 146, 39, 4.5, '2023-07-05 20:13:20'),
(4684, 147, 39, 4.5, '2023-07-05 20:13:20'),
(4685, 148, 39, 3.5, '2023-07-05 20:13:20'),
(4686, 149, 39, 4, '2023-07-05 20:13:20'),
(4687, 150, 39, 4, '2023-07-05 20:13:20'),
(4688, 151, 39, 4, '2023-07-05 20:13:20'),
(4689, 152, 39, 4, '2023-07-05 20:13:20'),
(4690, 153, 39, 4, '2023-07-05 20:13:20'),
(4691, 154, 39, 3.5, '2023-07-05 20:13:20'),
(4692, 155, 39, 4.5, '2023-07-05 20:13:20'),
(4693, 156, 39, 4.5, '2023-07-05 20:13:21'),
(4694, 157, 39, 4, '2023-07-05 20:13:21'),
(4695, 158, 39, 5, '2023-07-05 20:13:21'),
(4696, 159, 39, 3.5, '2023-07-05 20:13:21'),
(4697, 160, 39, 3.5, '2023-07-05 20:13:21'),
(4698, 161, 39, 3.5, '2023-07-05 20:13:21'),
(4699, 162, 39, 5, '2023-07-05 20:13:21'),
(4700, 163, 39, 4.5, '2023-07-05 20:13:21'),
(4701, 164, 39, 5, '2023-07-05 20:13:21'),
(4702, 165, 39, 5, '2023-07-05 20:13:21'),
(4703, 166, 39, 5, '2023-07-05 20:13:21'),
(4704, 167, 39, 3.5, '2023-07-05 20:13:21'),
(4705, 168, 39, 3.5, '2023-07-05 20:13:21'),
(4706, 169, 39, 4, '2023-07-05 20:13:21'),
(4707, 170, 39, 3.5, '2023-07-05 20:13:21'),
(4708, 171, 39, 3.5, '2023-07-05 20:13:21'),
(4709, 172, 39, 5, '2023-07-05 20:13:21'),
(4710, 173, 39, 4, '2023-07-05 20:13:21'),
(4711, 174, 39, 4.5, '2023-07-05 20:13:21'),
(4712, 175, 39, 3.5, '2023-07-05 20:13:21'),
(4713, 176, 39, 3.5, '2023-07-05 20:13:21'),
(4714, 177, 39, 5, '2023-07-05 20:13:21'),
(4715, 178, 39, 4, '2023-07-05 20:13:21'),
(4716, 179, 39, 4, '2023-07-05 20:13:21'),
(4717, 180, 39, 4.5, '2023-07-05 20:13:21'),
(4718, 181, 39, 5, '2023-07-05 20:13:21'),
(4719, 182, 39, 4, '2023-07-05 20:13:21'),
(4720, 183, 39, 3.5, '2023-07-05 20:13:21'),
(4721, 184, 39, 3.5, '2023-07-05 20:13:21'),
(4722, 185, 39, 3.5, '2023-07-05 20:13:21'),
(4723, 186, 39, 3.5, '2023-07-05 20:13:21'),
(4724, 187, 39, 4, '2023-07-05 20:13:21'),
(4725, 188, 39, 3.5, '2023-07-05 20:13:21'),
(4726, 189, 39, 5, '2023-07-05 20:13:21'),
(4727, 190, 39, 5, '2023-07-05 20:13:21'),
(4728, 191, 39, 4.5, '2023-07-05 20:13:21'),
(4729, 192, 39, 5, '2023-07-05 20:13:21'),
(4730, 193, 39, 4.5, '2023-07-05 20:13:21'),
(4731, 194, 39, 4.5, '2023-07-05 20:13:21'),
(4732, 195, 39, 5, '2023-07-05 20:13:21'),
(4733, 196, 39, 4.5, '2023-07-05 20:13:21'),
(4734, 197, 39, 3.5, '2023-07-05 20:13:21'),
(4735, 198, 39, 3.5, '2023-07-05 20:13:21'),
(4736, 199, 39, 5, '2023-07-05 20:13:21'),
(4737, 200, 39, 4, '2023-07-05 20:13:21'),
(4738, 201, 39, 4.5, '2023-07-05 20:13:21'),
(4739, 202, 39, 4, '2023-07-05 20:13:21'),
(4740, 203, 39, 5, '2023-07-05 20:13:21'),
(4741, 204, 39, 5, '2023-07-05 20:13:21'),
(4742, 205, 39, 3.5, '2023-07-05 20:13:21'),
(4743, 206, 39, 4.5, '2023-07-05 20:13:21'),
(4744, 207, 39, 3.5, '2023-07-05 20:13:21'),
(4745, 208, 39, 4.5, '2023-07-05 20:13:21'),
(4746, 209, 39, 5, '2023-07-05 20:13:21'),
(4747, 210, 39, 3.5, '2023-07-05 20:13:21'),
(4748, 211, 39, 3.5, '2023-07-05 20:13:21'),
(4749, 212, 39, 4, '2023-07-05 20:13:21'),
(4750, 213, 39, 4.5, '2023-07-05 20:13:21'),
(4751, 214, 39, 4.5, '2023-07-05 20:13:21'),
(4752, 215, 39, 5, '2023-07-05 20:13:21'),
(4753, 216, 39, 5, '2023-07-05 20:13:21'),
(4754, 217, 39, 3.5, '2023-07-05 20:13:21'),
(4755, 218, 39, 4, '2023-07-05 20:13:21'),
(4756, 219, 39, 4.5, '2023-07-05 20:13:21'),
(4757, 220, 39, 4.5, '2023-07-05 20:13:21'),
(4758, 221, 39, 4.5, '2023-07-05 20:13:21'),
(4759, 222, 39, 3.5, '2023-07-05 20:13:21'),
(4760, 101, 40, 5, '2023-07-05 20:13:21'),
(4761, 102, 40, 5, '2023-07-05 20:13:21'),
(4762, 103, 40, 4.5, '2023-07-05 20:13:21'),
(4763, 104, 40, 5, '2023-07-05 20:13:21'),
(4764, 105, 40, 5, '2023-07-05 20:13:21'),
(4765, 106, 40, 3.5, '2023-07-05 20:13:21'),
(4766, 107, 40, 3.5, '2023-07-05 20:13:21'),
(4767, 108, 40, 5, '2023-07-05 20:13:21'),
(4768, 109, 40, 5, '2023-07-05 20:13:21'),
(4769, 110, 40, 3.5, '2023-07-05 20:13:21'),
(4770, 111, 40, 4.5, '2023-07-05 20:13:21'),
(4771, 112, 40, 5, '2023-07-05 20:13:21'),
(4772, 113, 40, 4, '2023-07-05 20:13:21'),
(4773, 114, 40, 3.5, '2023-07-05 20:13:21'),
(4774, 115, 40, 5, '2023-07-05 20:13:21'),
(4775, 116, 40, 4.5, '2023-07-05 20:13:21'),
(4776, 117, 40, 5, '2023-07-05 20:13:21'),
(4777, 118, 40, 4, '2023-07-05 20:13:21'),
(4778, 119, 40, 3.5, '2023-07-05 20:13:21'),
(4779, 120, 40, 4, '2023-07-05 20:13:21'),
(4780, 121, 40, 5, '2023-07-05 20:13:21'),
(4781, 122, 40, 3.5, '2023-07-05 20:13:21'),
(4782, 123, 40, 5, '2023-07-05 20:13:21'),
(4783, 124, 40, 5, '2023-07-05 20:13:21'),
(4784, 125, 40, 4.5, '2023-07-05 20:13:21'),
(4785, 126, 40, 4, '2023-07-05 20:13:22'),
(4786, 127, 40, 4.5, '2023-07-05 20:13:22'),
(4787, 128, 40, 3.5, '2023-07-05 20:13:22'),
(4788, 129, 40, 4.5, '2023-07-05 20:13:22'),
(4789, 130, 40, 4, '2023-07-05 20:13:22'),
(4790, 131, 40, 3.5, '2023-07-05 20:13:22'),
(4791, 132, 40, 3.5, '2023-07-05 20:13:22'),
(4792, 133, 40, 3.5, '2023-07-05 20:13:22'),
(4793, 134, 40, 5, '2023-07-05 20:13:22'),
(4794, 135, 40, 5, '2023-07-05 20:13:22'),
(4795, 136, 40, 4.5, '2023-07-05 20:13:22'),
(4796, 137, 40, 4, '2023-07-05 20:13:22'),
(4797, 138, 40, 5, '2023-07-05 20:13:22'),
(4798, 139, 40, 4.5, '2023-07-05 20:13:22'),
(4799, 140, 40, 3.5, '2023-07-05 20:13:22'),
(4800, 141, 40, 4.5, '2023-07-05 20:13:22'),
(4801, 142, 40, 3.5, '2023-07-05 20:13:22'),
(4802, 143, 40, 4.5, '2023-07-05 20:13:22'),
(4803, 144, 40, 3.5, '2023-07-05 20:13:22'),
(4804, 145, 40, 4, '2023-07-05 20:13:22');
INSERT INTO `rates` (`id_rate`, `id_product`, `id_user`, `point`, `updated_at`) VALUES
(4805, 146, 40, 5, '2023-07-05 20:13:22'),
(4806, 147, 40, 5, '2023-07-05 20:13:22'),
(4807, 148, 40, 4.5, '2023-07-05 20:13:22'),
(4808, 149, 40, 3.5, '2023-07-05 20:13:22'),
(4809, 150, 40, 4.5, '2023-07-05 20:13:22'),
(4810, 151, 40, 5, '2023-07-05 20:13:22'),
(4811, 152, 40, 3.5, '2023-07-05 20:13:22'),
(4812, 153, 40, 3.5, '2023-07-05 20:13:22'),
(4813, 154, 40, 4.5, '2023-07-05 20:13:22'),
(4814, 155, 40, 4.5, '2023-07-05 20:13:22'),
(4815, 156, 40, 3.5, '2023-07-05 20:13:22'),
(4816, 157, 40, 5, '2023-07-05 20:13:22'),
(4817, 158, 40, 5, '2023-07-05 20:13:22'),
(4818, 159, 40, 4, '2023-07-05 20:13:22'),
(4819, 160, 40, 4.5, '2023-07-05 20:13:22'),
(4820, 161, 40, 3.5, '2023-07-05 20:13:22'),
(4821, 162, 40, 4, '2023-07-05 20:13:22'),
(4822, 163, 40, 4, '2023-07-05 20:13:22'),
(4823, 164, 40, 3.5, '2023-07-05 20:13:22'),
(4824, 165, 40, 3.5, '2023-07-05 20:13:22'),
(4825, 166, 40, 5, '2023-07-05 20:13:22'),
(4826, 167, 40, 4, '2023-07-05 20:13:22'),
(4827, 168, 40, 3.5, '2023-07-05 20:13:22'),
(4828, 169, 40, 4, '2023-07-05 20:13:22'),
(4829, 170, 40, 5, '2023-07-05 20:13:22'),
(4830, 171, 40, 4, '2023-07-05 20:13:22'),
(4831, 172, 40, 4.5, '2023-07-05 20:13:22'),
(4832, 173, 40, 5, '2023-07-05 20:13:22'),
(4833, 174, 40, 3.5, '2023-07-05 20:13:22'),
(4834, 175, 40, 4.5, '2023-07-05 20:13:22'),
(4835, 176, 40, 5, '2023-07-05 20:13:22'),
(4836, 177, 40, 5, '2023-07-05 20:13:22'),
(4837, 178, 40, 4.5, '2023-07-05 20:13:22'),
(4838, 179, 40, 4.5, '2023-07-05 20:13:22'),
(4839, 180, 40, 3.5, '2023-07-05 20:13:22'),
(4840, 181, 40, 4, '2023-07-05 20:13:22'),
(4841, 182, 40, 4, '2023-07-05 20:13:22'),
(4842, 183, 40, 4.5, '2023-07-05 20:13:22'),
(4843, 184, 40, 4.5, '2023-07-05 20:13:22'),
(4844, 185, 40, 4, '2023-07-05 20:13:22'),
(4845, 186, 40, 4.5, '2023-07-05 20:13:22'),
(4846, 187, 40, 5, '2023-07-05 20:13:22'),
(4847, 188, 40, 4, '2023-07-05 20:13:22'),
(4848, 189, 40, 5, '2023-07-05 20:13:22'),
(4849, 190, 40, 3.5, '2023-07-05 20:13:22'),
(4850, 191, 40, 5, '2023-07-05 20:13:22'),
(4851, 192, 40, 5, '2023-07-05 20:13:22'),
(4852, 193, 40, 4.5, '2023-07-05 20:13:22'),
(4853, 194, 40, 4, '2023-07-05 20:13:22'),
(4854, 195, 40, 4.5, '2023-07-05 20:13:22'),
(4855, 196, 40, 5, '2023-07-05 20:13:22'),
(4856, 197, 40, 4, '2023-07-05 20:13:22'),
(4857, 198, 40, 3.5, '2023-07-05 20:13:22'),
(4858, 199, 40, 5, '2023-07-05 20:13:22'),
(4859, 200, 40, 5, '2023-07-05 20:13:22'),
(4860, 201, 40, 4, '2023-07-05 20:13:22'),
(4861, 202, 40, 3.5, '2023-07-05 20:13:22'),
(4862, 203, 40, 4, '2023-07-05 20:13:22'),
(4863, 204, 40, 4, '2023-07-05 20:13:22'),
(4864, 205, 40, 3.5, '2023-07-05 20:13:22'),
(4865, 206, 40, 3.5, '2023-07-05 20:13:22'),
(4866, 207, 40, 3.5, '2023-07-05 20:13:22'),
(4867, 208, 40, 4, '2023-07-05 20:13:22'),
(4868, 209, 40, 5, '2023-07-05 20:13:22'),
(4869, 210, 40, 5, '2023-07-05 20:13:22'),
(4870, 211, 40, 3.5, '2023-07-05 20:13:22'),
(4871, 212, 40, 3.5, '2023-07-05 20:13:22'),
(4872, 213, 40, 4.5, '2023-07-05 20:13:22'),
(4873, 214, 40, 4.5, '2023-07-05 20:13:22'),
(4874, 215, 40, 3.5, '2023-07-05 20:13:22'),
(4875, 216, 40, 5, '2023-07-05 20:13:22'),
(4876, 217, 40, 5, '2023-07-05 20:13:22'),
(4877, 218, 40, 4.5, '2023-07-05 20:13:22'),
(4878, 219, 40, 4, '2023-07-05 20:13:22'),
(4879, 220, 40, 3.5, '2023-07-05 20:13:22'),
(4880, 221, 40, 3.5, '2023-07-05 20:13:22'),
(4881, 222, 40, 3.5, '2023-07-05 20:13:22'),
(4882, 101, 41, 4.5, '2023-07-05 20:13:22'),
(4883, 102, 41, 5, '2023-07-05 20:13:22'),
(4884, 103, 41, 3.5, '2023-07-05 20:13:22'),
(4885, 104, 41, 4, '2023-07-05 20:13:22'),
(4886, 105, 41, 3.5, '2023-07-05 20:13:22'),
(4887, 106, 41, 3.5, '2023-07-05 20:13:22'),
(4888, 107, 41, 3.5, '2023-07-05 20:13:22'),
(4889, 108, 41, 4, '2023-07-05 20:13:22'),
(4890, 109, 41, 3.5, '2023-07-05 20:13:22'),
(4891, 110, 41, 3.5, '2023-07-05 20:13:22'),
(4892, 111, 41, 3.5, '2023-07-05 20:13:23'),
(4893, 112, 41, 4.5, '2023-07-05 20:13:23'),
(4894, 113, 41, 4.5, '2023-07-05 20:13:23'),
(4895, 114, 41, 3.5, '2023-07-05 20:13:23'),
(4896, 115, 41, 4, '2023-07-05 20:13:23'),
(4897, 116, 41, 4.5, '2023-07-05 20:13:23'),
(4898, 117, 41, 4.5, '2023-07-05 20:13:23'),
(4899, 118, 41, 4.5, '2023-07-05 20:13:23'),
(4900, 119, 41, 3.5, '2023-07-05 20:13:23'),
(4901, 120, 41, 4, '2023-07-05 20:13:23'),
(4902, 121, 41, 4.5, '2023-07-05 20:13:23'),
(4903, 122, 41, 4.5, '2023-07-05 20:13:23'),
(4904, 123, 41, 4, '2023-07-05 20:13:23'),
(4905, 124, 41, 4, '2023-07-05 20:13:23'),
(4906, 125, 41, 5, '2023-07-05 20:13:23'),
(4907, 126, 41, 3.5, '2023-07-05 20:13:23'),
(4908, 127, 41, 3.5, '2023-07-05 20:13:23'),
(4909, 128, 41, 5, '2023-07-05 20:13:23'),
(4910, 129, 41, 4, '2023-07-05 20:13:23'),
(4911, 130, 41, 5, '2023-07-05 20:13:23'),
(4912, 131, 41, 5, '2023-07-05 20:13:23'),
(4913, 132, 41, 4, '2023-07-05 20:13:23'),
(4914, 133, 41, 5, '2023-07-05 20:13:23'),
(4915, 134, 41, 5, '2023-07-05 20:13:23'),
(4916, 135, 41, 5, '2023-07-05 20:13:23'),
(4917, 136, 41, 4, '2023-07-05 20:13:23'),
(4918, 137, 41, 5, '2023-07-05 20:13:23'),
(4919, 138, 41, 3.5, '2023-07-05 20:13:23'),
(4920, 139, 41, 5, '2023-07-05 20:13:23'),
(4921, 140, 41, 5, '2023-07-05 20:13:23'),
(4922, 141, 41, 5, '2023-07-05 20:13:23'),
(4923, 142, 41, 4.5, '2023-07-05 20:13:23'),
(4924, 143, 41, 5, '2023-07-05 20:13:23'),
(4925, 144, 41, 3.5, '2023-07-05 20:13:23'),
(4926, 145, 41, 4, '2023-07-05 20:13:23'),
(4927, 146, 41, 4.5, '2023-07-05 20:13:23'),
(4928, 147, 41, 4, '2023-07-05 20:13:23'),
(4929, 148, 41, 4.5, '2023-07-05 20:13:23'),
(4930, 149, 41, 3.5, '2023-07-05 20:13:23'),
(4931, 150, 41, 3.5, '2023-07-05 20:13:23'),
(4932, 151, 41, 5, '2023-07-05 20:13:23'),
(4933, 152, 41, 5, '2023-07-05 20:13:23'),
(4934, 153, 41, 3.5, '2023-07-05 20:13:23'),
(4935, 154, 41, 4, '2023-07-05 20:13:23'),
(4936, 155, 41, 4.5, '2023-07-05 20:13:23'),
(4937, 156, 41, 3.5, '2023-07-05 20:13:23'),
(4938, 157, 41, 4.5, '2023-07-05 20:13:23'),
(4939, 158, 41, 3.5, '2023-07-05 20:13:23'),
(4940, 159, 41, 3.5, '2023-07-05 20:13:23'),
(4941, 160, 41, 4.5, '2023-07-05 20:13:23'),
(4942, 161, 41, 4.5, '2023-07-05 20:13:23'),
(4943, 162, 41, 4, '2023-07-05 20:13:23'),
(4944, 163, 41, 5, '2023-07-05 20:13:23'),
(4945, 164, 41, 4, '2023-07-05 20:13:23'),
(4946, 165, 41, 4.5, '2023-07-05 20:13:23'),
(4947, 166, 41, 5, '2023-07-05 20:13:23'),
(4948, 167, 41, 5, '2023-07-05 20:13:23'),
(4949, 168, 41, 4.5, '2023-07-05 20:13:23'),
(4950, 169, 41, 4, '2023-07-05 20:13:23'),
(4951, 170, 41, 5, '2023-07-05 20:13:23'),
(4952, 171, 41, 4.5, '2023-07-05 20:13:23'),
(4953, 172, 41, 4, '2023-07-05 20:13:23'),
(4954, 173, 41, 4.5, '2023-07-05 20:13:23'),
(4955, 174, 41, 3.5, '2023-07-05 20:13:23'),
(4956, 175, 41, 4.5, '2023-07-05 20:13:23'),
(4957, 176, 41, 3.5, '2023-07-05 20:13:23'),
(4958, 177, 41, 5, '2023-07-05 20:13:23'),
(4959, 178, 41, 4.5, '2023-07-05 20:13:23'),
(4960, 179, 41, 3.5, '2023-07-05 20:13:23'),
(4961, 180, 41, 3.5, '2023-07-05 20:13:23'),
(4962, 181, 41, 3.5, '2023-07-05 20:13:23'),
(4963, 182, 41, 4.5, '2023-07-05 20:13:23'),
(4964, 183, 41, 4.5, '2023-07-05 20:13:23'),
(4965, 184, 41, 4.5, '2023-07-05 20:13:23'),
(4966, 185, 41, 4, '2023-07-05 20:13:23'),
(4967, 186, 41, 4, '2023-07-05 20:13:23'),
(4968, 187, 41, 4, '2023-07-05 20:13:23'),
(4969, 188, 41, 3.5, '2023-07-05 20:13:23'),
(4970, 189, 41, 3.5, '2023-07-05 20:13:23'),
(4971, 190, 41, 5, '2023-07-05 20:13:23'),
(4972, 191, 41, 3.5, '2023-07-05 20:13:23'),
(4973, 192, 41, 4, '2023-07-05 20:13:23'),
(4974, 193, 41, 4, '2023-07-05 20:13:23'),
(4975, 194, 41, 4.5, '2023-07-05 20:13:23'),
(4976, 195, 41, 5, '2023-07-05 20:13:23'),
(4977, 196, 41, 5, '2023-07-05 20:13:23'),
(4978, 197, 41, 3.5, '2023-07-05 20:13:23'),
(4979, 198, 41, 3.5, '2023-07-05 20:13:23'),
(4980, 199, 41, 3.5, '2023-07-05 20:13:23'),
(4981, 200, 41, 4, '2023-07-05 20:13:23'),
(4982, 201, 41, 5, '2023-07-05 20:13:23'),
(4983, 202, 41, 3.5, '2023-07-05 20:13:23'),
(4984, 203, 41, 4.5, '2023-07-05 20:13:23'),
(4985, 204, 41, 3.5, '2023-07-05 20:13:23'),
(4986, 205, 41, 3.5, '2023-07-05 20:13:23'),
(4987, 206, 41, 4.5, '2023-07-05 20:13:23'),
(4988, 207, 41, 3.5, '2023-07-05 20:13:23'),
(4989, 208, 41, 5, '2023-07-05 20:13:23'),
(4990, 209, 41, 3.5, '2023-07-05 20:13:23'),
(4991, 210, 41, 3.5, '2023-07-05 20:13:23'),
(4992, 211, 41, 4.5, '2023-07-05 20:13:23'),
(4993, 212, 41, 4, '2023-07-05 20:13:23'),
(4994, 213, 41, 5, '2023-07-05 20:13:23'),
(4995, 214, 41, 3.5, '2023-07-05 20:13:23'),
(4996, 215, 41, 5, '2023-07-05 20:13:23'),
(4997, 216, 41, 4.5, '2023-07-05 20:13:23'),
(4998, 217, 41, 5, '2023-07-05 20:13:23'),
(4999, 218, 41, 5, '2023-07-05 20:13:23'),
(5000, 219, 41, 3.5, '2023-07-05 20:13:23'),
(5001, 220, 41, 3.5, '2023-07-05 20:13:23'),
(5002, 221, 41, 4, '2023-07-05 20:13:23'),
(5003, 222, 41, 4, '2023-07-05 20:13:23'),
(5004, 101, 42, 4.5, '2023-07-05 20:13:23'),
(5005, 102, 42, 3.5, '2023-07-05 20:13:23'),
(5006, 103, 42, 4, '2023-07-05 20:13:23'),
(5007, 104, 42, 5, '2023-07-05 20:13:23'),
(5008, 105, 42, 5, '2023-07-05 20:13:23'),
(5009, 106, 42, 4, '2023-07-05 20:13:24'),
(5010, 107, 42, 4, '2023-07-05 20:13:24'),
(5011, 108, 42, 4, '2023-07-05 20:13:24'),
(5012, 109, 42, 3.5, '2023-07-05 20:13:24'),
(5013, 110, 42, 5, '2023-07-05 20:13:24'),
(5014, 111, 42, 3.5, '2023-07-05 20:13:24'),
(5015, 112, 42, 4, '2023-07-05 20:13:24'),
(5016, 113, 42, 4.5, '2023-07-05 20:13:24'),
(5017, 114, 42, 4.5, '2023-07-05 20:13:24'),
(5018, 115, 42, 5, '2023-07-05 20:13:24'),
(5019, 116, 42, 4, '2023-07-05 20:13:24'),
(5020, 117, 42, 4, '2023-07-05 20:13:24'),
(5021, 118, 42, 3.5, '2023-07-05 20:13:24'),
(5022, 119, 42, 4.5, '2023-07-05 20:13:24'),
(5023, 120, 42, 5, '2023-07-05 20:13:24'),
(5024, 121, 42, 3.5, '2023-07-05 20:13:24'),
(5025, 122, 42, 4, '2023-07-05 20:13:24'),
(5026, 123, 42, 4, '2023-07-05 20:13:24'),
(5027, 124, 42, 4, '2023-07-05 20:13:24'),
(5028, 125, 42, 4.5, '2023-07-05 20:13:24'),
(5029, 126, 42, 4.5, '2023-07-05 20:13:24'),
(5030, 127, 42, 3.5, '2023-07-05 20:13:24'),
(5031, 128, 42, 5, '2023-07-05 20:13:24'),
(5032, 129, 42, 5, '2023-07-05 20:13:24'),
(5033, 130, 42, 4.5, '2023-07-05 20:13:24'),
(5034, 131, 42, 5, '2023-07-05 20:13:24'),
(5035, 132, 42, 5, '2023-07-05 20:13:24'),
(5036, 133, 42, 3.5, '2023-07-05 20:13:24'),
(5037, 134, 42, 4.5, '2023-07-05 20:13:24'),
(5038, 135, 42, 4.5, '2023-07-05 20:13:24'),
(5039, 136, 42, 5, '2023-07-05 20:13:24'),
(5040, 137, 42, 3.5, '2023-07-05 20:13:24'),
(5041, 138, 42, 5, '2023-07-05 20:13:24'),
(5042, 139, 42, 5, '2023-07-05 20:13:24'),
(5043, 140, 42, 4.5, '2023-07-05 20:13:24'),
(5044, 141, 42, 5, '2023-07-05 20:13:24'),
(5045, 142, 42, 3.5, '2023-07-05 20:13:24'),
(5046, 143, 42, 5, '2023-07-05 20:13:24'),
(5047, 144, 42, 4.5, '2023-07-05 20:13:24'),
(5048, 145, 42, 4.5, '2023-07-05 20:13:24'),
(5049, 146, 42, 4.5, '2023-07-05 20:13:24'),
(5050, 147, 42, 4, '2023-07-05 20:13:24'),
(5051, 148, 42, 5, '2023-07-05 20:13:24'),
(5052, 149, 42, 4, '2023-07-05 20:13:24'),
(5053, 150, 42, 4.5, '2023-07-05 20:13:24'),
(5054, 151, 42, 4, '2023-07-05 20:13:24'),
(5055, 152, 42, 5, '2023-07-05 20:13:24'),
(5056, 153, 42, 4.5, '2023-07-05 20:13:24'),
(5057, 154, 42, 3.5, '2023-07-05 20:13:24'),
(5058, 155, 42, 4.5, '2023-07-05 20:13:24'),
(5059, 156, 42, 3.5, '2023-07-05 20:13:24'),
(5060, 157, 42, 4.5, '2023-07-05 20:13:24'),
(5061, 158, 42, 5, '2023-07-05 20:13:24'),
(5062, 159, 42, 3.5, '2023-07-05 20:13:24'),
(5063, 160, 42, 3.5, '2023-07-05 20:13:24'),
(5064, 161, 42, 4.5, '2023-07-05 20:13:24'),
(5065, 162, 42, 4, '2023-07-05 20:13:24'),
(5066, 163, 42, 4, '2023-07-05 20:13:24'),
(5067, 164, 42, 3.5, '2023-07-05 20:13:24'),
(5068, 165, 42, 4.5, '2023-07-05 20:13:24'),
(5069, 166, 42, 5, '2023-07-05 20:13:24'),
(5070, 167, 42, 4, '2023-07-05 20:13:24'),
(5071, 168, 42, 4.5, '2023-07-05 20:13:24'),
(5072, 169, 42, 4, '2023-07-05 20:13:24'),
(5073, 170, 42, 4, '2023-07-05 20:13:24'),
(5074, 171, 42, 5, '2023-07-05 20:13:24'),
(5075, 172, 42, 4, '2023-07-05 20:13:24'),
(5076, 173, 42, 4, '2023-07-05 20:13:24'),
(5077, 174, 42, 5, '2023-07-05 20:13:24'),
(5078, 175, 42, 5, '2023-07-05 20:13:24'),
(5079, 176, 42, 4, '2023-07-05 20:13:24'),
(5080, 177, 42, 4, '2023-07-05 20:13:24'),
(5081, 178, 42, 5, '2023-07-05 20:13:24'),
(5082, 179, 42, 4, '2023-07-05 20:13:24'),
(5083, 180, 42, 4.5, '2023-07-05 20:13:24'),
(5084, 181, 42, 4.5, '2023-07-05 20:13:24'),
(5085, 182, 42, 4, '2023-07-05 20:13:24'),
(5086, 183, 42, 5, '2023-07-05 20:13:24'),
(5087, 184, 42, 3.5, '2023-07-05 20:13:24'),
(5088, 185, 42, 3.5, '2023-07-05 20:13:24'),
(5089, 186, 42, 3.5, '2023-07-05 20:13:24'),
(5090, 187, 42, 4, '2023-07-05 20:13:24'),
(5091, 188, 42, 4, '2023-07-05 20:13:24'),
(5092, 189, 42, 4, '2023-07-05 20:13:24'),
(5093, 190, 42, 4, '2023-07-05 20:13:24'),
(5094, 191, 42, 4.5, '2023-07-05 20:13:24'),
(5095, 192, 42, 4, '2023-07-05 20:13:24'),
(5096, 193, 42, 4.5, '2023-07-05 20:13:25'),
(5097, 194, 42, 5, '2023-07-05 20:13:25'),
(5098, 195, 42, 4.5, '2023-07-05 20:13:25'),
(5099, 196, 42, 5, '2023-07-05 20:13:25'),
(5100, 197, 42, 4.5, '2023-07-05 20:13:25'),
(5101, 198, 42, 5, '2023-07-05 20:13:25'),
(5102, 199, 42, 4.5, '2023-07-05 20:13:25'),
(5103, 200, 42, 3.5, '2023-07-05 20:13:25'),
(5104, 201, 42, 5, '2023-07-05 20:13:25'),
(5105, 202, 42, 5, '2023-07-05 20:13:25'),
(5106, 203, 42, 3.5, '2023-07-05 20:13:25'),
(5107, 204, 42, 4.5, '2023-07-05 20:13:25'),
(5108, 205, 42, 5, '2023-07-05 20:13:25'),
(5109, 206, 42, 4.5, '2023-07-05 20:13:25'),
(5110, 207, 42, 3.5, '2023-07-05 20:13:25'),
(5111, 208, 42, 4, '2023-07-05 20:13:25'),
(5112, 209, 42, 3.5, '2023-07-05 20:13:25'),
(5113, 210, 42, 4, '2023-07-05 20:13:25'),
(5114, 211, 42, 4.5, '2023-07-05 20:13:25'),
(5115, 212, 42, 5, '2023-07-05 20:13:25'),
(5116, 213, 42, 4, '2023-07-05 20:13:25'),
(5117, 214, 42, 4.5, '2023-07-05 20:13:25'),
(5118, 215, 42, 5, '2023-07-05 20:13:25'),
(5119, 216, 42, 4.5, '2023-07-05 20:13:25'),
(5120, 217, 42, 5, '2023-07-05 20:13:25'),
(5121, 218, 42, 3.5, '2023-07-05 20:13:25'),
(5122, 219, 42, 4.5, '2023-07-05 20:13:25'),
(5123, 220, 42, 4, '2023-07-05 20:13:25'),
(5124, 221, 42, 4.5, '2023-07-05 20:13:25'),
(5125, 222, 42, 5, '2023-07-05 20:13:25'),
(5126, 101, 43, 4, '2023-07-05 20:13:25'),
(5127, 102, 43, 4, '2023-07-05 20:13:25'),
(5128, 103, 43, 4, '2023-07-05 20:13:25'),
(5129, 104, 43, 4, '2023-07-05 20:13:25'),
(5130, 105, 43, 4.5, '2023-07-05 20:13:25'),
(5131, 106, 43, 4, '2023-07-05 20:13:25'),
(5132, 107, 43, 5, '2023-07-05 20:13:25'),
(5133, 108, 43, 4, '2023-07-05 20:13:25'),
(5134, 109, 43, 3.5, '2023-07-05 20:13:25'),
(5135, 110, 43, 4.5, '2023-07-05 20:13:25'),
(5136, 111, 43, 4, '2023-07-05 20:13:25'),
(5137, 112, 43, 5, '2023-07-05 20:13:25'),
(5138, 113, 43, 5, '2023-07-05 20:13:25'),
(5139, 114, 43, 5, '2023-07-05 20:13:25'),
(5140, 115, 43, 5, '2023-07-05 20:13:25'),
(5141, 116, 43, 3.5, '2023-07-05 20:13:25'),
(5142, 117, 43, 3.5, '2023-07-05 20:13:25'),
(5143, 118, 43, 3.5, '2023-07-05 20:13:25'),
(5144, 119, 43, 4, '2023-07-05 20:13:25'),
(5145, 120, 43, 4, '2023-07-05 20:13:25'),
(5146, 121, 43, 3.5, '2023-07-05 20:13:25'),
(5147, 122, 43, 5, '2023-07-05 20:13:25'),
(5148, 123, 43, 4.5, '2023-07-05 20:13:25'),
(5149, 124, 43, 4.5, '2023-07-05 20:13:25'),
(5150, 125, 43, 4, '2023-07-05 20:13:25'),
(5151, 126, 43, 4, '2023-07-05 20:13:25'),
(5152, 127, 43, 4, '2023-07-05 20:13:25'),
(5153, 128, 43, 4, '2023-07-05 20:13:25'),
(5154, 129, 43, 3.5, '2023-07-05 20:13:25'),
(5155, 130, 43, 5, '2023-07-05 20:13:25'),
(5156, 131, 43, 5, '2023-07-05 20:13:25'),
(5157, 132, 43, 3.5, '2023-07-05 20:13:25'),
(5158, 133, 43, 3.5, '2023-07-05 20:13:25'),
(5159, 134, 43, 3.5, '2023-07-05 20:13:25'),
(5160, 135, 43, 4, '2023-07-05 20:13:25'),
(5161, 136, 43, 5, '2023-07-05 20:13:25'),
(5162, 137, 43, 3.5, '2023-07-05 20:13:25'),
(5163, 138, 43, 4, '2023-07-05 20:13:25'),
(5164, 139, 43, 4.5, '2023-07-05 20:13:25'),
(5165, 140, 43, 3.5, '2023-07-05 20:13:25'),
(5166, 141, 43, 4.5, '2023-07-05 20:13:25'),
(5167, 142, 43, 4.5, '2023-07-05 20:13:25'),
(5168, 143, 43, 4.5, '2023-07-05 20:13:25'),
(5169, 144, 43, 5, '2023-07-05 20:13:25'),
(5170, 145, 43, 4.5, '2023-07-05 20:13:25'),
(5171, 146, 43, 5, '2023-07-05 20:13:25'),
(5172, 147, 43, 4.5, '2023-07-05 20:13:25'),
(5173, 148, 43, 5, '2023-07-05 20:13:25'),
(5174, 149, 43, 3.5, '2023-07-05 20:13:25'),
(5175, 150, 43, 5, '2023-07-05 20:13:25'),
(5176, 151, 43, 4, '2023-07-05 20:13:25'),
(5177, 152, 43, 4.5, '2023-07-05 20:13:25'),
(5178, 153, 43, 4.5, '2023-07-05 20:13:25'),
(5179, 154, 43, 4.5, '2023-07-05 20:13:25'),
(5180, 155, 43, 4.5, '2023-07-05 20:13:25'),
(5181, 156, 43, 3.5, '2023-07-05 20:13:25'),
(5182, 157, 43, 4, '2023-07-05 20:13:25'),
(5183, 158, 43, 4.5, '2023-07-05 20:13:25'),
(5184, 159, 43, 5, '2023-07-05 20:13:25'),
(5185, 160, 43, 5, '2023-07-05 20:13:25'),
(5186, 161, 43, 5, '2023-07-05 20:13:25'),
(5187, 162, 43, 3.5, '2023-07-05 20:13:25'),
(5188, 163, 43, 4.5, '2023-07-05 20:13:25'),
(5189, 164, 43, 3.5, '2023-07-05 20:13:25'),
(5190, 165, 43, 4, '2023-07-05 20:13:25'),
(5191, 166, 43, 4, '2023-07-05 20:13:25'),
(5192, 167, 43, 4.5, '2023-07-05 20:13:25'),
(5193, 168, 43, 4.5, '2023-07-05 20:13:25'),
(5194, 169, 43, 3.5, '2023-07-05 20:13:25'),
(5195, 170, 43, 4.5, '2023-07-05 20:13:25'),
(5196, 171, 43, 5, '2023-07-05 20:13:25'),
(5197, 172, 43, 5, '2023-07-05 20:13:25'),
(5198, 173, 43, 5, '2023-07-05 20:13:25'),
(5199, 174, 43, 4, '2023-07-05 20:13:25'),
(5200, 175, 43, 3.5, '2023-07-05 20:13:25'),
(5201, 176, 43, 4, '2023-07-05 20:13:25'),
(5202, 177, 43, 5, '2023-07-05 20:13:25'),
(5203, 178, 43, 3.5, '2023-07-05 20:13:25'),
(5204, 179, 43, 5, '2023-07-05 20:13:25'),
(5205, 180, 43, 3.5, '2023-07-05 20:13:25'),
(5206, 181, 43, 4.5, '2023-07-05 20:13:25'),
(5207, 182, 43, 3.5, '2023-07-05 20:13:25'),
(5208, 183, 43, 3.5, '2023-07-05 20:13:25'),
(5209, 184, 43, 4, '2023-07-05 20:13:25'),
(5210, 185, 43, 5, '2023-07-05 20:13:25'),
(5211, 186, 43, 5, '2023-07-05 20:13:25'),
(5212, 187, 43, 5, '2023-07-05 20:13:25'),
(5213, 188, 43, 4.5, '2023-07-05 20:13:25'),
(5214, 189, 43, 3.5, '2023-07-05 20:13:25'),
(5215, 190, 43, 4, '2023-07-05 20:13:25'),
(5216, 191, 43, 4.5, '2023-07-05 20:13:25'),
(5217, 192, 43, 3.5, '2023-07-05 20:13:26'),
(5218, 193, 43, 4, '2023-07-05 20:13:26'),
(5219, 194, 43, 3.5, '2023-07-05 20:13:26'),
(5220, 195, 43, 4.5, '2023-07-05 20:13:26'),
(5221, 196, 43, 4, '2023-07-05 20:13:26'),
(5222, 197, 43, 4.5, '2023-07-05 20:13:26'),
(5223, 198, 43, 4.5, '2023-07-05 20:13:26'),
(5224, 199, 43, 4, '2023-07-05 20:13:26'),
(5225, 200, 43, 4.5, '2023-07-05 20:13:26'),
(5226, 201, 43, 5, '2023-07-05 20:13:26'),
(5227, 202, 43, 4.5, '2023-07-05 20:13:26'),
(5228, 203, 43, 4, '2023-07-05 20:13:26'),
(5229, 204, 43, 5, '2023-07-05 20:13:26'),
(5230, 205, 43, 5, '2023-07-05 20:13:26'),
(5231, 206, 43, 4, '2023-07-05 20:13:26'),
(5232, 207, 43, 5, '2023-07-05 20:13:26'),
(5233, 208, 43, 4, '2023-07-05 20:13:26'),
(5234, 209, 43, 3.5, '2023-07-05 20:13:26'),
(5235, 210, 43, 3.5, '2023-07-05 20:13:26'),
(5236, 211, 43, 5, '2023-07-05 20:13:26'),
(5237, 212, 43, 4.5, '2023-07-05 20:13:26'),
(5238, 213, 43, 5, '2023-07-05 20:13:26'),
(5239, 214, 43, 4.5, '2023-07-05 20:13:26'),
(5240, 215, 43, 5, '2023-07-05 20:13:26'),
(5241, 216, 43, 5, '2023-07-05 20:13:26'),
(5242, 217, 43, 4.5, '2023-07-05 20:13:26'),
(5243, 218, 43, 4.5, '2023-07-05 20:13:26'),
(5244, 219, 43, 4, '2023-07-05 20:13:26'),
(5245, 220, 43, 3.5, '2023-07-05 20:13:26'),
(5246, 221, 43, 3.5, '2023-07-05 20:13:26'),
(5247, 222, 43, 3.5, '2023-07-05 20:13:26'),
(5248, 101, 44, 5, '2023-07-05 20:13:26'),
(5249, 102, 44, 5, '2023-07-05 20:13:26'),
(5250, 103, 44, 4, '2023-07-05 20:13:26'),
(5251, 104, 44, 3.5, '2023-07-05 20:13:26'),
(5252, 105, 44, 3.5, '2023-07-05 20:13:26'),
(5253, 106, 44, 4, '2023-07-05 20:13:26'),
(5254, 107, 44, 4.5, '2023-07-05 20:13:26'),
(5255, 108, 44, 4, '2023-07-05 20:13:26'),
(5256, 109, 44, 5, '2023-07-05 20:13:26'),
(5257, 110, 44, 3.5, '2023-07-05 20:13:26'),
(5258, 111, 44, 3.5, '2023-07-05 20:13:26'),
(5259, 112, 44, 3.5, '2023-07-05 20:13:26'),
(5260, 113, 44, 5, '2023-07-05 20:13:26'),
(5261, 114, 44, 4, '2023-07-05 20:13:26'),
(5262, 115, 44, 3.5, '2023-07-05 20:13:26'),
(5263, 116, 44, 3.5, '2023-07-05 20:13:26'),
(5264, 117, 44, 3.5, '2023-07-05 20:13:26'),
(5265, 118, 44, 5, '2023-07-05 20:13:26'),
(5266, 119, 44, 3.5, '2023-07-05 20:13:26'),
(5267, 120, 44, 3.5, '2023-07-05 20:13:26'),
(5268, 121, 44, 5, '2023-07-05 20:13:26'),
(5269, 122, 44, 4, '2023-07-05 20:13:26'),
(5270, 123, 44, 3.5, '2023-07-05 20:13:26'),
(5271, 124, 44, 4.5, '2023-07-05 20:13:26'),
(5272, 125, 44, 5, '2023-07-05 20:13:26'),
(5273, 126, 44, 5, '2023-07-05 20:13:26'),
(5274, 127, 44, 3.5, '2023-07-05 20:13:26'),
(5275, 128, 44, 5, '2023-07-05 20:13:26'),
(5276, 129, 44, 3.5, '2023-07-05 20:13:26'),
(5277, 130, 44, 4, '2023-07-05 20:13:26'),
(5278, 131, 44, 4, '2023-07-05 20:13:26'),
(5279, 132, 44, 3.5, '2023-07-05 20:13:26'),
(5280, 133, 44, 4, '2023-07-05 20:13:26'),
(5281, 134, 44, 4, '2023-07-05 20:13:26'),
(5282, 135, 44, 5, '2023-07-05 20:13:26'),
(5283, 136, 44, 5, '2023-07-05 20:13:26'),
(5284, 137, 44, 3.5, '2023-07-05 20:13:26'),
(5285, 138, 44, 4.5, '2023-07-05 20:13:26'),
(5286, 139, 44, 4, '2023-07-05 20:13:26'),
(5287, 140, 44, 3.5, '2023-07-05 20:13:26'),
(5288, 141, 44, 5, '2023-07-05 20:13:26'),
(5289, 142, 44, 5, '2023-07-05 20:13:26'),
(5290, 143, 44, 3.5, '2023-07-05 20:13:26'),
(5291, 144, 44, 3.5, '2023-07-05 20:13:26'),
(5292, 145, 44, 3.5, '2023-07-05 20:13:26'),
(5293, 146, 44, 4, '2023-07-05 20:13:26'),
(5294, 147, 44, 3.5, '2023-07-05 20:13:26'),
(5295, 148, 44, 4, '2023-07-05 20:13:26'),
(5296, 149, 44, 5, '2023-07-05 20:13:26'),
(5297, 150, 44, 3.5, '2023-07-05 20:13:26'),
(5298, 151, 44, 3.5, '2023-07-05 20:13:26'),
(5299, 152, 44, 4.5, '2023-07-05 20:13:26'),
(5300, 153, 44, 5, '2023-07-05 20:13:26'),
(5301, 154, 44, 3.5, '2023-07-05 20:13:26'),
(5302, 155, 44, 4, '2023-07-05 20:13:26'),
(5303, 156, 44, 4, '2023-07-05 20:13:26'),
(5304, 157, 44, 3.5, '2023-07-05 20:13:26'),
(5305, 158, 44, 4.5, '2023-07-05 20:13:26'),
(5306, 159, 44, 3.5, '2023-07-05 20:13:26'),
(5307, 160, 44, 5, '2023-07-05 20:13:26'),
(5308, 161, 44, 3.5, '2023-07-05 20:13:26'),
(5309, 162, 44, 4, '2023-07-05 20:13:26'),
(5310, 163, 44, 3.5, '2023-07-05 20:13:26'),
(5311, 164, 44, 4, '2023-07-05 20:13:26'),
(5312, 165, 44, 3.5, '2023-07-05 20:13:26'),
(5313, 166, 44, 4.5, '2023-07-05 20:13:26'),
(5314, 167, 44, 5, '2023-07-05 20:13:26'),
(5315, 168, 44, 3.5, '2023-07-05 20:13:26'),
(5316, 169, 44, 5, '2023-07-05 20:13:26'),
(5317, 170, 44, 3.5, '2023-07-05 20:13:26'),
(5318, 171, 44, 4.5, '2023-07-05 20:13:26'),
(5319, 172, 44, 4, '2023-07-05 20:13:26'),
(5320, 173, 44, 5, '2023-07-05 20:13:26'),
(5321, 174, 44, 4, '2023-07-05 20:13:26'),
(5322, 175, 44, 4, '2023-07-05 20:13:26'),
(5323, 176, 44, 4, '2023-07-05 20:13:26'),
(5324, 177, 44, 4.5, '2023-07-05 20:13:26'),
(5325, 178, 44, 3.5, '2023-07-05 20:13:26'),
(5326, 179, 44, 4, '2023-07-05 20:13:26'),
(5327, 180, 44, 5, '2023-07-05 20:13:26'),
(5328, 181, 44, 4.5, '2023-07-05 20:13:26'),
(5329, 182, 44, 4.5, '2023-07-05 20:13:26'),
(5330, 183, 44, 5, '2023-07-05 20:13:26'),
(5331, 184, 44, 5, '2023-07-05 20:13:26'),
(5332, 185, 44, 4.5, '2023-07-05 20:13:26'),
(5333, 186, 44, 4.5, '2023-07-05 20:13:26'),
(5334, 187, 44, 4.5, '2023-07-05 20:13:26'),
(5335, 188, 44, 4, '2023-07-05 20:13:26'),
(5336, 189, 44, 3.5, '2023-07-05 20:13:27'),
(5337, 190, 44, 4, '2023-07-05 20:13:27'),
(5338, 191, 44, 4, '2023-07-05 20:13:27'),
(5339, 192, 44, 3.5, '2023-07-05 20:13:27'),
(5340, 193, 44, 3.5, '2023-07-05 20:13:27'),
(5341, 194, 44, 4, '2023-07-05 20:13:27'),
(5342, 195, 44, 4, '2023-07-05 20:13:27'),
(5343, 196, 44, 4.5, '2023-07-05 20:13:27'),
(5344, 197, 44, 3.5, '2023-07-05 20:13:27'),
(5345, 198, 44, 4.5, '2023-07-05 20:13:27'),
(5346, 199, 44, 3.5, '2023-07-05 20:13:27'),
(5347, 200, 44, 4.5, '2023-07-05 20:13:27'),
(5348, 201, 44, 3.5, '2023-07-05 20:13:27'),
(5349, 202, 44, 5, '2023-07-05 20:13:27'),
(5350, 203, 44, 4.5, '2023-07-05 20:13:27'),
(5351, 204, 44, 4.5, '2023-07-05 20:13:27'),
(5352, 205, 44, 4.5, '2023-07-05 20:13:27'),
(5353, 206, 44, 4.5, '2023-07-05 20:13:27'),
(5354, 207, 44, 3.5, '2023-07-05 20:13:27'),
(5355, 208, 44, 3.5, '2023-07-05 20:13:27'),
(5356, 209, 44, 3.5, '2023-07-05 20:13:27'),
(5357, 210, 44, 4, '2023-07-05 20:13:27'),
(5358, 211, 44, 4, '2023-07-05 20:13:27'),
(5359, 212, 44, 4, '2023-07-05 20:13:27'),
(5360, 213, 44, 4, '2023-07-05 20:13:27'),
(5361, 214, 44, 4.5, '2023-07-05 20:13:27'),
(5362, 215, 44, 3.5, '2023-07-05 20:13:27'),
(5363, 216, 44, 4, '2023-07-05 20:13:27'),
(5364, 217, 44, 4.5, '2023-07-05 20:13:27'),
(5365, 218, 44, 3.5, '2023-07-05 20:13:27'),
(5366, 219, 44, 4.5, '2023-07-05 20:13:27'),
(5367, 220, 44, 5, '2023-07-05 20:13:27'),
(5368, 221, 44, 5, '2023-07-05 20:13:27'),
(5369, 222, 44, 5, '2023-07-05 20:13:27'),
(5370, 101, 45, 5, '2023-07-05 20:13:27'),
(5371, 102, 45, 4, '2023-07-05 20:13:27'),
(5372, 103, 45, 4, '2023-07-05 20:13:27'),
(5373, 104, 45, 3.5, '2023-07-05 20:13:27'),
(5374, 105, 45, 5, '2023-07-05 20:13:27'),
(5375, 106, 45, 4.5, '2023-07-05 20:13:27'),
(5376, 107, 45, 5, '2023-07-05 20:13:27'),
(5377, 108, 45, 5, '2023-07-05 20:13:27'),
(5378, 109, 45, 4, '2023-07-05 20:13:27'),
(5379, 110, 45, 5, '2023-07-05 20:13:27'),
(5380, 111, 45, 4, '2023-07-05 20:13:27'),
(5381, 112, 45, 4, '2023-07-05 20:13:27'),
(5382, 113, 45, 3.5, '2023-07-05 20:13:27'),
(5383, 114, 45, 5, '2023-07-05 20:13:27'),
(5384, 115, 45, 5, '2023-07-05 20:13:27'),
(5385, 116, 45, 3.5, '2023-07-05 20:13:27'),
(5386, 117, 45, 4.5, '2023-07-05 20:13:27'),
(5387, 118, 45, 4, '2023-07-05 20:13:27'),
(5388, 119, 45, 4, '2023-07-05 20:13:27'),
(5389, 120, 45, 5, '2023-07-05 20:13:27'),
(5390, 121, 45, 4.5, '2023-07-05 20:13:27'),
(5391, 122, 45, 4.5, '2023-07-05 20:13:27'),
(5392, 123, 45, 5, '2023-07-05 20:13:27'),
(5393, 124, 45, 4, '2023-07-05 20:13:27'),
(5394, 125, 45, 5, '2023-07-05 20:13:27'),
(5395, 126, 45, 4, '2023-07-05 20:13:27'),
(5396, 127, 45, 4.5, '2023-07-05 20:13:27'),
(5397, 128, 45, 3.5, '2023-07-05 20:13:27'),
(5398, 129, 45, 4.5, '2023-07-05 20:13:27'),
(5399, 130, 45, 4.5, '2023-07-05 20:13:27'),
(5400, 131, 45, 4.5, '2023-07-05 20:13:27'),
(5401, 132, 45, 4, '2023-07-05 20:13:27'),
(5402, 133, 45, 4, '2023-07-05 20:13:27'),
(5403, 134, 45, 4, '2023-07-05 20:13:27'),
(5404, 135, 45, 4, '2023-07-05 20:13:27'),
(5405, 136, 45, 3.5, '2023-07-05 20:13:27'),
(5406, 137, 45, 4.5, '2023-07-05 20:13:27'),
(5407, 138, 45, 4.5, '2023-07-05 20:13:27'),
(5408, 139, 45, 5, '2023-07-05 20:13:27'),
(5409, 140, 45, 5, '2023-07-05 20:13:27'),
(5410, 141, 45, 4.5, '2023-07-05 20:13:27'),
(5411, 142, 45, 4.5, '2023-07-05 20:13:27'),
(5412, 143, 45, 3.5, '2023-07-05 20:13:27'),
(5413, 144, 45, 3.5, '2023-07-05 20:13:27'),
(5414, 145, 45, 4, '2023-07-05 20:13:27'),
(5415, 146, 45, 4, '2023-07-05 20:13:27'),
(5416, 147, 45, 5, '2023-07-05 20:13:27'),
(5417, 148, 45, 5, '2023-07-05 20:13:27'),
(5418, 149, 45, 4, '2023-07-05 20:13:27'),
(5419, 150, 45, 4, '2023-07-05 20:13:27'),
(5420, 151, 45, 5, '2023-07-05 20:13:27'),
(5421, 152, 45, 4.5, '2023-07-05 20:13:27'),
(5422, 153, 45, 3.5, '2023-07-05 20:13:27'),
(5423, 154, 45, 5, '2023-07-05 20:13:27'),
(5424, 155, 45, 5, '2023-07-05 20:13:27'),
(5425, 156, 45, 5, '2023-07-05 20:13:27'),
(5426, 157, 45, 4.5, '2023-07-05 20:13:27'),
(5427, 158, 45, 5, '2023-07-05 20:13:27'),
(5428, 159, 45, 4.5, '2023-07-05 20:13:27'),
(5429, 160, 45, 5, '2023-07-05 20:13:27'),
(5430, 161, 45, 4, '2023-07-05 20:13:27'),
(5431, 162, 45, 4, '2023-07-05 20:13:27'),
(5432, 163, 45, 4.5, '2023-07-05 20:13:27'),
(5433, 164, 45, 4.5, '2023-07-05 20:13:27'),
(5434, 165, 45, 4, '2023-07-05 20:13:27'),
(5435, 166, 45, 3.5, '2023-07-05 20:13:27'),
(5436, 167, 45, 4.5, '2023-07-05 20:13:27'),
(5437, 168, 45, 3.5, '2023-07-05 20:13:27'),
(5438, 169, 45, 4.5, '2023-07-05 20:13:27'),
(5439, 170, 45, 4, '2023-07-05 20:13:27'),
(5440, 171, 45, 4, '2023-07-05 20:13:27'),
(5441, 172, 45, 3.5, '2023-07-05 20:13:27'),
(5442, 173, 45, 5, '2023-07-05 20:13:27'),
(5443, 174, 45, 4.5, '2023-07-05 20:13:27'),
(5444, 175, 45, 4, '2023-07-05 20:13:27'),
(5445, 176, 45, 3.5, '2023-07-05 20:13:27'),
(5446, 177, 45, 4, '2023-07-05 20:13:27'),
(5447, 178, 45, 4.5, '2023-07-05 20:13:27'),
(5448, 179, 45, 3.5, '2023-07-05 20:13:27'),
(5449, 180, 45, 3.5, '2023-07-05 20:13:27'),
(5450, 181, 45, 3.5, '2023-07-05 20:13:27'),
(5451, 182, 45, 4, '2023-07-05 20:13:27'),
(5452, 183, 45, 3.5, '2023-07-05 20:13:27'),
(5453, 184, 45, 4, '2023-07-05 20:13:27'),
(5454, 185, 45, 4, '2023-07-05 20:13:27'),
(5455, 186, 45, 3.5, '2023-07-05 20:13:27'),
(5456, 187, 45, 3.5, '2023-07-05 20:13:27'),
(5457, 188, 45, 4, '2023-07-05 20:13:27'),
(5458, 189, 45, 4, '2023-07-05 20:13:27'),
(5459, 190, 45, 3.5, '2023-07-05 20:13:27'),
(5460, 191, 45, 4, '2023-07-05 20:13:28'),
(5461, 192, 45, 4, '2023-07-05 20:13:28'),
(5462, 193, 45, 5, '2023-07-05 20:13:28'),
(5463, 194, 45, 4, '2023-07-05 20:13:28'),
(5464, 195, 45, 4, '2023-07-05 20:13:28'),
(5465, 196, 45, 4, '2023-07-05 20:13:28'),
(5466, 197, 45, 3.5, '2023-07-05 20:13:28'),
(5467, 198, 45, 5, '2023-07-05 20:13:28'),
(5468, 199, 45, 3.5, '2023-07-05 20:13:28'),
(5469, 200, 45, 5, '2023-07-05 20:13:28'),
(5470, 201, 45, 4.5, '2023-07-05 20:13:28'),
(5471, 202, 45, 4, '2023-07-05 20:13:28'),
(5472, 203, 45, 4, '2023-07-05 20:13:28'),
(5473, 204, 45, 5, '2023-07-05 20:13:28'),
(5474, 205, 45, 4, '2023-07-05 20:13:28'),
(5475, 206, 45, 4.5, '2023-07-05 20:13:28'),
(5476, 207, 45, 5, '2023-07-05 20:13:28'),
(5477, 208, 45, 5, '2023-07-05 20:13:28'),
(5478, 209, 45, 3.5, '2023-07-05 20:13:28'),
(5479, 210, 45, 3.5, '2023-07-05 20:13:28'),
(5480, 211, 45, 3.5, '2023-07-05 20:13:28'),
(5481, 212, 45, 4, '2023-07-05 20:13:28'),
(5482, 213, 45, 5, '2023-07-05 20:13:28'),
(5483, 214, 45, 5, '2023-07-05 20:13:28'),
(5484, 215, 45, 3.5, '2023-07-05 20:13:28'),
(5485, 216, 45, 3.5, '2023-07-05 20:13:28'),
(5486, 217, 45, 3.5, '2023-07-05 20:13:28'),
(5487, 218, 45, 4, '2023-07-05 20:13:28'),
(5488, 219, 45, 3.5, '2023-07-05 20:13:28'),
(5489, 220, 45, 4, '2023-07-05 20:13:28'),
(5490, 221, 45, 5, '2023-07-05 20:13:28'),
(5491, 222, 45, 4, '2023-07-05 20:13:28'),
(5492, 101, 46, 5, '2023-07-05 20:13:28'),
(5493, 102, 46, 5, '2023-07-05 20:13:28'),
(5494, 103, 46, 3.5, '2023-07-05 20:13:28'),
(5495, 104, 46, 4.5, '2023-07-05 20:13:28'),
(5496, 105, 46, 5, '2023-07-05 20:13:28'),
(5497, 106, 46, 3.5, '2023-07-05 20:13:28'),
(5498, 107, 46, 4.5, '2023-07-05 20:13:28'),
(5499, 108, 46, 4.5, '2023-07-05 20:13:28'),
(5500, 109, 46, 4.5, '2023-07-05 20:13:28'),
(5501, 110, 46, 4.5, '2023-07-05 20:13:28'),
(5502, 111, 46, 4, '2023-07-05 20:13:28'),
(5503, 112, 46, 3.5, '2023-07-05 20:13:28'),
(5504, 113, 46, 3.5, '2023-07-05 20:13:28'),
(5505, 114, 46, 5, '2023-07-05 20:13:28'),
(5506, 115, 46, 4, '2023-07-05 20:13:28'),
(5507, 116, 46, 3.5, '2023-07-05 20:13:28'),
(5508, 117, 46, 3.5, '2023-07-05 20:13:28'),
(5509, 118, 46, 3.5, '2023-07-05 20:13:28'),
(5510, 119, 46, 3.5, '2023-07-05 20:13:28'),
(5511, 120, 46, 4.5, '2023-07-05 20:13:28'),
(5512, 121, 46, 4.5, '2023-07-05 20:13:28'),
(5513, 122, 46, 4, '2023-07-05 20:13:28'),
(5514, 123, 46, 4.5, '2023-07-05 20:13:28'),
(5515, 124, 46, 4.5, '2023-07-05 20:13:28'),
(5516, 125, 46, 4, '2023-07-05 20:13:28'),
(5517, 126, 46, 4, '2023-07-05 20:13:28'),
(5518, 127, 46, 3.5, '2023-07-05 20:13:28'),
(5519, 128, 46, 4.5, '2023-07-05 20:13:28'),
(5520, 129, 46, 3.5, '2023-07-05 20:13:28'),
(5521, 130, 46, 4, '2023-07-05 20:13:28'),
(5522, 131, 46, 4.5, '2023-07-05 20:13:28'),
(5523, 132, 46, 3.5, '2023-07-05 20:13:28'),
(5524, 133, 46, 4.5, '2023-07-05 20:13:28'),
(5525, 134, 46, 4.5, '2023-07-05 20:13:28'),
(5526, 135, 46, 3.5, '2023-07-05 20:13:28'),
(5527, 136, 46, 3.5, '2023-07-05 20:13:28'),
(5528, 137, 46, 3.5, '2023-07-05 20:13:28'),
(5529, 138, 46, 5, '2023-07-05 20:13:28'),
(5530, 139, 46, 4.5, '2023-07-05 20:13:28'),
(5531, 140, 46, 4, '2023-07-05 20:13:28'),
(5532, 141, 46, 4, '2023-07-05 20:13:28'),
(5533, 142, 46, 4, '2023-07-05 20:13:28'),
(5534, 143, 46, 3.5, '2023-07-05 20:13:28'),
(5535, 144, 46, 3.5, '2023-07-05 20:13:28'),
(5536, 145, 46, 5, '2023-07-05 20:13:28'),
(5537, 146, 46, 4, '2023-07-05 20:13:28'),
(5538, 147, 46, 3.5, '2023-07-05 20:13:28'),
(5539, 148, 46, 4, '2023-07-05 20:13:28'),
(5540, 149, 46, 5, '2023-07-05 20:13:28'),
(5541, 150, 46, 4.5, '2023-07-05 20:13:28'),
(5542, 151, 46, 5, '2023-07-05 20:13:28'),
(5543, 152, 46, 4, '2023-07-05 20:13:28'),
(5544, 153, 46, 4, '2023-07-05 20:13:28'),
(5545, 154, 46, 4, '2023-07-05 20:13:28'),
(5546, 155, 46, 5, '2023-07-05 20:13:28'),
(5547, 156, 46, 3.5, '2023-07-05 20:13:28'),
(5548, 157, 46, 3.5, '2023-07-05 20:13:28'),
(5549, 158, 46, 4.5, '2023-07-05 20:13:28'),
(5550, 159, 46, 4, '2023-07-05 20:13:28'),
(5551, 160, 46, 4, '2023-07-05 20:13:28'),
(5552, 161, 46, 4.5, '2023-07-05 20:13:28'),
(5553, 162, 46, 5, '2023-07-05 20:13:28'),
(5554, 163, 46, 4.5, '2023-07-05 20:13:28'),
(5555, 164, 46, 4.5, '2023-07-05 20:13:28'),
(5556, 165, 46, 5, '2023-07-05 20:13:28'),
(5557, 166, 46, 5, '2023-07-05 20:13:28'),
(5558, 167, 46, 5, '2023-07-05 20:13:28'),
(5559, 168, 46, 4.5, '2023-07-05 20:13:28'),
(5560, 169, 46, 4, '2023-07-05 20:13:28'),
(5561, 170, 46, 5, '2023-07-05 20:13:28'),
(5562, 171, 46, 3.5, '2023-07-05 20:13:28'),
(5563, 172, 46, 4.5, '2023-07-05 20:13:28'),
(5564, 173, 46, 5, '2023-07-05 20:13:28'),
(5565, 174, 46, 4, '2023-07-05 20:13:28'),
(5566, 175, 46, 3.5, '2023-07-05 20:13:28'),
(5567, 176, 46, 4.5, '2023-07-05 20:13:28'),
(5568, 177, 46, 5, '2023-07-05 20:13:28'),
(5569, 178, 46, 5, '2023-07-05 20:13:28'),
(5570, 179, 46, 5, '2023-07-05 20:13:28'),
(5571, 180, 46, 4, '2023-07-05 20:13:28'),
(5572, 181, 46, 4.5, '2023-07-05 20:13:28'),
(5573, 182, 46, 4.5, '2023-07-05 20:13:28'),
(5574, 183, 46, 5, '2023-07-05 20:13:29'),
(5575, 184, 46, 4.5, '2023-07-05 20:13:29'),
(5576, 185, 46, 3.5, '2023-07-05 20:13:29'),
(5577, 186, 46, 4, '2023-07-05 20:13:29'),
(5578, 187, 46, 3.5, '2023-07-05 20:13:29'),
(5579, 188, 46, 5, '2023-07-05 20:13:29'),
(5580, 189, 46, 3.5, '2023-07-05 20:13:29'),
(5581, 190, 46, 4, '2023-07-05 20:13:29'),
(5582, 191, 46, 4, '2023-07-05 20:13:29'),
(5583, 192, 46, 4, '2023-07-05 20:13:29'),
(5584, 193, 46, 4, '2023-07-05 20:13:29'),
(5585, 194, 46, 5, '2023-07-05 20:13:29'),
(5586, 195, 46, 5, '2023-07-05 20:13:29'),
(5587, 196, 46, 5, '2023-07-05 20:13:29'),
(5588, 197, 46, 5, '2023-07-05 20:13:29'),
(5589, 198, 46, 3.5, '2023-07-05 20:13:29'),
(5590, 199, 46, 4.5, '2023-07-05 20:13:29'),
(5591, 200, 46, 5, '2023-07-05 20:13:29'),
(5592, 201, 46, 5, '2023-07-05 20:13:29'),
(5593, 202, 46, 5, '2023-07-05 20:13:29'),
(5594, 203, 46, 5, '2023-07-05 20:13:29'),
(5595, 204, 46, 4, '2023-07-05 20:13:29'),
(5596, 205, 46, 4, '2023-07-05 20:13:29'),
(5597, 206, 46, 5, '2023-07-05 20:13:29'),
(5598, 207, 46, 4, '2023-07-05 20:13:29'),
(5599, 208, 46, 3.5, '2023-07-05 20:13:29'),
(5600, 209, 46, 5, '2023-07-05 20:13:29'),
(5601, 210, 46, 4, '2023-07-05 20:13:29'),
(5602, 211, 46, 4.5, '2023-07-05 20:13:29'),
(5603, 212, 46, 4, '2023-07-05 20:13:29'),
(5604, 213, 46, 5, '2023-07-05 20:13:29'),
(5605, 214, 46, 4.5, '2023-07-05 20:13:29'),
(5606, 215, 46, 5, '2023-07-05 20:13:29'),
(5607, 216, 46, 4, '2023-07-05 20:13:29'),
(5608, 217, 46, 5, '2023-07-05 20:13:29'),
(5609, 218, 46, 4.5, '2023-07-05 20:13:29'),
(5610, 219, 46, 5, '2023-07-05 20:13:29'),
(5611, 220, 46, 3.5, '2023-07-05 20:13:29'),
(5612, 221, 46, 4.5, '2023-07-05 20:13:29'),
(5613, 222, 46, 4, '2023-07-05 20:13:29'),
(5614, 101, 47, 3.5, '2023-07-05 20:13:29'),
(5615, 102, 47, 4, '2023-07-05 20:13:29'),
(5616, 103, 47, 5, '2023-07-05 20:13:29'),
(5617, 104, 47, 5, '2023-07-05 20:13:29'),
(5618, 105, 47, 5, '2023-07-05 20:13:29'),
(5619, 106, 47, 3.5, '2023-07-05 20:13:29'),
(5620, 107, 47, 4, '2023-07-05 20:13:29'),
(5621, 108, 47, 3.5, '2023-07-05 20:13:29'),
(5622, 109, 47, 4.5, '2023-07-05 20:13:29'),
(5623, 110, 47, 4, '2023-07-05 20:13:29'),
(5624, 111, 47, 4, '2023-07-05 20:13:29'),
(5625, 112, 47, 3.5, '2023-07-05 20:13:29'),
(5626, 113, 47, 4.5, '2023-07-05 20:13:29'),
(5627, 114, 47, 4, '2023-07-05 20:13:29'),
(5628, 115, 47, 4.5, '2023-07-05 20:13:29'),
(5629, 116, 47, 5, '2023-07-05 20:13:29'),
(5630, 117, 47, 4.5, '2023-07-05 20:13:29'),
(5631, 118, 47, 4.5, '2023-07-05 20:13:29'),
(5632, 119, 47, 5, '2023-07-05 20:13:29'),
(5633, 120, 47, 5, '2023-07-05 20:13:29'),
(5634, 121, 47, 4.5, '2023-07-05 20:13:29'),
(5635, 122, 47, 4.5, '2023-07-05 20:13:29'),
(5636, 123, 47, 3.5, '2023-07-05 20:13:29'),
(5637, 124, 47, 4, '2023-07-05 20:13:29'),
(5638, 125, 47, 4.5, '2023-07-05 20:13:29'),
(5639, 126, 47, 5, '2023-07-05 20:13:29'),
(5640, 127, 47, 3.5, '2023-07-05 20:13:29'),
(5641, 128, 47, 3.5, '2023-07-05 20:13:29'),
(5642, 129, 47, 4, '2023-07-05 20:13:29'),
(5643, 130, 47, 4, '2023-07-05 20:13:29'),
(5644, 131, 47, 5, '2023-07-05 20:13:29'),
(5645, 132, 47, 4.5, '2023-07-05 20:13:29'),
(5646, 133, 47, 4, '2023-07-05 20:13:29'),
(5647, 134, 47, 4, '2023-07-05 20:13:29'),
(5648, 135, 47, 4.5, '2023-07-05 20:13:29'),
(5649, 136, 47, 4, '2023-07-05 20:13:29'),
(5650, 137, 47, 4.5, '2023-07-05 20:13:29'),
(5651, 138, 47, 4, '2023-07-05 20:13:29'),
(5652, 139, 47, 3.5, '2023-07-05 20:13:29'),
(5653, 140, 47, 4, '2023-07-05 20:13:29'),
(5654, 141, 47, 4.5, '2023-07-05 20:13:29'),
(5655, 142, 47, 3.5, '2023-07-05 20:13:29'),
(5656, 143, 47, 5, '2023-07-05 20:13:29'),
(5657, 144, 47, 4.5, '2023-07-05 20:13:29'),
(5658, 145, 47, 4, '2023-07-05 20:13:29'),
(5659, 146, 47, 4.5, '2023-07-05 20:13:29'),
(5660, 147, 47, 4, '2023-07-05 20:13:29'),
(5661, 148, 47, 4, '2023-07-05 20:13:29'),
(5662, 149, 47, 4, '2023-07-05 20:13:29'),
(5663, 150, 47, 5, '2023-07-05 20:13:29'),
(5664, 151, 47, 3.5, '2023-07-05 20:13:29'),
(5665, 152, 47, 4, '2023-07-05 20:13:29'),
(5666, 153, 47, 5, '2023-07-05 20:13:30'),
(5667, 154, 47, 3.5, '2023-07-05 20:13:30'),
(5668, 155, 47, 4, '2023-07-05 20:13:30'),
(5669, 156, 47, 5, '2023-07-05 20:13:30'),
(5670, 157, 47, 5, '2023-07-05 20:13:30'),
(5671, 158, 47, 3.5, '2023-07-05 20:13:30'),
(5672, 159, 47, 4, '2023-07-05 20:13:30'),
(5673, 160, 47, 4, '2023-07-05 20:13:30'),
(5674, 161, 47, 4.5, '2023-07-05 20:13:30'),
(5675, 162, 47, 4, '2023-07-05 20:13:30'),
(5676, 163, 47, 4, '2023-07-05 20:13:30'),
(5677, 164, 47, 3.5, '2023-07-05 20:13:30'),
(5678, 165, 47, 4, '2023-07-05 20:13:30'),
(5679, 166, 47, 4.5, '2023-07-05 20:13:30'),
(5680, 167, 47, 4.5, '2023-07-05 20:13:30'),
(5681, 168, 47, 5, '2023-07-05 20:13:30'),
(5682, 169, 47, 5, '2023-07-05 20:13:30'),
(5683, 170, 47, 4.5, '2023-07-05 20:13:30'),
(5684, 171, 47, 5, '2023-07-05 20:13:30'),
(5685, 172, 47, 4.5, '2023-07-05 20:13:30'),
(5686, 173, 47, 4, '2023-07-05 20:13:30'),
(5687, 174, 47, 4, '2023-07-05 20:13:30'),
(5688, 175, 47, 5, '2023-07-05 20:13:30'),
(5689, 176, 47, 5, '2023-07-05 20:13:30'),
(5690, 177, 47, 5, '2023-07-05 20:13:30'),
(5691, 178, 47, 4, '2023-07-05 20:13:30'),
(5692, 179, 47, 4.5, '2023-07-05 20:13:30'),
(5693, 180, 47, 3.5, '2023-07-05 20:13:30'),
(5694, 181, 47, 3.5, '2023-07-05 20:13:30'),
(5695, 182, 47, 4.5, '2023-07-05 20:13:30'),
(5696, 183, 47, 3.5, '2023-07-05 20:13:30'),
(5697, 184, 47, 3.5, '2023-07-05 20:13:30'),
(5698, 185, 47, 5, '2023-07-05 20:13:30'),
(5699, 186, 47, 5, '2023-07-05 20:13:30'),
(5700, 187, 47, 4.5, '2023-07-05 20:13:30'),
(5701, 188, 47, 5, '2023-07-05 20:13:30'),
(5702, 189, 47, 4.5, '2023-07-05 20:13:30'),
(5703, 190, 47, 4.5, '2023-07-05 20:13:30'),
(5704, 191, 47, 3.5, '2023-07-05 20:13:30'),
(5705, 192, 47, 4.5, '2023-07-05 20:13:30'),
(5706, 193, 47, 3.5, '2023-07-05 20:13:30'),
(5707, 194, 47, 5, '2023-07-05 20:13:30'),
(5708, 195, 47, 3.5, '2023-07-05 20:13:30'),
(5709, 196, 47, 3.5, '2023-07-05 20:13:30'),
(5710, 197, 47, 3.5, '2023-07-05 20:13:30'),
(5711, 198, 47, 4.5, '2023-07-05 20:13:30'),
(5712, 199, 47, 3.5, '2023-07-05 20:13:30'),
(5713, 200, 47, 3.5, '2023-07-05 20:13:30'),
(5714, 201, 47, 4.5, '2023-07-05 20:13:30'),
(5715, 202, 47, 5, '2023-07-05 20:13:30'),
(5716, 203, 47, 4, '2023-07-05 20:13:30'),
(5717, 204, 47, 4.5, '2023-07-05 20:13:30'),
(5718, 205, 47, 4, '2023-07-05 20:13:30'),
(5719, 206, 47, 4, '2023-07-05 20:13:30'),
(5720, 207, 47, 4.5, '2023-07-05 20:13:30'),
(5721, 208, 47, 4.5, '2023-07-05 20:13:30'),
(5722, 209, 47, 4, '2023-07-05 20:13:30'),
(5723, 210, 47, 4.5, '2023-07-05 20:13:30'),
(5724, 211, 47, 4.5, '2023-07-05 20:13:30'),
(5725, 212, 47, 3.5, '2023-07-05 20:13:30'),
(5726, 213, 47, 5, '2023-07-05 20:13:30'),
(5727, 214, 47, 3.5, '2023-07-05 20:13:30'),
(5728, 215, 47, 3.5, '2023-07-05 20:13:30'),
(5729, 216, 47, 4.5, '2023-07-05 20:13:30'),
(5730, 217, 47, 4.5, '2023-07-05 20:13:30'),
(5731, 218, 47, 4.5, '2023-07-05 20:13:30'),
(5732, 219, 47, 4, '2023-07-05 20:13:30'),
(5733, 220, 47, 4.5, '2023-07-05 20:13:30'),
(5734, 221, 47, 4, '2023-07-05 20:13:30'),
(5735, 222, 47, 4.5, '2023-07-05 20:13:30'),
(5736, 101, 48, 4, '2023-07-05 20:13:30'),
(5737, 102, 48, 4.5, '2023-07-05 20:13:30'),
(5738, 103, 48, 4, '2023-07-05 20:13:30'),
(5739, 104, 48, 3.5, '2023-07-05 20:13:30'),
(5740, 105, 48, 3.5, '2023-07-05 20:13:30'),
(5741, 106, 48, 4.5, '2023-07-05 20:13:30'),
(5742, 107, 48, 3.5, '2023-07-05 20:13:30'),
(5743, 108, 48, 3.5, '2023-07-05 20:13:30'),
(5744, 109, 48, 4, '2023-07-05 20:13:30'),
(5745, 110, 48, 3.5, '2023-07-05 20:13:30'),
(5746, 111, 48, 4, '2023-07-05 20:13:30'),
(5747, 112, 48, 3.5, '2023-07-05 20:13:30'),
(5748, 113, 48, 4.5, '2023-07-05 20:13:30'),
(5749, 114, 48, 4.5, '2023-07-05 20:13:30'),
(5750, 115, 48, 4.5, '2023-07-05 20:13:30'),
(5751, 116, 48, 3.5, '2023-07-05 20:13:30'),
(5752, 117, 48, 4, '2023-07-05 20:13:30'),
(5753, 118, 48, 5, '2023-07-05 20:13:30'),
(5754, 119, 48, 4.5, '2023-07-05 20:13:30'),
(5755, 120, 48, 3.5, '2023-07-05 20:13:30'),
(5756, 121, 48, 3.5, '2023-07-05 20:13:30'),
(5757, 122, 48, 3.5, '2023-07-05 20:13:30'),
(5758, 123, 48, 5, '2023-07-05 20:13:30'),
(5759, 124, 48, 5, '2023-07-05 20:13:30'),
(5760, 125, 48, 4.5, '2023-07-05 20:13:30'),
(5761, 126, 48, 4, '2023-07-05 20:13:30'),
(5762, 127, 48, 3.5, '2023-07-05 20:13:30'),
(5763, 128, 48, 4.5, '2023-07-05 20:13:30'),
(5764, 129, 48, 3.5, '2023-07-05 20:13:30'),
(5765, 130, 48, 5, '2023-07-05 20:13:30'),
(5766, 131, 48, 4.5, '2023-07-05 20:13:30'),
(5767, 132, 48, 4, '2023-07-05 20:13:30'),
(5768, 133, 48, 4.5, '2023-07-05 20:13:30'),
(5769, 134, 48, 4, '2023-07-05 20:13:30'),
(5770, 135, 48, 4.5, '2023-07-05 20:13:30'),
(5771, 136, 48, 4.5, '2023-07-05 20:13:30'),
(5772, 137, 48, 5, '2023-07-05 20:13:30'),
(5773, 138, 48, 4, '2023-07-05 20:13:30'),
(5774, 139, 48, 4, '2023-07-05 20:13:30'),
(5775, 140, 48, 4, '2023-07-05 20:13:30'),
(5776, 141, 48, 5, '2023-07-05 20:13:30'),
(5777, 142, 48, 4.5, '2023-07-05 20:13:30'),
(5778, 143, 48, 5, '2023-07-05 20:13:30'),
(5779, 144, 48, 4, '2023-07-05 20:13:30'),
(5780, 145, 48, 4.5, '2023-07-05 20:13:30'),
(5781, 146, 48, 4.5, '2023-07-05 20:13:30'),
(5782, 147, 48, 4.5, '2023-07-05 20:13:30'),
(5783, 148, 48, 4.5, '2023-07-05 20:13:30'),
(5784, 149, 48, 5, '2023-07-05 20:13:30'),
(5785, 150, 48, 5, '2023-07-05 20:13:30'),
(5786, 151, 48, 5, '2023-07-05 20:13:30'),
(5787, 152, 48, 4, '2023-07-05 20:13:30'),
(5788, 153, 48, 4.5, '2023-07-05 20:13:30'),
(5789, 154, 48, 3.5, '2023-07-05 20:13:30'),
(5790, 155, 48, 5, '2023-07-05 20:13:30'),
(5791, 156, 48, 3.5, '2023-07-05 20:13:30'),
(5792, 157, 48, 4, '2023-07-05 20:13:30'),
(5793, 158, 48, 4.5, '2023-07-05 20:13:30'),
(5794, 159, 48, 5, '2023-07-05 20:13:30'),
(5795, 160, 48, 4.5, '2023-07-05 20:13:30'),
(5796, 161, 48, 3.5, '2023-07-05 20:13:30'),
(5797, 162, 48, 4, '2023-07-05 20:13:30'),
(5798, 163, 48, 3.5, '2023-07-05 20:13:30'),
(5799, 164, 48, 3.5, '2023-07-05 20:13:30'),
(5800, 165, 48, 4.5, '2023-07-05 20:13:30'),
(5801, 166, 48, 5, '2023-07-05 20:13:30'),
(5802, 167, 48, 4, '2023-07-05 20:13:30'),
(5803, 168, 48, 5, '2023-07-05 20:13:30'),
(5804, 169, 48, 4.5, '2023-07-05 20:13:30'),
(5805, 170, 48, 5, '2023-07-05 20:13:30'),
(5806, 171, 48, 4.5, '2023-07-05 20:13:30'),
(5807, 172, 48, 3.5, '2023-07-05 20:13:30'),
(5808, 173, 48, 4.5, '2023-07-05 20:13:30'),
(5809, 174, 48, 3.5, '2023-07-05 20:13:30'),
(5810, 175, 48, 5, '2023-07-05 20:13:30'),
(5811, 176, 48, 5, '2023-07-05 20:13:30'),
(5812, 177, 48, 5, '2023-07-05 20:13:30'),
(5813, 178, 48, 3.5, '2023-07-05 20:13:30'),
(5814, 179, 48, 4.5, '2023-07-05 20:13:30'),
(5815, 180, 48, 4, '2023-07-05 20:13:30'),
(5816, 181, 48, 5, '2023-07-05 20:13:30'),
(5817, 182, 48, 3.5, '2023-07-05 20:13:30'),
(5818, 183, 48, 3.5, '2023-07-05 20:13:30'),
(5819, 184, 48, 5, '2023-07-05 20:13:30'),
(5820, 185, 48, 4, '2023-07-05 20:13:30'),
(5821, 186, 48, 3.5, '2023-07-05 20:13:30'),
(5822, 187, 48, 5, '2023-07-05 20:13:30'),
(5823, 188, 48, 4, '2023-07-05 20:13:30'),
(5824, 189, 48, 5, '2023-07-05 20:13:30'),
(5825, 190, 48, 5, '2023-07-05 20:13:30'),
(5826, 191, 48, 3.5, '2023-07-05 20:13:30'),
(5827, 192, 48, 4, '2023-07-05 20:13:31'),
(5828, 193, 48, 5, '2023-07-05 20:13:31'),
(5829, 194, 48, 4.5, '2023-07-05 20:13:31'),
(5830, 195, 48, 5, '2023-07-05 20:13:31'),
(5831, 196, 48, 4.5, '2023-07-05 20:13:31'),
(5832, 197, 48, 5, '2023-07-05 20:13:31'),
(5833, 198, 48, 5, '2023-07-05 20:13:31'),
(5834, 199, 48, 4, '2023-07-05 20:13:31'),
(5835, 200, 48, 5, '2023-07-05 20:13:31'),
(5836, 201, 48, 5, '2023-07-05 20:13:31'),
(5837, 202, 48, 4, '2023-07-05 20:13:31'),
(5838, 203, 48, 4, '2023-07-05 20:13:31'),
(5839, 204, 48, 5, '2023-07-05 20:13:31'),
(5840, 205, 48, 4.5, '2023-07-05 20:13:31'),
(5841, 206, 48, 3.5, '2023-07-05 20:13:31'),
(5842, 207, 48, 3.5, '2023-07-05 20:13:31'),
(5843, 208, 48, 5, '2023-07-05 20:13:31'),
(5844, 209, 48, 4, '2023-07-05 20:13:31'),
(5845, 210, 48, 4, '2023-07-05 20:13:31'),
(5846, 211, 48, 5, '2023-07-05 20:13:31'),
(5847, 212, 48, 3.5, '2023-07-05 20:13:31'),
(5848, 213, 48, 5, '2023-07-05 20:13:31'),
(5849, 214, 48, 5, '2023-07-05 20:13:31'),
(5850, 215, 48, 5, '2023-07-05 20:13:31'),
(5851, 216, 48, 5, '2023-07-05 20:13:31'),
(5852, 217, 48, 5, '2023-07-05 20:13:31'),
(5853, 218, 48, 3.5, '2023-07-05 20:13:31'),
(5854, 219, 48, 5, '2023-07-05 20:13:31'),
(5855, 220, 48, 4, '2023-07-05 20:13:31'),
(5856, 221, 48, 3.5, '2023-07-05 20:13:31'),
(5857, 222, 48, 4, '2023-07-05 20:13:31'),
(5858, 101, 49, 5, '2023-07-05 20:13:31'),
(5859, 102, 49, 4.5, '2023-07-05 20:13:31'),
(5860, 103, 49, 4, '2023-07-05 20:13:31'),
(5861, 104, 49, 5, '2023-07-05 20:13:31'),
(5862, 105, 49, 3.5, '2023-07-05 20:13:31'),
(5863, 106, 49, 5, '2023-07-05 20:13:31'),
(5864, 107, 49, 3.5, '2023-07-05 20:13:31'),
(5865, 108, 49, 5, '2023-07-05 20:13:31'),
(5866, 109, 49, 4.5, '2023-07-05 20:13:31'),
(5867, 110, 49, 4.5, '2023-07-05 20:13:31'),
(5868, 111, 49, 4.5, '2023-07-05 20:13:31'),
(5869, 112, 49, 5, '2023-07-05 20:13:31'),
(5870, 113, 49, 3.5, '2023-07-05 20:13:31'),
(5871, 114, 49, 4, '2023-07-05 20:13:31'),
(5872, 115, 49, 4, '2023-07-05 20:13:31'),
(5873, 116, 49, 5, '2023-07-05 20:13:31'),
(5874, 117, 49, 5, '2023-07-05 20:13:31'),
(5875, 118, 49, 4.5, '2023-07-05 20:13:31'),
(5876, 119, 49, 3.5, '2023-07-05 20:13:31'),
(5877, 120, 49, 4.5, '2023-07-05 20:13:31'),
(5878, 121, 49, 5, '2023-07-05 20:13:31'),
(5879, 122, 49, 3.5, '2023-07-05 20:13:31'),
(5880, 123, 49, 5, '2023-07-05 20:13:31'),
(5881, 124, 49, 5, '2023-07-05 20:13:31'),
(5882, 125, 49, 3.5, '2023-07-05 20:13:31'),
(5883, 126, 49, 3.5, '2023-07-05 20:13:31'),
(5884, 127, 49, 3.5, '2023-07-05 20:13:31'),
(5885, 128, 49, 4, '2023-07-05 20:13:31'),
(5886, 129, 49, 4, '2023-07-05 20:13:31'),
(5887, 130, 49, 5, '2023-07-05 20:13:31'),
(5888, 131, 49, 4.5, '2023-07-05 20:13:31'),
(5889, 132, 49, 4, '2023-07-05 20:13:31'),
(5890, 133, 49, 3.5, '2023-07-05 20:13:31'),
(5891, 134, 49, 3.5, '2023-07-05 20:13:31'),
(5892, 135, 49, 5, '2023-07-05 20:13:31'),
(5893, 136, 49, 4.5, '2023-07-05 20:13:31'),
(5894, 137, 49, 4.5, '2023-07-05 20:13:31'),
(5895, 138, 49, 3.5, '2023-07-05 20:13:31'),
(5896, 139, 49, 4, '2023-07-05 20:13:31'),
(5897, 140, 49, 4, '2023-07-05 20:13:31'),
(5898, 141, 49, 3.5, '2023-07-05 20:13:31'),
(5899, 142, 49, 3.5, '2023-07-05 20:13:31'),
(5900, 143, 49, 4.5, '2023-07-05 20:13:31'),
(5901, 144, 49, 3.5, '2023-07-05 20:13:31'),
(5902, 145, 49, 4, '2023-07-05 20:13:31'),
(5903, 146, 49, 5, '2023-07-05 20:13:31'),
(5904, 147, 49, 5, '2023-07-05 20:13:31'),
(5905, 148, 49, 5, '2023-07-05 20:13:31'),
(5906, 149, 49, 4.5, '2023-07-05 20:13:31'),
(5907, 150, 49, 4.5, '2023-07-05 20:13:31'),
(5908, 151, 49, 3.5, '2023-07-05 20:13:31'),
(5909, 152, 49, 4, '2023-07-05 20:13:31'),
(5910, 153, 49, 5, '2023-07-05 20:13:31'),
(5911, 154, 49, 4.5, '2023-07-05 20:13:31'),
(5912, 155, 49, 3.5, '2023-07-05 20:13:31'),
(5913, 156, 49, 5, '2023-07-05 20:13:31'),
(5914, 157, 49, 3.5, '2023-07-05 20:13:31'),
(5915, 158, 49, 4.5, '2023-07-05 20:13:31'),
(5916, 159, 49, 3.5, '2023-07-05 20:13:31'),
(5917, 160, 49, 5, '2023-07-05 20:13:31'),
(5918, 161, 49, 4.5, '2023-07-05 20:13:31'),
(5919, 162, 49, 4.5, '2023-07-05 20:13:31'),
(5920, 163, 49, 4, '2023-07-05 20:13:31'),
(5921, 164, 49, 3.5, '2023-07-05 20:13:31'),
(5922, 165, 49, 3.5, '2023-07-05 20:13:31'),
(5923, 166, 49, 3.5, '2023-07-05 20:13:31'),
(5924, 167, 49, 3.5, '2023-07-05 20:13:31'),
(5925, 168, 49, 4, '2023-07-05 20:13:31'),
(5926, 169, 49, 5, '2023-07-05 20:13:31'),
(5927, 170, 49, 4.5, '2023-07-05 20:13:31'),
(5928, 171, 49, 4, '2023-07-05 20:13:31'),
(5929, 172, 49, 4.5, '2023-07-05 20:13:31'),
(5930, 173, 49, 4, '2023-07-05 20:13:31'),
(5931, 174, 49, 4, '2023-07-05 20:13:31'),
(5932, 175, 49, 3.5, '2023-07-05 20:13:31'),
(5933, 176, 49, 4.5, '2023-07-05 20:13:31'),
(5934, 177, 49, 3.5, '2023-07-05 20:13:31'),
(5935, 178, 49, 3.5, '2023-07-05 20:13:31'),
(5936, 179, 49, 4, '2023-07-05 20:13:31'),
(5937, 180, 49, 5, '2023-07-05 20:13:31'),
(5938, 181, 49, 4, '2023-07-05 20:13:31'),
(5939, 182, 49, 5, '2023-07-05 20:13:31'),
(5940, 183, 49, 3.5, '2023-07-05 20:13:31'),
(5941, 184, 49, 3.5, '2023-07-05 20:13:31'),
(5942, 185, 49, 5, '2023-07-05 20:13:31'),
(5943, 186, 49, 5, '2023-07-05 20:13:31'),
(5944, 187, 49, 4, '2023-07-05 20:13:31'),
(5945, 188, 49, 3.5, '2023-07-05 20:13:31'),
(5946, 189, 49, 3.5, '2023-07-05 20:13:31'),
(5947, 190, 49, 4, '2023-07-05 20:13:31'),
(5948, 191, 49, 4, '2023-07-05 20:13:31'),
(5949, 192, 49, 4, '2023-07-05 20:13:31'),
(5950, 193, 49, 5, '2023-07-05 20:13:31'),
(5951, 194, 49, 5, '2023-07-05 20:13:31'),
(5952, 195, 49, 5, '2023-07-05 20:13:31'),
(5953, 196, 49, 5, '2023-07-05 20:13:31'),
(5954, 197, 49, 4.5, '2023-07-05 20:13:31'),
(5955, 198, 49, 3.5, '2023-07-05 20:13:31'),
(5956, 199, 49, 5, '2023-07-05 20:13:31'),
(5957, 200, 49, 4, '2023-07-05 20:13:31'),
(5958, 201, 49, 4, '2023-07-05 20:13:31'),
(5959, 202, 49, 3.5, '2023-07-05 20:13:31'),
(5960, 203, 49, 3.5, '2023-07-05 20:13:31'),
(5961, 204, 49, 4, '2023-07-05 20:13:31'),
(5962, 205, 49, 4, '2023-07-05 20:13:31'),
(5963, 206, 49, 4.5, '2023-07-05 20:13:31'),
(5964, 207, 49, 4, '2023-07-05 20:13:31'),
(5965, 208, 49, 4, '2023-07-05 20:13:31'),
(5966, 209, 49, 3.5, '2023-07-05 20:13:31'),
(5967, 210, 49, 4, '2023-07-05 20:13:31'),
(5968, 211, 49, 4.5, '2023-07-05 20:13:31'),
(5969, 212, 49, 4.5, '2023-07-05 20:13:31'),
(5970, 213, 49, 3.5, '2023-07-05 20:13:31'),
(5971, 214, 49, 4.5, '2023-07-05 20:13:31'),
(5972, 215, 49, 3.5, '2023-07-05 20:13:31'),
(5973, 216, 49, 4.5, '2023-07-05 20:13:31'),
(5974, 217, 49, 5, '2023-07-05 20:13:31'),
(5975, 218, 49, 4.5, '2023-07-05 20:13:31'),
(5976, 219, 49, 4.5, '2023-07-05 20:13:31'),
(5977, 220, 49, 5, '2023-07-05 20:13:31'),
(5978, 221, 49, 5, '2023-07-05 20:13:31'),
(5979, 222, 49, 5, '2023-07-05 20:13:31'),
(5980, 101, 50, 4.5, '2023-07-05 20:13:31'),
(5981, 102, 50, 4, '2023-07-05 20:13:31'),
(5982, 103, 50, 4, '2023-07-05 20:13:31'),
(5983, 104, 50, 5, '2023-07-05 20:13:31'),
(5984, 105, 50, 3.5, '2023-07-05 20:13:31'),
(5985, 106, 50, 3.5, '2023-07-05 20:13:31'),
(5986, 107, 50, 4.5, '2023-07-05 20:13:31'),
(5987, 108, 50, 5, '2023-07-05 20:13:31'),
(5988, 109, 50, 4.5, '2023-07-05 20:13:32'),
(5989, 110, 50, 4, '2023-07-05 20:13:32'),
(5990, 111, 50, 3.5, '2023-07-05 20:13:32'),
(5991, 112, 50, 5, '2023-07-05 20:13:32'),
(5992, 113, 50, 4, '2023-07-05 20:13:32');
INSERT INTO `rates` (`id_rate`, `id_product`, `id_user`, `point`, `updated_at`) VALUES
(5993, 114, 50, 4, '2023-07-05 20:13:32'),
(5994, 115, 50, 3.5, '2023-07-05 20:13:32'),
(5995, 116, 50, 4, '2023-07-05 20:13:32'),
(5996, 117, 50, 4.5, '2023-07-05 20:13:32'),
(5997, 118, 50, 5, '2023-07-05 20:13:32'),
(5998, 119, 50, 4.5, '2023-07-05 20:13:32'),
(5999, 120, 50, 4.5, '2023-07-05 20:13:32'),
(6000, 121, 50, 5, '2023-07-05 20:13:32'),
(6001, 122, 50, 3.5, '2023-07-05 20:13:32'),
(6002, 123, 50, 4.5, '2023-07-05 20:13:32'),
(6003, 124, 50, 3.5, '2023-07-05 20:13:32'),
(6004, 125, 50, 5, '2023-07-05 20:13:32'),
(6005, 126, 50, 4, '2023-07-05 20:13:32'),
(6006, 127, 50, 4.5, '2023-07-05 20:13:32'),
(6007, 128, 50, 3.5, '2023-07-05 20:13:32'),
(6008, 129, 50, 3.5, '2023-07-05 20:13:32'),
(6009, 130, 50, 4.5, '2023-07-05 20:13:32'),
(6010, 131, 50, 3.5, '2023-07-05 20:13:32'),
(6011, 132, 50, 4.5, '2023-07-05 20:13:32'),
(6012, 133, 50, 5, '2023-07-05 20:13:32'),
(6013, 134, 50, 4, '2023-07-05 20:13:32'),
(6014, 135, 50, 5, '2023-07-05 20:13:32'),
(6015, 136, 50, 3.5, '2023-07-05 20:13:32'),
(6016, 137, 50, 4, '2023-07-05 20:13:32'),
(6017, 138, 50, 4.5, '2023-07-05 20:13:32'),
(6018, 139, 50, 4, '2023-07-05 20:13:32'),
(6019, 140, 50, 3.5, '2023-07-05 20:13:32'),
(6020, 141, 50, 4.5, '2023-07-05 20:13:32'),
(6021, 142, 50, 4, '2023-07-05 20:13:32'),
(6022, 143, 50, 5, '2023-07-05 20:13:32'),
(6023, 144, 50, 4, '2023-07-05 20:13:32'),
(6024, 145, 50, 5, '2023-07-05 20:13:32'),
(6025, 146, 50, 4.5, '2023-07-05 20:13:32'),
(6026, 147, 50, 5, '2023-07-05 20:13:32'),
(6027, 148, 50, 3.5, '2023-07-05 20:13:32'),
(6028, 149, 50, 5, '2023-07-05 20:13:32'),
(6029, 150, 50, 5, '2023-07-05 20:13:32'),
(6030, 151, 50, 4, '2023-07-05 20:13:32'),
(6031, 152, 50, 3.5, '2023-07-05 20:13:32'),
(6032, 153, 50, 5, '2023-07-05 20:13:32'),
(6033, 154, 50, 4, '2023-07-05 20:13:32'),
(6034, 155, 50, 4.5, '2023-07-05 20:13:32'),
(6035, 156, 50, 4, '2023-07-05 20:13:32'),
(6036, 157, 50, 4.5, '2023-07-05 20:13:32'),
(6037, 158, 50, 4, '2023-07-05 20:13:32'),
(6038, 159, 50, 4, '2023-07-05 20:13:32'),
(6039, 160, 50, 4, '2023-07-05 20:13:32'),
(6040, 161, 50, 4.5, '2023-07-05 20:13:32'),
(6041, 162, 50, 3.5, '2023-07-05 20:13:32'),
(6042, 163, 50, 5, '2023-07-05 20:13:32'),
(6043, 164, 50, 4.5, '2023-07-05 20:13:32'),
(6044, 165, 50, 3.5, '2023-07-05 20:13:32'),
(6045, 166, 50, 4.5, '2023-07-05 20:13:32'),
(6046, 167, 50, 5, '2023-07-05 20:13:32'),
(6047, 168, 50, 4.5, '2023-07-05 20:13:32'),
(6048, 169, 50, 3.5, '2023-07-05 20:13:32'),
(6049, 170, 50, 5, '2023-07-05 20:13:32'),
(6050, 171, 50, 3.5, '2023-07-05 20:13:32'),
(6051, 172, 50, 3.5, '2023-07-05 20:13:32'),
(6052, 173, 50, 4.5, '2023-07-05 20:13:32'),
(6053, 174, 50, 3.5, '2023-07-05 20:13:32'),
(6054, 175, 50, 5, '2023-07-05 20:13:32'),
(6055, 176, 50, 4, '2023-07-05 20:13:32'),
(6056, 177, 50, 3.5, '2023-07-05 20:13:32'),
(6057, 178, 50, 3.5, '2023-07-05 20:13:32'),
(6058, 179, 50, 3.5, '2023-07-05 20:13:32'),
(6059, 180, 50, 5, '2023-07-05 20:13:32'),
(6060, 181, 50, 3.5, '2023-07-05 20:13:32'),
(6061, 182, 50, 4.5, '2023-07-05 20:13:32'),
(6062, 183, 50, 5, '2023-07-05 20:13:32'),
(6063, 184, 50, 4.5, '2023-07-05 20:13:32'),
(6064, 185, 50, 5, '2023-07-05 20:13:32'),
(6065, 186, 50, 5, '2023-07-05 20:13:32'),
(6066, 187, 50, 4.5, '2023-07-05 20:13:32'),
(6067, 188, 50, 4.5, '2023-07-05 20:13:32'),
(6068, 189, 50, 4.5, '2023-07-05 20:13:32'),
(6069, 190, 50, 5, '2023-07-05 20:13:32'),
(6070, 191, 50, 4.5, '2023-07-05 20:13:32'),
(6071, 192, 50, 3.5, '2023-07-05 20:13:32'),
(6072, 193, 50, 5, '2023-07-05 20:13:32'),
(6073, 194, 50, 3.5, '2023-07-05 20:13:32'),
(6074, 195, 50, 4, '2023-07-05 20:13:32'),
(6075, 196, 50, 4, '2023-07-05 20:13:32'),
(6076, 197, 50, 4.5, '2023-07-05 20:13:32'),
(6077, 198, 50, 5, '2023-07-05 20:13:32'),
(6078, 199, 50, 5, '2023-07-05 20:13:32'),
(6079, 200, 50, 3.5, '2023-07-05 20:13:32'),
(6080, 201, 50, 5, '2023-07-05 20:13:32'),
(6081, 202, 50, 5, '2023-07-05 20:13:32'),
(6082, 203, 50, 4.5, '2023-07-05 20:13:32'),
(6083, 204, 50, 4.5, '2023-07-05 20:13:32'),
(6084, 205, 50, 4, '2023-07-05 20:13:32'),
(6085, 206, 50, 5, '2023-07-05 20:13:32'),
(6086, 207, 50, 5, '2023-07-05 20:13:32'),
(6087, 208, 50, 5, '2023-07-05 20:13:32'),
(6088, 209, 50, 5, '2023-07-05 20:13:32'),
(6089, 210, 50, 4.5, '2023-07-05 20:13:32'),
(6090, 211, 50, 3.5, '2023-07-05 20:13:32'),
(6091, 212, 50, 3.5, '2023-07-05 20:13:32'),
(6092, 213, 50, 4.5, '2023-07-05 20:13:32'),
(6093, 214, 50, 5, '2023-07-05 20:13:32'),
(6094, 215, 50, 3.5, '2023-07-05 20:13:32'),
(6095, 216, 50, 5, '2023-07-05 20:13:32'),
(6096, 217, 50, 4, '2023-07-05 20:13:32'),
(6097, 218, 50, 5, '2023-07-05 20:13:32'),
(6098, 219, 50, 4.5, '2023-07-05 20:13:32'),
(6099, 220, 50, 4.5, '2023-07-05 20:13:32'),
(6100, 221, 50, 4.5, '2023-07-05 20:13:32'),
(6101, 222, 50, 4.5, '2023-07-05 20:13:32');

-- --------------------------------------------------------

--
-- Table structure for table `users`
--

CREATE TABLE `users` (
  `id_user` int(11) NOT NULL COMMENT 'Mã user',
  `email` varchar(255) NOT NULL COMMENT 'Địa chỉ email của user',
  `password` varchar(100) NOT NULL COMMENT 'Mật khẩu đăng nhặp của user',
  `role` tinyint(4) NOT NULL DEFAULT 0 COMMENT '0 là khách hàng, 1 là nhân viên, 2 là quản trị',
  `day_registered` timestamp NULL DEFAULT current_timestamp() COMMENT 'Ngày đăng kí tài khoản của user '
) ENGINE=InnoDB DEFAULT CHARSET=utf8mb4 COLLATE=utf8mb4_general_ci;

--
-- Dumping data for table `users`
--

INSERT INTO `users` (`id_user`, `email`, `password`, `role`, `day_registered`) VALUES
(1, 'an0@test.vn', '000', 0, '2023-06-29 03:17:28'),
(2, 'tho1@test.vn', '000', 0, '2023-06-29 03:17:28'),
(3, 'mai2@test.vn', '000', 0, '2023-06-29 03:17:28'),
(4, 'thao3@test.vn', '000', 0, '2023-06-29 03:17:28'),
(5, 'mai4@test.vn', '000', 0, '2023-06-29 03:17:28'),
(6, 'tho5@test.vn', '000', 0, '2023-06-29 03:17:28'),
(7, 'loc6@test.vn', '000', 0, '2023-06-29 03:17:28'),
(8, 'an7@test.vn', '000', 0, '2023-06-29 03:17:28'),
(9, 'phat8@test.vn', '000', 0, '2023-06-29 03:17:28'),
(10, 'an9@test.vn', '000', 0, '2023-06-29 03:17:28'),
(11, 'binh10@test.vn', '000', 0, '2023-06-29 03:17:28'),
(12, 'thao11@test.vn', '000', 0, '2023-06-29 03:17:28'),
(13, 'an12@test.vn', '000', 0, '2023-06-29 03:17:28'),
(14, 'huong13@test.vn', '000', 0, '2023-06-29 03:17:28'),
(15, 'xuan14@test.vn', '000', 0, '2023-06-29 03:17:28'),
(16, 'nam15@test.vn', '000', 0, '2023-06-29 03:17:28'),
(17, 'khang16@test.vn', '000', 0, '2023-06-29 03:17:28'),
(18, 'nam17@test.vn', '000', 0, '2023-06-29 03:17:28'),
(19, 'xuan18@test.vn', '000', 0, '2023-06-29 03:17:28'),
(20, 'khang19@test.vn', '000', 0, '2023-06-29 03:17:28'),
(21, 'khang20@test.vn', '000', 0, '2023-06-29 03:17:28'),
(22, 'phat21@test.vn', '000', 0, '2023-06-29 03:17:28'),
(23, 'phat22@test.vn', '000', 0, '2023-06-29 03:17:28'),
(24, 'nguyen23@test.vn', '000', 0, '2023-06-29 03:17:28'),
(25, 'phat24@test.vn', '000', 0, '2023-06-29 03:17:28'),
(26, 'binh25@test.vn', '000', 0, '2023-06-29 03:17:28'),
(27, 'truong26@test.vn', '000', 0, '2023-06-29 03:17:28'),
(28, 'mai27@test.vn', '000', 0, '2023-06-29 03:17:28'),
(29, 'khang28@test.vn', '000', 0, '2023-06-29 03:17:28'),
(30, 'nguyen29@test.vn', '000', 0, '2023-06-29 03:17:28'),
(31, 'phat30@test.vn', '000', 0, '2023-06-29 03:17:28'),
(32, 'truong31@test.vn', '000', 0, '2023-06-29 03:17:28'),
(33, 'ngan32@test.vn', '000', 0, '2023-06-29 03:17:28'),
(34, 'mai33@test.vn', '000', 0, '2023-06-29 03:17:28'),
(35, 'ngan34@test.vn', '000', 0, '2023-06-29 03:17:28'),
(36, 'ngan35@test.vn', '000', 0, '2023-06-29 03:17:28'),
(37, 'mai36@test.vn', '000', 0, '2023-06-29 03:17:28'),
(38, 'huong37@test.vn', '000', 0, '2023-06-29 03:17:28'),
(39, 'mai38@test.vn', '000', 0, '2023-06-29 03:17:28'),
(40, 'an39@test.vn', '000', 0, '2023-06-29 03:17:28'),
(41, 'mai40@test.vn', '000', 0, '2023-06-29 03:17:28'),
(42, 'an41@test.vn', '000', 0, '2023-06-29 03:17:28'),
(43, 'binh42@test.vn', '000', 0, '2023-06-29 03:17:28'),
(44, 'tho43@test.vn', '000', 0, '2023-06-29 03:17:28'),
(45, 'truong44@test.vn', '000', 0, '2023-06-29 03:17:28'),
(46, 'loc45@test.vn', '000', 0, '2023-06-29 03:17:28'),
(47, 'truong46@test.vn', '000', 0, '2023-06-29 03:17:28'),
(48, 'nam47@test.vn', '000', 0, '2023-06-29 03:17:28'),
(49, 'khang48@test.vn', '000', 0, '2023-06-29 03:17:28'),
(50, 'xuan49@test.vn', '000', 0, '2023-06-29 03:17:28'),
(51, 'quystaff0@test.vn', '123', 1, '2023-06-29 03:17:28'),
(52, 'vystaff1@test.vn', '123', 1, '2023-06-29 03:17:28'),
(53, 'longstaff2@test.vn', '123', 1, '2023-06-29 03:17:28'),
(54, 'thangstaff3@test.vn', '123', 1, '2023-06-29 03:17:28'),
(55, 'minhstaff4@test.vn', '123', 1, '2023-06-29 03:17:28'),
(56, 'hungstaff5@test.vn', '123', 1, '2023-06-29 03:17:28'),
(57, 'huystaff6@test.vn', '123', 1, '2023-06-29 03:17:28'),
(58, 'vyteostaff7@test.vn', '123', 1, '2023-06-29 03:17:28'),
(59, 'thachstaff8@test.vn', '123', 1, '2023-06-29 03:17:28'),
(60, 'admin@laptopstore.com', 'admin', 2, '2023-06-29 03:37:31');

--
-- Indexes for dumped tables
--

--
-- Indexes for table `bills`
--
ALTER TABLE `bills`
  ADD PRIMARY KEY (`id_bill`),
  ADD KEY `id_customer` (`id_customer`);

--
-- Indexes for table `categories`
--
ALTER TABLE `categories`
  ADD PRIMARY KEY (`id_category`);

--
-- Indexes for table `comments`
--
ALTER TABLE `comments`
  ADD PRIMARY KEY (`id_comment`),
  ADD KEY `id_product` (`id_product`),
  ADD KEY `email` (`id_user`),
  ADD KEY `id_user` (`id_user`);

--
-- Indexes for table `customers`
--
ALTER TABLE `customers`
  ADD PRIMARY KEY (`id_customer`),
  ADD KEY `id_user` (`id_user`);

--
-- Indexes for table `detail_bills`
--
ALTER TABLE `detail_bills`
  ADD PRIMARY KEY (`id_detailbill`),
  ADD KEY `id_bill` (`id_bill`),
  ADD KEY `id_product` (`id_product`);

--
-- Indexes for table `products`
--
ALTER TABLE `products`
  ADD PRIMARY KEY (`id_product`),
  ADD KEY `id_category` (`id_category`);

--
-- Indexes for table `rates`
--
ALTER TABLE `rates`
  ADD PRIMARY KEY (`id_rate`),
  ADD KEY `id_product` (`id_product`),
  ADD KEY `email` (`id_user`),
  ADD KEY `id_user` (`id_user`);

--
-- Indexes for table `users`
--
ALTER TABLE `users`
  ADD PRIMARY KEY (`id_user`),
  ADD UNIQUE KEY `email` (`email`);

--
-- AUTO_INCREMENT for dumped tables
--

--
-- AUTO_INCREMENT for table `bills`
--
ALTER TABLE `bills`
  MODIFY `id_bill` int(11) NOT NULL AUTO_INCREMENT COMMENT 'Mã đơn hàng', AUTO_INCREMENT=25;

--
-- AUTO_INCREMENT for table `categories`
--
ALTER TABLE `categories`
  MODIFY `id_category` int(11) NOT NULL AUTO_INCREMENT COMMENT 'Mã loại hàng', AUTO_INCREMENT=4;

--
-- AUTO_INCREMENT for table `comments`
--
ALTER TABLE `comments`
  MODIFY `id_comment` int(11) NOT NULL AUTO_INCREMENT COMMENT 'Mã bình luận', AUTO_INCREMENT=18798;

--
-- AUTO_INCREMENT for table `customers`
--
ALTER TABLE `customers`
  MODIFY `id_customer` int(11) NOT NULL AUTO_INCREMENT, AUTO_INCREMENT=7;

--
-- AUTO_INCREMENT for table `detail_bills`
--
ALTER TABLE `detail_bills`
  MODIFY `id_detailbill` int(11) NOT NULL AUTO_INCREMENT COMMENT 'Mã chi tiết đơn hàng', AUTO_INCREMENT=21;

--
-- AUTO_INCREMENT for table `products`
--
ALTER TABLE `products`
  MODIFY `id_product` int(11) NOT NULL AUTO_INCREMENT COMMENT 'Mã sản phẩm', AUTO_INCREMENT=223;

--
-- AUTO_INCREMENT for table `rates`
--
ALTER TABLE `rates`
  MODIFY `id_rate` int(11) NOT NULL AUTO_INCREMENT COMMENT 'Mã đánh giá', AUTO_INCREMENT=6102;

--
-- AUTO_INCREMENT for table `users`
--
ALTER TABLE `users`
  MODIFY `id_user` int(11) NOT NULL AUTO_INCREMENT COMMENT 'Mã user', AUTO_INCREMENT=61;

--
-- Constraints for dumped tables
--

--
-- Constraints for table `bills`
--
ALTER TABLE `bills`
  ADD CONSTRAINT `bills_ibfk_1` FOREIGN KEY (`id_customer`) REFERENCES `customers` (`id_customer`) ON DELETE CASCADE ON UPDATE CASCADE;

--
-- Constraints for table `comments`
--
ALTER TABLE `comments`
  ADD CONSTRAINT `comments_ibfk_2` FOREIGN KEY (`id_product`) REFERENCES `products` (`id_product`) ON DELETE CASCADE ON UPDATE CASCADE,
  ADD CONSTRAINT `comments_ibfk_3` FOREIGN KEY (`id_user`) REFERENCES `users` (`id_user`) ON DELETE CASCADE ON UPDATE CASCADE;

--
-- Constraints for table `detail_bills`
--
ALTER TABLE `detail_bills`
  ADD CONSTRAINT `detail_bills_ibfk_1` FOREIGN KEY (`id_product`) REFERENCES `products` (`id_product`),
  ADD CONSTRAINT `detail_bills_ibfk_2` FOREIGN KEY (`id_bill`) REFERENCES `bills` (`id_bill`) ON DELETE CASCADE ON UPDATE CASCADE;

--
-- Constraints for table `products`
--
ALTER TABLE `products`
  ADD CONSTRAINT `products_ibfk_1` FOREIGN KEY (`id_category`) REFERENCES `categories` (`id_category`) ON DELETE CASCADE ON UPDATE CASCADE;

--
-- Constraints for table `rates`
--
ALTER TABLE `rates`
  ADD CONSTRAINT `rates_ibfk_2` FOREIGN KEY (`id_product`) REFERENCES `products` (`id_product`) ON DELETE CASCADE ON UPDATE CASCADE,
  ADD CONSTRAINT `rates_ibfk_3` FOREIGN KEY (`id_user`) REFERENCES `users` (`id_user`) ON DELETE CASCADE ON UPDATE CASCADE;
COMMIT;

/*!40101 SET CHARACTER_SET_CLIENT=@OLD_CHARACTER_SET_CLIENT */;
/*!40101 SET CHARACTER_SET_RESULTS=@OLD_CHARACTER_SET_RESULTS */;
/*!40101 SET COLLATION_CONNECTION=@OLD_COLLATION_CONNECTION */;
